<?xml version="1.0" encoding="UTF-8"?>
<window type="dialog">
  <defaultcontrol always="true">3</defaultcontrol>
  <controls>
    <control type="image">
      <bordersize>12</bordersize>
      <bordertexture border="12" colordiffuse="FF707070">landscape.png</bordertexture>
      <colordiffuse>BackgroundColor</colordiffuse>
      <texture>background.png</texture>
      <aspectratio scalediffuse="false">stretch</aspectratio>
      <width>1920</width>
      <height>1080</height>
    </control>
    <control type="group"> <!-- inexistant dans Kodi -->
      <width>1920</width>
      <height>1080</height>
      <control type="group">
        <posx>0</posx>
        <posy>0</posy>
        <animation effect="fade" start="100" end="10" time="400" condition="Control.HasFocus(8)">Conditional</animation>
        <control type="label" id="1">
          <description>Line 1</description>
          <posx>20</posx>
          <posy>20</posy>
          <width>900</width>
          <height>76</height>
          <font>lcdnsub</font>
          <textcolor>white</textcolor>
          <align>center</align>
          <aligny>center</aligny>
        </control>
        <control type="label">
          <posx>1600</posx>
          <posy>23</posy>
          <width>300</width>
          <height>76</height>
          <font>compteur</font>
          <textcolor>lightgreen</textcolor>
          <align>right</align>
          <aligny>center</aligny>
          <label>[COLOR=yellow]$INFO[Container(6).CurrentItem,(,/]$INFO[Container(6).NumItems,,)][/COLOR]</label>
        </control>

        <control type="list" id="6">
          <posx>6</posx>
          <posy>140</posy>
          <width>1900</width>
          <height>900</height>
          <onright>8</onright>
          <onup>6</onup>
          <ondown>6</ondown>


          <itemlayout height="45" width="1900">

            <control type="label">
              <left>10</left>
              <font>acteurs</font>
              <textcolor>yellow</textcolor>
              <width>120</width>
              <align>right</align>
              <aligny>center</aligny>
              <label>$INFO[ListItem.Label2]</label>
              <animation effect="fade" start="100" end="30" time="0" condition="Control.HasFocus(18)">Conditional</animation>
            </control>
            <control type="label">
              <left>140</left>
              <font>impactsongs</font>
              <width>1750</width>
              <align>left</align>
              <aligny>center</aligny>
              <label>$INFO[ListItem.Label]</label>
              <animation effect="fade" start="100" end="30" time="0" condition="Control.HasFocus(18)">Conditional</animation>
            </control>
            <control type="image">
              <top>-2</top>
              <height>2</height>
              <texture>VideoInfoLine.png</texture>
              <colordiffuse>grey</colordiffuse>
            </control>
          </itemlayout>
          <focusedlayout height="45" width="1900">
            <control type="image">
              <align>left</align>
              <aligny>center</aligny>
              <texture>buttonz/ButtonFocus.png</texture>
              <left>15</left>
              <width>1915</width>
              <visible>Control.HasFocus(6)</visible>
            </control>

            <control type="image">
              <top>-2</top>
              <height>3</height>
              <texture>VideoInfoLine.png</texture>
              <colordiffuse>grey</colordiffuse>
            </control>

            <control type="label">
              <left>10</left>
              <font>acteurs</font>
              <width>120</width>
              <align>right</align>
              <aligny>center</aligny>
              <textcolor>yellow</textcolor>
              <label>$INFO[ListItem.Label2]</label>
            </control>
            <control type="label">
              <left>140</left>
              <font>impactsongs</font>
              <width>1750</width>
              <align>left</align>
              <aligny>center</aligny>
              <label>[I]$INFO[ListItem.Label][/I]</label>
            </control>
          </focusedlayout>
        </control>

      </control>
    </control>
    <control type="group"> <!-- liste des manquants -->
      <posx>1000</posx>
      <posy>50</posy>
      <width>850</width>
      <height>1000</height>
      <animation type="Conditional" condition="Control.HasFocus(8)" reversible="false">
        <effect type="slide" start="2620" end="0" time="300"  />
        <effect type="fade" start="0" end="100" time="400"  />
      </animation>
      <animation effect="fade" start="100" end="0" time="0" condition="!Control.HasFocus(8)">Conditional</animation>
      <control type="image">

        <bordersize>12</bordersize>
        <bordertexture border="12" colordiffuse="FF707070">landscape.png</bordertexture>
        <colordiffuse>BackgroundColor</colordiffuse>
        <texture>background.png</texture>
        <aspectratio scalediffuse="false">stretch</aspectratio>
      </control>
      <control type="list" id="8">
        <top>25</top>
        <left>25</left>
        <width>800</width>
        <height>950</height>
        <onleft>6</onleft>
        <onright>6</onright>

        <align>left</align>
        <orientation>vertical</orientation>
        <onup>8</onup>
        <ondown>8</ondown>

        <itemlayout height="200">

          <control type="image">
            <width>240</width>
            <left>-50</left>
            <bordersize>12</bordersize>
            <bordertexture border="12" colordiffuse="FF707070">landscape.png</bordertexture>
            <texture>$INFO[ListItem.Art(poster)]</texture>
            <aspectratio>keep</aspectratio>
          </control>

          <control type="label">
            <left>100</left>
            <font>acteurs</font>
            <textcolor>yellow</textcolor>
            <width>120</width>
            <align>right</align>
            <aligny>center</aligny>
            <label>$INFO[ListItem.Year]</label>
          </control>
          <control type="label">
            <left>230</left>
            <font>impactsongs</font>
            <width>650</width>
            <align>left</align>
            <aligny>center</aligny>
            <label>$INFO[ListItem.Label]</label>
          </control>
          <control type="image">
            <top>-2</top>
            <height>2</height>
            <texture>VideoInfoLine.png</texture>
            <colordiffuse>grey</colordiffuse>
          </control>
        </itemlayout>
        <focusedlayout height="200">
          <control type="image">

            <texture>buttonz/ButtonFocus.png</texture>
            <left>0</left>
            <width>800</width>
            <visible>Control.HasFocus(8)</visible>
          </control>
          <control type="image">
            <left>-50</left>
            <aligny>center</aligny>
            <width>240</width>
            <texture>$INFO[ListItem.Art(poster)]</texture>
            <aspectratio>keep</aspectratio>
            <bordersize>12</bordersize>
            <bordertexture border="12" colordiffuse="FF707070">landscape.png</bordertexture>
          </control>

          <control type="image">
            <top>-2</top>
            <height>3</height>
            <texture>VideoInfoLine.png</texture>
            <colordiffuse>grey</colordiffuse>
          </control>

          <control type="label">
            <left>100</left>
            <font>acteurs</font>
            <width>120</width>
            <align>right</align>
            <aligny>center</aligny>
            <textcolor>yellow</textcolor>
            <label>$INFO[ListItem.Year]</label>
          </control>
          <control type="label">
            <left>230</left>
            <font>impactsongs</font>
            <width>650</width>
            <align>left</align>
            <aligny>center</aligny>
            <label>[I]$INFO[ListItem.Label][/I]</label>
          </control>
        </focusedlayout>
      </control>
    </control>
   
    <control type="group">  <!-- infos détaillées -->
      <posy>50</posy>
      <left>20</left>
      <width>950</width>
      <height>1000</height>
      <visible>Integer.IsGreater(Container(8).NumItems,0)</visible>
      <animation type="Conditional" condition="Control.HasFocus(8)" reversible="false">
        <effect type="slide" start="-1000" end="0" time="300"  />
        <effect type="fade" start="0" end="100" time="400"  />
      </animation>
      <animation effect="fade" start="100" end="0" time="0" condition="!Control.HasFocus(8)">Conditional</animation>
      <control type="image">
        <bordersize>12</bordersize>
        <bordertexture border="12" colordiffuse="FF707070">landscape.png</bordertexture>
        <colordiffuse>BackgroundColor</colordiffuse>
        <texture>background.png</texture>
        <aspectratio scalediffuse="false">stretch</aspectratio>
      </control>
      <control type="grouplist">
        <left>25</left>
        <top>25</top>
        <height>950</height>
        <width>900</width>
        <align>center</align>
        <control type="textbox">
          <align>center</align>
          <height>100</height>
          <width>900</width>
          <include>FontTitre</include>
          <label>$INFO[Container(8).ListItem.Label]</label>
          <textcolor>yellow</textcolor>

        </control>
        <control type="label">
          <align>center</align>
          <height>60</height>
          <width>900</width>
          <include>FontTitre</include>
          <label>($INFO[Container(8).ListItem.Label2])</label>
          <textcolor>white</textcolor>
        </control>
        <control type="image">
          <height>400</height>
          <width>900</width>
          <bordersize>20</bordersize>
          <bordertexture border="20" colordiffuse="FFFFFFFF">frames/Menu_Glass2b.png</bordertexture>
          <texture>$INFO[Container(8).ListItem.Art(poster)]</texture>
          <aspectratio>keep</aspectratio>
          <bordersize>4</bordersize>
        </control>
        <control type="textbox">

          <height>350</height>
          <align>left</align>
          <include>FontPlot</include>
          <shadowcolor>ff000000</shadowcolor>
          <textcolor>TextNF</textcolor>
          <label>$INFO[Container(8).ListItem.Plot]</label>
          <include>SpecialPlotBoxScroll</include>
        </control>
        <control type="textbox">

          <height>50</height>
          <align>center</align>
          <font>METF_InfoTextLarger</font>
          <textcolor>MediaDetailsEpisodes</textcolor>
          <shadowcolor>ff000000</shadowcolor>

          <label>$INFO[Container(8).ListItem.Genre]</label>
        </control>
      </control>
    </control>
    <control type="group">  <!-- dialog supprimer,renommer -->
      <top>250</top>
      <left>1300</left>
      <width>220</width>
      <height>160</height>
      <animation type="Conditional" condition="Control.HasFocus(18)" reversible="false">
        <effect type="slide" start="0,-1000" end="0" time="300" />
        <effect type="fade" start="0" end="100" time="200"  />
      </animation>
      <animation effect="fade" start="100" end="0" time="0" condition="!Control.HasFocus(18)">Conditional</animation>
      <control type="image">
        <width>220</width>
        <height>160</height>
        <texture>frames/Menu_Glass2b.png</texture>
        <colordiffuse>DialogBackgroundColor</colordiffuse>

      </control>
      <control type="list" id="18">
        <left>10</left>
        <top>10</top>
        <width>200</width>
        <height>120</height>
        <onleft>6</onleft>
        <onright>6</onright>
        <align>left</align>
        <orientation>vertical</orientation>
        <onup>8</onup>
        <ondown>8</ondown>
        <animation effect="fade" start="100" end="0" time="0" condition="!Control.HasFocus(18)">Conditional</animation>
        <itemlayout height="40">
          <control type="image">
            <width>40</width>
            <left>-50</left>
            <texture></texture>
          </control>
          <control type="label">
            <left>50</left>
            <font>impactsongs</font>
            <width>450</width>
            <align>left</align>
            <aligny>center</aligny>
            <label>$INFO[ListItem.Label]</label>
          </control>
          <control type="image">
            <top>-2</top>
            <height>2</height>
            <texture>VideoInfoLine.png</texture>
            <colordiffuse>grey</colordiffuse>
          </control>
        </itemlayout>
        <focusedlayout height="40">
          <control type="image">

            <texture>buttonz/ButtonFocus.png</texture>
            <left>0</left>
            <width>800</width>
            <visible>Control.HasFocus(18)</visible>
          </control>

          <control type="image">
            <top>-2</top>
            <height>3</height>
            <texture>VideoInfoLine.png</texture>
            <colordiffuse>grey</colordiffuse>
          </control>

          <control type="image">
            <width>40</width>
            <left>-50</left>
            <texture></texture>
          </control>
          <control type="label">
            <left>50</left>
            <font>impactsongs</font>
            <width>450</width>
            <align>left</align>
            <aligny>center</aligny>
            <label>$INFO[ListItem.Label]</label>
          </control>
        </focusedlayout>

      </control>
    </control>
    <control type="label" id="2">
      <posx>0</posx>
      <posy>0</posy>
      <visible>Control.HasFocus(8)</visible>
      <align>center</align>
      <height>50</height>
      <width>1920</width>
      <include>FontTitre</include>

      <textcolor>white</textcolor>
    </control>
  </controls>
</window>
