<?xml version="1.0" encoding="UTF-8"?>
<window>
	<defaultcontrol always="true">50</defaultcontrol>
	<views>50</views>
	<controls>
		<include>Global_Background</include>

		<control type="group">
			<description>Timers group</description>
			<visible>Control.IsVisible(50)</visible>
			<control type="group">
				<posx>110</posx>
				<posy>60</posy>
				<control type="label">
					<description>Title Header Label</description>
					<posx>0</posx>
					<posy>20</posy>
					<width>300</width>
					<height>20</height>
					<align>center</align>
					<aligny>center</aligny>
					<include>LiveTVLabel</include>
					<label>$LOCALIZE[369]</label>
				</control>
				<control type="label">
					<description>Schedule time header label</description>
					<posx>270</posx>
					<posy>20</posy>
					<width>600</width>
					<height>20</height>
					<align>center</align>
					<aligny>center</aligny>
					<include>LiveTVLabel</include>
					<label>$LOCALIZE[31610]</label>
				</control>
				<control type="label">
					<description>Comment header label</description>
					<posx>840</posx>
					<posy>20</posy>
					<width>200</width>
					<height>20</height>
					<align>center</align>
					<aligny>center</aligny>
					<include>LiveTVLabel</include>
					<label>$LOCALIZE[126]</label>
				</control>
				<control type="image">
					<description>separator image</description>
					<left>0</left>
					<top>50</top>
					<width>1100</width>
					<height>1</height>
					<colordiffuse>88FFFFFF</colordiffuse>
					<texture>VideoInfoLine.png</texture>
				</control>
				<control type="list" id="50">
					<posx>0</posx>
					<posy>55</posy>
					<width>1100</width>
					<height>414</height>
					<onup>50</onup>
					<ondown>50</ondown>
					<onleft>103</onleft>
					<onright>73</onright>
					<pagecontrol>73</pagecontrol>
					<scrolltime>200</scrolltime>
					<itemlayout height="40">
						<control type="label">
							<description>Title Label</description>
							<left>0</left>
							<top>0</top>
							<width>290</width>
							<height>40</height>
							<align>center</align>
							<aligny>center</aligny>
							<include>LiveTVLabel</include>
							<info>ListItem.Label</info>
						</control>
						<control type="label">
							<description>Schedule time label</description>
							<left>270</left>
							<top>0</top>
							<width>590</width>
							<height>40</height>
							<align>center</align>
							<aligny>center</aligny>
							<include>LiveTVLabel</include>
							<info>ListItem.Date</info>
						</control>
						<control type="label">
							<description>Status label</description>
							<left>845</left>
							<top>0</top>
							<width>190</width>
							<height>40</height>
							<align>center</align>
							<aligny>center</aligny>
							<include>LiveTVLabel</include>
							<info>ListItem.Comment</info>
						</control>
					</itemlayout>
					<focusedlayout height="40">
						<description>Focus selection</description>
						<control type="image">
							<posx>0</posx>
							<posy>4</posy>
							<width>1050</width>
							<height>40</height>
							<texture colordiffuse="FocusBar">ButtonFO2Wide2.png</texture>
						</control>
						<control type="label">
							<description>Title Label</description>
							<left>0</left>
							<top>0</top>
							<width>290</width>
							<height>40</height>
							<align>center</align>
							<aligny>center</aligny>
							<include>LiveTVLabel</include>
							<info>ListItem.Label</info>
						</control>
						<control type="label">
							<description>Schedule time label</description>
							<left>270</left>
							<top>0</top>
							<width>590</width>
							<height>40</height>
							<align>center</align>
							<aligny>center</aligny>
							<include>LiveTVLabel</include>
							<info>ListItem.Date</info>
						</control>
						<control type="label">
							<description>Status label</description>
							<left>845</left>
							<top>0</top>
							<width>190</width>
							<height>40</height>
							<align>center</align>
							<aligny>center</aligny>
							<include>LiveTVLabel</include>
							<info>ListItem.Comment</info>
						</control>
					</focusedlayout>
				</control>
				<control type="scrollbar" id="73">
					<posx>1105</posx>
					<posy>50</posy>
					<width>25</width>
					<height>480</height>
					<texturesliderbackground>-</texturesliderbackground>
					<textureslidernibfocus>ScrollBarV_Nib_Focus.png</textureslidernibfocus>
					<onleft>50</onleft>
					<onright>103</onright>
					<ondown>73</ondown>
					<onup>73</onup>
					<showonepage>false</showonepage>
					<orientation>vertical</orientation>
					<visible>Control.IsVisible(50)</visible>
				</control>
				<control type="label">
					<description>Next timer date</description>
					<posx>55</posx>
					<posy>545</posy>
					<width>1010</width>
					<height>30</height>
					<align>center</align>
					<aligny>center</aligny>
					<scroll>true</scroll>
					<include>LiveTVLabel</include>
					<info>$INFO[PVR.NextTimer]</info>
					<visible>PVR.HasTimer</visible>
				</control>
			</control>
		</control>
		
		<!--  Side Buttons -->
		<control type="group">
			<include>Animation_NavMenu</include>
			<include>NavMenuBackground</include>
			<control type="grouplist" id="7000">
				<posx>470</posx>
				<posy>120</posy>
				<width>340</width>
				<height>472</height>
				<itemgap>2</itemgap>
				<onleft>50</onleft>
				<onright>50</onright>
				<visible allowhiddenfocus="true">ControlGroup(7000).HasFocus</visible>
				<include>PVR_SideMenu</include>
				<include>Nav_NowPlaying</include>
			</control>
		</control>

		<include>PVR_Headers</include>
		
		
		
	</controls>
</window>
