<colors>

	<color name="Clear">00FFFFFF</color> <!-- dont change -->
	<color name="Black">FF000000</color>
	<color name="White">FFFFFFFF</color>
	<color name="Red">FFFF0000</color>
	<color name="Blue">FF0000FF</color>
	<color name="Grey">50000000</color>

	<!-- Metropolis Default Colors -->
	<!-- Global Colors -->
	<color name="BackgroundColor">ff404040</color>
	<color name="BackgroundColorWidget">90303030</color>
	<color name="CouleurActeurs">7f404040</color>
	<color name="CouleurPlotFond">A0F0F0F0</color>
	<color name="FanartDiffuse">32FFFFFF</color>
	<color name="FanartDiffuseLight">92FFFFFF</color>			<!-- FanartDiffuse + 0x60 -->
	<color name="Home2FanartDiffuse">77FFFFFF</color>
	<color name="FrameBackgroundDiffuse">dd000000</color>			<!-- bbFFFFFF -->
	<color name="Time">ddFFFFFF</color>
	<color name="TimeAMPM">FF3c95c8</color>
	<color name="Date">FFc89008</color>
	<color name="Temp">FF3c95c8</color>
	<color name="GlobalHeading">FFc89008</color>
	<color name="GlobalHeadingDetails">FFFFFFFF</color>
	<color name="HelpText">FFc89008</color>
	<color name="HelpArrowDiffuse">FF3c95c8</color>
	<color name="TextNF">eeFFFFFF</color>
	<color name="TextFO">FFc89008</color>
	<color name="TextDisabled">FFff5858</color>
	<color name="LowerText">eeFFFFFF</color>
	<color name="ButtonText">ddFFFFFF</color>
	<color name="ButtonDiffuse">89FFFFFF</color>
		
	<!-- Home Screen -->
	<color name="HomeMenuText">ddFFFFFF</color>
	<color name="HomeMenuTextFocused">eef8cd22</color>
	<color name="SubmenuText">ddFFFFFF</color>
	<color name="SubmenuTextFocused">FFc89008</color>
	<color name="RSSText">FFc89008</color>
	<color name="RSSHeadline">FFFFFFFF</color>
	<color name="RSSTitle">FF3c95c8</color>
	<color name="RecentlyAddedNF">eeFFFFFF</color>
	<color name="RecentlyAddedFO">eef8cd22</color>
	<color name="HomeStatsCategory">eef8cd22</color>
	<color name="HomeStatsNumber">ddFFFFFF</color>
	<color name="KodiLogoDiffuse">eeFFFFFF</color>
	<color name="Home2SkinName">FFc89008</color>
	
	<!-- Media Flags -->
	<color name="MediaFlagDiffuse">ddFFFFFF</color>
	<color name="MediaFlagBoxDiffuse">ee7f7f7f</color>
	<color name="RatingStarDiffuse">ee3c95c8</color>
	<color name="IMDbDiffuseTop250">eed0b331</color>
	<color name="IMDbDiffuseVotes">bb3dd76c</color>

	<!-- Viewtypes -->
	<color name="TitleText">FFFFFFFF</color>
	<color name="MediaDetailsInfo">eef8cd22</color>
	<color name="MediaDetailsGenre">FF7bbce1</color>
	<color name="MediaDetailsYear">eef8cd22</color>
	<color name="MediaDetailsDuration">eef8cd22</color>
	<color name="MediaDetailsEpisodes">eef8cd22</color>
	<color name="WatchedOverlay">FFc89008</color>
	<color name="BulletDiffuse">ddFFFFFF</color>
	<color name="ArrowDiffuse">FFc89008</color>
	<color name="BannerFrameNF">ee3c95c8</color>
	<color name="GlassDiffuse">89FFFFFF</color>
	<color name="FocusBar">ff7f7f7f</color>
	<color name="FocusBarText">FFFFFFFF</color>

	<!-- Low List View -->
	<color name="LowListTitle">ddd4c2c2</color>
	<color name="LowListDivider">aaFFFFFF</color>
	
	<!-- Landscape View -->
	<color name="LandscapeDiffuse">89FFFFFF</color>

	<!-- Coverflow View -->
	<color name="PosterDiffuse">89FFFFFF</color>
	
	<!-- Files View -->
	<color name="FilesDividerDiffuse">20FFFFFF</color>
	<color name="FilesStarDiffuse">ff3c95c8</color>
	
	<!-- Settings -->
	<color name="SettingsHeading">FFc89008</color>
	<color name="SettingsDetail">ddFFFFFF</color>
	<color name="SettingsLine">FF727272</color>
	<color name="SettingsTitle">eef8cd22</color>
	
	<!-- Info -->
	<color name="InfoLines">893c95c8</color>
	<color name="MPAADescription">eef8cd22</color>
	
	<!-- OSD -->
	<color name="OSDBackgroundColor">A0101010</color>			<!-- FF3c95c8 -->
	<color name="OSDDialogBackgroundColor">a06eb3ee</color>
	<color name="OSDProgressBar">ddc89008</color>
	<color name="OSDFinishTime">FFFFFFFF</color>
	<color name="OSDPlayerStatusText">ddc89008</color>
	<color name="OSDBookmarkNF">32FFFFFF</color>
	<color name="OSDBookmarkFO">aa3c95c8</color>
	<color name="OSDPlayingDuration">ddc89008</color>
	
	<!-- Dialogs -->
	<color name="DialogBackgroundColor">FF303030</color>
	<color name="DialogBackgroundColorEau">FF505050</color>
	<color name="DialogDropdownColor">ff101010</color>			<!-- FF87d1ff -->
	<color name="DialogProgressBar">FFf8cd22</color>
	<color name="DialogTextFO">eef8cd22</color>

	<!-- Weather -->
	<color name="WeatherBGDiffuse">293c95c8</color>
	<color name="WeatherDay">eef8cd22</color>
	<color name="WeatherHighTemp">eef8cd22</color>
	<color name="WeatherLowTemp">ee3c95c8</color>
	<color name="WeatherHeading">FFc89008</color>
	<color name="WeatherDetails">eeFFFFFF</color>
	
	<!-- Now Playing -->
	<color name="NowPlayingTitle">ddc89008</color>				<!-- Now Playing in large frame on Default home screen -->
	<color name="NowPlayingDetails">FFFFFFFF</color>			<!-- Now Playing in large frame on Default home screen -->
	<color name="NowPlayingTitle2">eef8cd22</color>				<!-- Now Playing text on dropdown -->
	<color name="NowPlayingDetails2">eeFFFFFF</color>			<!-- Now Playing text on dropdown -->

	
	
	
	
	<!-- Alaska Revisited Colors -->

	<!-- Background/Dialog colours -->
	<color name="PicturesDiffuse">52FFFFFF</color>				<!-- Fullscreen Picture background colour and transparency-->
	<color name="DialogBackgroundColour">FFFFFFFF</color>		<!-- dialogback.png colour and transparency -->
	<color name="GlobalColour">FFFFFFFF</color>					<!-- background.png colour - dont change transparency -->
	<color name="GlobalContextColour">32FFFFFF</color>			<!-- Context Menu colour and transparency -->

	<!-- Global colours -->
	<color name="GlobalDialog">FF686868</color>
	<color name="GlobalDialogDetails">FF686868</color>
	<color name="NowPlayingWindowFocus">FF0000ff</color>
	

</colors>
