<?xml version="1.0" encoding="UTF-8"?>
<window id="136">
	<animation type="WindowOpen" reversible="false">
		<effect type="zoom" start="80" end="100" center="auto" delay="200" easing="out" tween="back" time="300" />
		<effect type="fade" delay="200" start="0" end="100" time="300" />
	</animation>
	<animation type="WindowClose" reversible="false">
		<effect type="zoom" start="100" end="80" center="auto" easing="in" tween="back" time="300" />
		<effect type="fade" start="100" end="0" time="300" />
	</animation>
	<controls>
	  <control type="image">
	    <posx>0</posx>
	    <posy>0</posy>
	    <width>1920</width>
	    <height>1080</height>
	    <texture>black.png</texture>
	    <colordiffuse>7F7F7F7F</colordiffuse>
	  </control>
		<control type="group">
			<posx>885</posx>
			<posy>615</posy>
			
			<control type="image">
				
				<width>260</width>
				<height>150</height>
				<texture>sablier.gif</texture>
				<!--
				<texture>dialogs/dialog_busyicon.png</texture>
				<colordiffuse>-</colordiffuse>
				<animation effect="rotate" start="360" end="0" center="auto" time="2500" loop="true" condition="true">conditional</animation>
				-->
			</control>
			
		</control>
	</controls>
</window>
