<?xml version="1.0" encoding="UTF-8"?>
<window id="145">
	<defaultcontrol>11</defaultcontrol>
	<depth>DepthOSD+</depth>
	<coordinates>
		<left>340</left>
		<top>10</top>
	</coordinates>
	<include>Animation_OpenCloseFade</include>
	<controls>
		<control type="group">
			<posx>0</posx>
			<posy>0</posy>
			<control type="image">
				<description>Background Panel</description>
				<width>600</width>
				<height>215</height>
				<texture>frames/dialog_glass2.png</texture>
				<colordiffuse>OSDDialogBackgroundColor</colordiffuse>
			</control>
			<control type="label" id="10">
				<description>Heading</description>
				<posx>50</posx>
				<posy>30</posy>
				<width>500</width>
				<height>44</height>
				<label></label>
				<align>center</align>
				<aligny>center</aligny>
				<font>METF_Menu</font>
				<textcolor>DialogTextFO</textcolor>
				<focusedcolor>TextFO</focusedcolor>
				<selectedcolor>TextNF</selectedcolor>
				<disabledcolor>TextDisabled</disabledcolor>
			</control>
			<control type="label" id="12">
				<description>Label</description>
				<posx>50</posx>
				<posy>80</posy>
				<width>500</width>
				<height>44</height>
				<label></label>
				<align>left</align>
				<aligny>center</aligny>
				<font>METF_DialogLarge</font>
				<textcolor>TextNF</textcolor>
				<focusedcolor>TextFO</focusedcolor>
				<selectedcolor>TextNF</selectedcolor>
				<disabledcolor>TextDisabled</disabledcolor>
			</control>
			<control type="slider" id="11">
				<description>Slider</description>
				<posx>50</posx>
				<posy>125</posy>
				<width>500</width>
				<height>15</height>
				<onup>noop</onup>
				<ondown>noop</ondown>
				<onleft>11</onleft>
				<onright>11</onright>
				<texturefocus>-</texturefocus>
				<texturenofocus>-</texturenofocus> -->
				<texturesliderbar>osd/slider_bg_2.png</texturesliderbar>
				<textureslidernib border="2">osd/slidernibnf.png</textureslidernib>
				<textureslidernibfocus border="2">osd/slidernibfo.png</textureslidernibfocus>
			</control>
		</control>
	</controls>
</window>
