<?xml version="1.0" encoding="UTF-8"?>

<window type="dialog" id="2003">
  <defaultcontrol always="true">8</defaultcontrol>
  <onload>SetFocus(7003,8)</onload>
  <onload>SetProperty(IconMixUpdateActeurs,"1",10000)</onload>
  <onload>SetProperty(IconMixUpdateSagas,"1",10000)</onload>
  <onload>SetProperty(IconMixAide,"",10000)</onload>
  <onload>SetProperty(IconMixArt,"",10000)</onload>
  <onunload>SetProperty(IconMixUpdateActeurs,"",10000)</onunload>
  <onload>SetProperty(showgenre,,12003)</onload>
  <onload>SetProperty(showsaga,,12003)</onload>
   <onunload>SetProperty(showgenre,,12003)</onunload>
  <onunload>SetProperty(showsaga,,12003)</onunload>
  
  
  <onunload>SetProperty(IconMixDirector,,Home)</onunload>
<!-- <onload>RunScript(script.iconmixtools,updateacteursinf=True&idkodi=$INFO[ListItem.DBID]&idtmdb=$INFO[ListItem.Property(TMDBNumber)])</onload> -->

<controls>
  <include>ActeursRolesFanart</include>

  <control type="group">
    <posx>40</posx>
    <posy>5</posy>
    <animation type="Conditional"  condition="Control.HasFocus(5052)|Control.HasFocus(7778)|Control.HasFocus(7779)|Control.HasFocus(7781)|!String.IsEmpty(Window(10000).Property(IconMixArt))" reversible="false">
      <effect type="fade" end="0"   time="500" delay="10" />
    </animation>


    <!-- Control Buttons -->

    <control type="group">
      <left>-50</left>
      <animation type="Focus"  reversible="false">
        <effect type="slide" start="-250" end="0" tween="easy" easy="out"  time="500" delay="200" />
      </animation>
      <animation type="UnFocus"  reversible="false">
        <effect type="slide" start="0" end="-250" tween="easy" easy="out"  time="500" delay="200" />
      </animation>




      <!--- boutons -->
      <control type="grouplist" id="7003">

        <width>210</width>
        <posx>1710</posx>
        <aligny>top</aligny>
        <align>center</align>
        <onleft condition="!String.IsEmpty(Window(12003).Property(showgenre))+System.HasAddon(script.iconmixtools)+Control.HasFocus(5005)">5001</onleft>
        <onleft condition="!String.IsEmpty(Window(12003).Property(showsaga))+System.HasAddon(script.iconmixtools)+Control.HasFocus(5006)">1999</onleft>


        <include>VideoInfoButtonText</include>
        <itemgap>5</itemgap>
        <onfocus>2099</onfocus>

        <orientation>vertical</orientation>



        <!-- accéder à la série -->
        <control type="group" id="2099">
          <visible>!String.IsEmpty(ListItem.DBID)+String.Contains(ListItem.DbType,tvshow)</visible>
          <include>videoinfobuttonfond</include>
          <control type="button" id="500">
            <ondown>2100</ondown>
            <onup>2110</onup>
            <onfocus>SetProperty(ICDBID,$INFO[ListItem.DBID],10000)</onfocus>
            <include>VideoInfoButton</include>
            <texturenofocus>buttons/button_browse.png</texturenofocus> -->
            <texturefocus>buttons/button_browsefo.png</texturefocus>
            <onfocus>SetProperty(showsaga,,12003)</onfocus>
            <onfocus>SetProperty(showgenre,,12003)</onfocus>
            <onfocus>SetProperty(IconmixAide,$LOCALIZE[32017],12003)</onfocus>
            <onclick>Dialog.Close(all,true)</onclick>
            <onclick>ActivateWindow(10025,videodb://tvshows/titles/$INFO[Window(10000).Property(ICDBID)]/-2/,return)</onclick>

            <include>Animation_ButtonFocus</include>
          </control>
        </control>
        <!-- Play -->
        <control type="group" id="2100">
          <visible>!String.IsEmpty(ListItem.DBID)+!String.Contains(ListItem.DbType,tvshow)</visible>
          <include>videoinfobuttonfond</include>

          <control type="button" id="8">
            <ondown>2101</ondown>
            <onup>2099</onup>

            <include>VideoInfoButton</include>
            <texturenofocus>buttons/button_play.png</texturenofocus> -->
            <texturefocus>buttons/button_playfo.png</texturefocus>
            <onfocus>SetProperty(showsaga,,12003)</onfocus>
            <onfocus>SetProperty(showgenre,,12003)</onfocus>
            <onfocus>SetProperty(IconmixAide,$LOCALIZE[31244],12003)</onfocus>
            <include>Animation_ButtonFocus</include>
          </control>
        </control>

        <!-- Trailer -->
        <control type="group" id="2101">
          <visible>!System.HasAddon(script.iconmixtools)+!String.IsEmpty(ListItem.Trailer)+!Player.HasVideo</visible>
          <include>videoinfobuttonfond</include>
          <control type="button" id="11">
            <include>VideoInfoButton</include>
            <texturenofocus>buttons/button_trailer.png</texturenofocus>
            <texturefocus>buttons/button_trailerfo.png</texturefocus>
            <include>Animation_ButtonFocus</include>

            <onfocus>SetProperty(showsaga,,12003)</onfocus>
            <onfocus>SetProperty(showgenre,,12003)</onfocus>
          </control>
        </control>
        <control type="group" id="2102">
          <visible>!System.HasAddon(script.iconmixtools)+String.IsEmpty(ListItem.Trailer)+!Player.HasVideo</visible>
          <include>videoinfobuttonfond</include>
          <control type="button" id="440">
            <include>VideoInfoButton</include>
            <texturenofocus>buttons/button_cherche.png</texturenofocus>
            <texturefocus>buttons/button_cherchefo.png</texturefocus>
            <include>Animation_ButtonFocus</include>

            <onclick>Action(Close)</onclick>
            <onfocus>SetProperty(showsaga,,12003)</onfocus>
            <onfocus>SetProperty(showgenre,,12003)</onfocus>
            <onclick>ActivateWindow(videos,plugin://plugin.video.youtube/kodion/search/query/?q=$INFO[ListItem.Label]+Trailer,return)</onclick>

          </control>
        </control>
        <control type="group" id="2103">
          <visible>System.HasAddon(script.iconmixtools)+!Player.HasVideo</visible>

          <include>videoinfobuttonfond</include>

          <control type="grouplist" id="442">
            <top>15</top>
            <height>90</height>
            <width>200</width>
            <itemgap>-2</itemgap>
            <align>right</align>
            <orientation>horizontal</orientation>
            <visible>Skin.HasSetting(BAfenetre)</visible>
            <ondown>2104</ondown>


            <!-- Fullscreen -->
            <control type="button" id="1001">
              <ondown>2104</ondown>
              <onup>2102</onup>
              <label></label>
              <altlabel>-</altlabel>
              <height>60</height>
              <width>60</width>
              <aspectratio>stretch</aspectratio>
              <align>center</align>
              <aligny>center</aligny>
              <texturenofocus>buttons/bawin.png</texturenofocus>
              <texturefocus>buttons/bawinfo.png</texturefocus>
              <include>Animation_ButtonFocus</include>
              <onfocus>SetProperty(showsaga,,1100)</onfocus>
              <onfocus>SetProperty(showgenre,,1100)</onfocus>
              <onfocus>SetProperty(IconmixAide,$LOCALIZE[31335],12003)</onfocus>
              <onclick condition="!Skin.HasSetting(BAfenetre)">Skin.ToggleSetting(BAfenetre)</onclick>
              <onclick>SetFocus(7003,0)</onclick>
              <onclick>setProperty(iconmixgettrailer,dbid:$INFO[ListItem.DBID]*imdbnumber:$INFO[ListItem.ImdbNumber],10000)</onclick>

            </control>
            <!-- fenetre -->
            <control type="button" id="1000">
              <ondown>2104</ondown>
              <onup>2102</onup>
              <label></label>
              <altlabel>-</altlabel>
              <height>60</height>
              <width>60</width>
              <aspectratio>stretch</aspectratio>
              <align>center</align>
              <aligny>center</aligny>
              <texturenofocus>buttons/bafull.png</texturenofocus>
              <texturefocus>buttons/bafullfo.png</texturefocus>
              <onfocus>SetProperty(showsaga,,1100)</onfocus>
              <onfocus>SetProperty(showgenre,,1100)</onfocus>
              <include>Animation_ButtonFocus</include>
              <onfocus>SetProperty(IconmixAide,$LOCALIZE[32015],12003)</onfocus>
              <onclick condition="Skin.HasSetting(BAfenetre)">Skin.ToggleSetting(BAfenetre)</onclick>
              <onclick>SetFocus(7003,0)</onclick>
              <onclick>setProperty(iconmixgettrailer,dbid:$INFO[ListItem.DBID]*imdbnumber:$INFO[ListItem.ImdbNumber],10000)</onclick>
            </control>


          </control>


          <control type="grouplist" id="442">
            <top>15</top>
            <height>90</height>
            <width>200</width>
            <itemgap>-2</itemgap>
            <align>right</align>
            <orientation>horizontal</orientation>
            <visible>!Skin.HasSetting(BAfenetre)</visible>


            <!-- Fullscreen -->
            <control type="button" id="1000">
              <ondown>2104</ondown>
              <onup>2102</onup>
              <label></label>
              <altlabel>-</altlabel>
              <height>60</height>
              <width>60</width>
              <aspectratio>stretch</aspectratio>
              <align>center</align>
              <aligny>center</aligny>
              <texturenofocus>buttons/bafull.png</texturenofocus>
              <texturefocus>buttons/bafullfo.png</texturefocus>
              <onfocus>SetProperty(showsaga,,1100)</onfocus>
              <onfocus>SetProperty(showgenre,,1100)</onfocus>
              <onfocus>SetProperty(IconmixAide,$LOCALIZE[32015],12003)</onfocus>
              <include>Animation_ButtonFocus</include>
              <onclick condition="Skin.HasSetting(BAfenetre)">Skin.ToggleSetting(BAfenetre)</onclick>
              <onclick>SetFocus(7003,0)</onclick>
              <!--  <onclick>RunScript(script.iconmixtools,trailer=True)</onclick> -->
              <onclick>setProperty(iconmixgettrailer,dbid:$INFO[ListItem.DBID],10000)</onclick>
            </control>

            <!-- fenetre -->

            <control type="button" id="1001">
              <ondown>2104</ondown>
              <onup>2102</onup>
              <label></label>
              <altlabel>-</altlabel>
              <height>60</height>
              <width>60</width>
              <aspectratio>stretch</aspectratio>
              <align>center</align>
              <aligny>center</aligny>
              <texturenofocus>buttons/bawin.png</texturenofocus>
              <texturefocus>buttons/bawinfo.png</texturefocus>
              <include>Animation_ButtonFocus</include>
              <onfocus>SetProperty(showsaga,,1100)</onfocus>
              <onfocus>SetProperty(showgenre,,1100)</onfocus>
              <onfocus>SetProperty(IconmixAide,$LOCALIZE[31335],12003)</onfocus>
              <onclick condition="!Skin.HasSetting(BAfenetre)">Skin.ToggleSetting(BAfenetre)</onclick>
              <onclick>SetFocus(7003,0)</onclick>
              <onclick>setProperty(iconmixgettrailer,dbid:$INFO[ListItem.DBID]*imdbnumber:$INFO[ListItem.ImdbNumber],10000)</onclick>

            </control>

          </control>
          <control type="image">
            <top>25</top>
            <left>80</left>
            <height>60</height>
            <width>60</width>
            <texture>buttons/check.png</texture>
          </control>
        </control>

        <!-- Calendrier -->
        <control type="group" id="2104">
         <!-- <visible>[String.Contains(ListItem.DbType,tvshow)|String.Contains(ListItem.DbType,episode)]+Integer.IsGreater(Container(8888).NumItems,0)</visible>
          <enable>Integer.IsGreater(Container(8888).NumItems,0)</enable>
          -->
          <visible>String.Contains(ListItem.DbType,tvshow)|String.Contains(ListItem.DbType,episode)</visible>
          <visible>Integer.IsGreater(Container(8888).NumItems)</visible>
          <include>videoinfobuttonfond</include>
          <control type="button" id="5007">
            <include>VideoInfoButton</include>
            <texturenofocus>buttons/button_calendrier.png</texturenofocus> -->
            <texturefocus>buttons/button_calendrierfo.png</texturefocus>
            <include>Animation_ButtonFocus</include>
            <!-- <onfocus condition="!Integer.IsGreater(Container(8888).NumItems,0)">2100</onfocus> -->
            <onfocus>SetProperty(showsaga,,12003)</onfocus>
            <onfocus>SetProperty(showgenre,,12003)</onfocus>
            <onfocus>SetProperty(IconmixAide,$LOCALIZE[32024],12003)</onfocus>
            <ondown>2105</ondown>
            <onup>2103</onup>
            <onclick>SetProperty(IconmixShowGuide,1,10000)</onclick>
          </control>
        </control>



      
       <!-- Artwork Downloader Button + Choose Art -->
        <control type="group" id="2105">
        <!--   <visible>System.HasAddon(script.iconmixtools)+!Player.HasVideo</visible> -->
        


        <include>videoinfobuttonfond</include>

        <control type="grouplist" id="445">
          <top>15</top>
          <height>90</height>
          <left>80</left>
          <width>120</width>
          <itemgap>-2</itemgap>
          <align>right</align>
          <orientation>horizontal</orientation>
        <ondown>2106</ondown>
        <onup>2104</onup>
        <!-- Artwork Downloader Button -->
        <control type="button" id="20">
          <visible>System.HasAddon(script.artwork.downloader) + [Container.Content(movies) | Container.Content(tvshows)]+Integer.IsGreater(ListItem.DBID,0)</visible>
          <label></label>
          <altlabel>-</altlabel>
          <height>60</height>
          <width>60</width>
          <aspectratio>stretch</aspectratio>
          <align>center</align>
          <aligny>center</aligny>         
          <texturenofocus>buttons/button_artwork.png</texturenofocus>
          <texturefocus>buttons/button_artworkfo.png</texturefocus>
          
          <onclick condition="Container.Content(tvshows)">RunScript(script.artwork.downloader, mode=gui, mediatype=tvshow, dbid=$INFO[ListItem.DBID])</onclick>
          <onclick condition="Container.Content(movies)">RunScript(script.artwork.downloader, mode=gui, mediatype=movie, dbid=$INFO[ListItem.DBID])</onclick>
          <include>Animation_ButtonFocus</include>
          <onfocus>SetProperty(showsaga,,12003)</onfocus>
          <onfocus>SetProperty(showgenre,,12003)</onfocus>
          <onfocus>SetProperty(IconmixAide,$LOCALIZE[31936],12003)</onfocus>
        </control>

         <!-- Artwork Downloader Button iconmix -->
        <control type="button" id="119">
          <visible>System.HasAddon(script.iconmixtools) + [Container.Content(movies) | Container.Content(tvshows)]+Integer.IsGreater(ListItem.DBID,0)</visible>
          <label></label>
          <altlabel>-</altlabel>
          <height>60</height>
          <width>60</width>
          <aspectratio>stretch</aspectratio>
          <align>center</align>
          <aligny>center</aligny>
          
          <texturenofocus>buttons/button_artworkiconmix.png</texturenofocus>
          <texturefocus>buttons/button_artworkiconmixfo.png</texturefocus>
          <!-- <onclick>SetProperty(IconmixArt,"oui",12003)</onclick> -->
          <onclick>RunScript(script.iconmixtools,mettreajour=True&id=$INFO[ListItem.DBID]&label=$INFO[ListItem.Title]&type=$INFO[ListItem.DBTYPE])</onclick>
         
          <include>Animation_ButtonFocus</include>
          <onfocus>SetProperty(showsaga,,12003)</onfocus>
          <onfocus>SetProperty(showgenre,,12003)</onfocus>
          <onfocus>SetProperty(IconmixAide,$LOCALIZE[31937],12003)</onfocus>
        </control>
        
        <!-- Choose Art  -->
        <control type="button" id="10">
          <label></label>
          <altlabel>-</altlabel>
          <height>60</height>
          <width>60</width>
          <aspectratio>stretch</aspectratio>
          <align>center</align>
          <aligny>center</aligny>
          <include>VideoInfoButton</include>
          <texturenofocus>buttons/button_fanart.png</texturenofocus> 
          <texturefocus>buttons/button_fanartfo.png</texturefocus>
          <include>Animation_ButtonFocus</include>
          <onfocus>SetProperty(showsaga,,12003)</onfocus>
          <onfocus>SetProperty(showgenre,,12003)</onfocus>
          <onfocus>SetProperty(IconmixAide,$LOCALIZE[13511],12003)</onfocus>
        </control>-->
      </control>



    </control>




    <!-- Genres -->
    <control type="group" id="2106">
      <visible>!String.IsEmpty(ListItem.Genre)+System.HasAddon(script.iconmixtools)+!String.Contains(ListItem.Filenameandpath,plugin:)+[Container.Content(movies) | Container.Content(tvshows) | Container.Content(episodes) | Container.Content(musicvideos)]</visible>
      <include>videoinfobuttonfond</include>
      <control type="button" id="5005">
        <description>Extras</description>

        <ondown>2107</ondown>
        <onup>2105</onup>
        <include>VideoInfoButton</include>
        <texturenofocus>buttons/button_genres.png</texturenofocus>
        <texturefocus>buttons/button_genresfo.png</texturefocus>
        <include>Animation_ButtonFocus</include>
        <onfocus>SetProperty(showgenre,1,12003)</onfocus>
        <onfocus>SetProperty(showsaga,,12003)</onfocus>
        <onfocus>SetProperty(IconmixAide,$LOCALIZE[32002],12003)</onfocus>
        <onclick>setfocus(5001)</onclick>
        <label></label>

      </control>
    </control>-->
    <!-- Sagas -->
    <control type="group" id="2107">
      <visible>Integer.IsGreater(Container(1999).NumItems,0)+System.HasAddon(script.iconmixtools)+!String.Contains(ListItem.Filenameandpath,plugin:)+[Container.Content(movies) | Container.Content(tvshows) | Container.Content(episodes) | Container.Content(musicvideos)]</visible>
      <include>videoinfobuttonfond</include>
      <control type="button" id="5006">
        <ondown>2108</ondown>
        <onup>2106</onup>
        <description>Extras</description>
        <include>VideoInfoButton</include>
        <texturenofocus>buttons/button_saga.png</texturenofocus>
        <texturefocus>buttons/button_sagafo.png</texturefocus>
        <include>Animation_ButtonFocus</include>
        <onfocus>SetProperty(showsaga,1,12003)</onfocus>
        <onfocus>SetProperty(showgenre,,12003)</onfocus>
        <onfocus>SetProperty(IconmixAide,$LOCALIZE[31931],12003)</onfocus>
        <onclick>Dialog.Close(all,true)</onclick>
        <onclick condition="!String.IsEmpty(Container(1999).ListItem.setid)+Container.Content(movies)">ActivateWindow(Videos,videodb://movies/sets/$INFO[Container(1999).ListItem.setid],return)</onclick>
        <onclick condition="String.IsEmpty(Container(1999).ListItem.setid)+!String.IsEmpty(Container(1999).ListItem.Property(SetId))+Container.Content(movies)">ActivateWindow(Videos,videodb://movies/sets/$INFO[Container(1999).ListItem.Property(SetId)],return)</onclick>
        <label></label>

      </control>
    </control>
    <!-- Refresh -->
    <control type="group" id="2108">
      <visible>!String.Contains(ListItem.Filenameandpath,plugin:)</visible>
      <include>videoinfobuttonfond</include>
      <control type="button" id="6">
        <include>VideoInfoButton</include>
        <texturenofocus>buttons/button_refresh.png</texturenofocus> -->
        <texturefocus>buttons/button_refreshfo.png</texturefocus>
        <include>Animation_ButtonFocus</include>
        <onfocus>SetProperty(showsaga,,12003)</onfocus>
        <onfocus>SetProperty(showgenre,,12003)</onfocus>
        <onfocus>SetProperty(IconmixAide,$LOCALIZE[184],12003)</onfocus>
        <ondown>2109</ondown>
        <onup>2107</onup>
      </control>
    </control>
    <!-- notation perso -->
    <control type="group" id="2109">
      <include>videoinfobuttonfond</include>
      <control type="button" id="7">
        <include>VideoInfoButton</include>
        <texturenofocus>buttons/button_rating.png</texturenofocus>
        <texturefocus>buttons/button_ratingfo.png</texturefocus>
        <onfocus>SetProperty(IconmixAide,$LOCALIZE[31755],12003)</onfocus>
        <include>Animation_ButtonFocus</include>
        <ondown>2110</ondown>
        <onup>2108</onup>
      </control>
    </control>

    <!-- quitter -->
    <control type="group" id="2110">

      <include>videoinfobuttonfond</include>
      <control type="button" id="600">
        <include>VideoInfoButton</include>
        <texturenofocus>buttons/button_exit.png</texturenofocus> -->
        <texturefocus>buttons/button_exitfo.png</texturefocus>
        <onfocus>SetProperty(showsaga,,12003)</onfocus>
        <onfocus>SetProperty(showgenre,,12003)</onfocus>
        <onfocus>SetProperty(IconmixAide,$LOCALIZE[15067],12003)</onfocus>
        <include>Animation_ButtonFocus</include>
        <onclick>Close</onclick>
        <ondown>2100</ondown>
        <onup>2109</onup>
      </control>
    </control>

    <!-- texte d'aide -->
    <control type="group" id="2120">

      <width>210</width>
      <height>100</height>

      <control type="image" id="888">
        <left>5</left>
        <colordiffuse>BackgroundColorWidget</colordiffuse>
        <texture>frames/fondbuttons.png</texture>
        <bordersize>8</bordersize>
        <bordertexture border="8">landscape.png</bordertexture>
      </control>
      <control type="label">
        <top>5</top>
        <height>80</height>
        <width>110</width>
        <left>90</left>
        <align>center</align>
        <aligny>center</aligny>
        <font>lcdep</font>
        <textcolor>yellow</textcolor>
        <wrapmultiline>true</wrapmultiline>
        <label>$INFO[Window(12003).Property(IconmixAide)]</label>

      </control>
      <!--
      <control type="button" id="600">

      <texturenofocus>buttons/button_exit.png</texturenofocus>
      <texturefocus>buttons/button_exitfo.png</texturefocus>
      <onfocus>SetProperty(showsaga,,12003)</onfocus>
      <onfocus>SetProperty(showgenre,,12003)</onfocus>
      <include>Animation_ButtonFocus</include>
      <onclick>Close</onclick>
      <ondown>2100</ondown>
      <onup>2110</onup>
    </control>-->
  </control>


</control>
</control>

<!-- FOND -->
<control type="image">
  <posx>0</posx>
  <posy>0</posy>
  <width>1750</width>
  <height>1065</height>
  <bordersize>12</bordersize>
  <bordertexture border="12" colordiffuse="FF707070">landscape.png</bordertexture>
  <colordiffuse>BackgroundColor</colordiffuse>
  <texture>background.png</texture>
  <aspectratio scalediffuse="false">stretch</aspectratio>
</control>
<control type="group">

  <animation type="Conditional"  condition="[ControlGroup(7003).HasFocus(5007)|Control.HasFocus(8888)]+Integer.IsGreater(Container(8888).NumItems,0)" reversible="false">
    <effect type="fade" start="100" end="60"   time="150" delay="1" />
  </animation>


  <!-- Titre et diverses infos -->
  <control type="group">
    <posx>50</posx>
    <posy>0</posy>

    <include>Animation_CommonFade</include>
    <include>Animation_OpenCloseFade</include>
    <!-- Title 
<control type="fadelabel">
        <left>50</left>
      <posy>20</posy>
      <width>1550</width>
      <height>30</height>
      <aligny>center</aligny>
      <align>center</align>
      <shadowcolor>ff000000</shadowcolor>
      <scrollout>false</scrollout>
      <pauseatend>200</pauseatend>
      <scrollspeed>20</scrollspeed>
      <include>FontTitre</include>
      <textcolor>TextNF</textcolor>
      <label>$VAR[ListItemTitle]</label>
    </control>
-->
<control type="grouplist">
  <left>50</left>
  <top>4</top>
<width>1550</width>
<align>center</align>
<orientation>horizontal</orientation>
<control type="button">
  
<width max="1550" min="600">auto</width>
            <height>85</height>                       
            <texturefocus colordiffuse="BackgroundColor">frames/bandeautitre.png</texturefocus>
            <texturenofocus colordiffuse="BackgroundColor">frames/bandeautitre.png</texturenofocus>                   
          <align>center</align>
          <aligny>center</aligny>
          <include>FontTitre</include>
      <label>$VAR[ListItemTitle]</label>
          <focusedcolor></focusedcolor>
          <disabledcolor>TextDisabled</disabledcolor>
          <textoffsetx>25</textoffsetx>
          <textoffsety>8</textoffsety>
</control>
</control>

    <!-- telex debug --

    <control type="label">
    <posx>10</posx>
    <posy>700</posy>
    <width>1600</width>
    <label>Variable:$INFO[Window(Home).Property(ItemCountry1)]**************$INFO[container(5001).ListItem.Icon]</label>
    </control>
    <control type="button">
    <width max="1890">auto</width>
    <height>30</height>
    <left>0</left>
    <posy>900</posy>
    <label>$INFO[Container(1998).NumItems]</label>
    <textcolor>FF404040</textcolor>
    <shadowcolor>FF7F7F7F</shadowcolor>
    <textoffsetx>45</textoffsetx>
    <texturefocus colordiffuse="AFFFFFFF">acteurs/framenombulle.png</texturefocus>
    </control>
    -->


    <!-------------------------------partie gauche basse ----------------------------------------->

    <!-- Genre et épisodes....-->
    <control type="grouplist">
      <posy>625</posy>
      <width>350</width>
      <height>400</height>
      <itemgap>2</itemgap>
     
     
          <control type="button">
            <visible>Integer.IsGreater(Container(5001).NumItems,0)</visible>
            <label>$INFO[Container(5001).ListItemAbsolute(0).Label]</label> 
            <include>commondialoggenrebutton</include>
          </control>
          <control type="button">
            <visible>Integer.IsGreater(Container(5001).NumItems,1)</visible>            
            <label>$INFO[Container(5001).ListItemAbsolute(1).Label]</label>
           <include>commondialoggenrebutton</include>
          </control>
          <control type="button">
            <visible>Integer.IsGreater(Container(5001).NumItems,2)</visible>            
            <label>$INFO[Container(5001).ListItemAbsolute(2).Label]</label>
            <include>commondialoggenrebutton</include>
          </control>
          <control type="button">
            <visible>Integer.IsGreater(Container(5001).NumItems,3)</visible>            
            <label>$INFO[Container(5001).ListItemAbsolute(3).Label]</label>
           <include>commondialoggenrebutton</include>
          </control>
          <control type="button">
            <visible>Integer.IsGreater(Container(5001).NumItems,4)</visible>            
            <label>$INFO[Container(5001).ListItemAbsolute(4).Label]</label>
            <include>commondialoggenrebutton</include>
          </control>
          
       
        
        
      
      
<!--
      <control type="textbox">
        <width>415</width>
        <height max="70">auto</height>
        <align>left</align>
        <font>METF_InfoTextLarger</font>
        <textcolor>MediaDetailsGenre</textcolor>
        <label>$INFO[ListItem.Genre]</label>
        <visible>!String.IsEmpty(ListItem.Genre)</visible>
      </control>
       Episode premiere diffusion 
      <control type="label">
        <width>415</width>
        <align>left</align>
        <font>METF_InfoTextLarger</font>
        <textcolor>MediaDetailsInfo</textcolor>
        <label>$LOCALIZE[20416] $INFO[ListItem.Premiered]</label>
        <visible>!String.IsEmpty(ListItem.Premiered)</visible>
      </control>-->

      <!--- total général des épisodes --->
      <control type="label">
        <width>415</width>
        <height>30</height>
        <align>left</align>
        <label>Total : $INFO[ListItem.Property(NumEpisodes)] $LOCALIZE[20360]</label>
        <font>METF_InfoTextLarger</font>
        <textcolor>MediaDetailsEpisodes</textcolor>
        <visible>[Container.Content(tvshows) + !String.IsEmpty(ListItem.Property(NumEpisodes))] + !String.IsEmpty(ListItem.Property(UnWatchedEpisodes))</visible>
      </control>
      <!-- TVShows Number of Episodes -->
      <control type="label">
        <width>415</width>
        <height>30</height>
        <align>left</align>
        <font>METF_InfoTextLarger</font>
        <textcolor>MediaDetailsEpisodes</textcolor>
        <label>Total : $INFO[ListItem.Property(TotalEpisodes)] $LOCALIZE[20360]</label>
        <visible>Container.Content(seasons) + !String.IsEmpty(ListItem.Property(TotalEpisodes))</visible>
      </control>
      <control type="label">
        <width>415</width>
        <height>30</height>
        <align>left</align>
        <font>METF_InfoTextLarger</font>
        <textcolor>MediaDetailsEpisodes</textcolor>
        <label>$INFO[ListItem.Property(WatchedEpisodes)] $LOCALIZE[16102] / $INFO[ListItem.Property(UnWatchedEpisodes)] $LOCALIZE[16101]</label>
        <visible>Container.Content(seasons) | Container.Content(tvshows)</visible>
      </control>


      <!-- Episode Watched Status -->
      <control type="label">
        <height>30</height>
        <width>415</width>
        <align>left</align>
        <font>METF_InfoTextLarger</font>
        <textcolor>MediaDetailsEpisodes</textcolor>
        <label>Statut : [COLOR=white]$INFO[Window(Home).Property(IconMixTvStatus)][/COLOR]</label>
        <visible>String.Contains(ListItem.DBTYPE,tvshow)|String.Contains(ListItem.DBTYPE,episode)</visible>
      </control>
    </control>

    <!----------------------------------------------------------------------------------------------------->


    <!-- realisateur --
    <control type="group">
      <animation effect="zoom"  center="1387,534" end="115" tween="cubic" time="500" condition="Control.HasFocus(13)|Control.HasFocus(7777)" >Conditional</animation>

      <posy>440</posy>
      <posx>1130</posx>

      <control type="image">
        <width>545</width>
        <height>150</height>
        <aspectratio>stretch</aspectratio>

        <texture>flags/realcadre.png</texture>
        <colordiffuse>OSDBackgroundColor</colordiffuse>
      </control>
      <control type="image">
        <top>5</top>
        <left>-565</left>
        <height>140</height>
        <texture diffuse="acteurs/frame2.png" fallback="defaultactor.png" default="defaultactor.png">$INFO[Window(Home).Property(IconMixDirector)]</texture>
        <aspectratio scalediffuse="true">keep</aspectratio>
      </control>
      <control type="image">
        <top>50</top>
        <left>270</left>
        <height>100</height>
        <texture>flags/realisateur.png</texture>
        <aspectratio scalediffuse="true">keep</aspectratio>
      </control>


      <control type="button" id="7778">
        <include>ControlesRealisateur</include>
      </control>
      <control type="button" id="7777">
        <top>0</top>
        <onleft condition="Integer.IsGreater(Container(1999).NumItems,0)+!String.IsEmpty(Window(12003).Property(showsaga))">setFocus(1999)</onleft>
        <onleft condition="!String.IsEmpty(Window(12003).Property(showgenre))">setFocus(5001)</onleft>
        <onleft condition="String.IsEmpty(Window(12003).Property(showsaga))+String.IsEmpty(Window(12003).Property(showgenre))">setFocus(7781)</onleft>

        <onright>7003</onright>
        <onup>7003</onup>
        <onback>7003</onback>
        <ondown condition="Integer.IsGreater(Container(1999).NumItems,0)+!String.IsEmpty(Window(12003).Property(showsaga))">setFocus(1999)</ondown>
        <ondown condition="Integer.IsGreater(Container(5001).NumItems,0)+!String.IsEmpty(Window(12003).Property(showgenre))">setFocus(5001)</ondown>
        <ondown condition="String.IsEmpty(Window(12003).Property(showsaga))+String.IsEmpty(Window(12003).Property(showgenre))">setFocus(7781)</ondown>
      <onclick>SetFocus(7778)</onclick>
      <left>120</left>
      <width>380</width>
      <height>88</height>
      <align>center</align>
      <aligny>top</aligny>
      <scroll>true</scroll>
      <scrollout>false</scrollout>
      <font>impact35</font>
      <textcolor>FFFFFFFF</textcolor>
      <focusedcolor>yellow</focusedcolor>
      <label>[I]$INFO[ListItem.Director][/I]</label>
    </control>

    <visible> !String.IsEmpty(ListItem.Director)</visible>
  </control>
  -->
 
  <!------------------------------- emplacement de la vidéo ----------------------------------------->
  <control type="group">
    <posy>927</posy>
    <posx>0</posx>
    <control type="image">
      <width>40</width>
      <height>40</height>
      <aspectratio>stretch</aspectratio>
      <texture>flags/explorer.png</texture>
    </control>
    <control type="fadelabel">
      <left>60</left>
      <width>1500</width>
      <height>40</height>
      <align>left</align>
      <aligny>center</aligny>
      <scroll>true</scroll>
      <scrollout>false</scrollout>
      <pauseatend>1000</pauseatend>
      <font>METF_PlotTextMedium</font>
      <textcolor>MPAADescription</textcolor>
      <label>$INFO[ListItem.FilenameAndPath]</label>
    </control>
    <visible> !String.IsEmpty(ListItem.FilenameAndPath)+Skin.HasSetting(ShowFilePath)</visible>
  </control>
  <!------------------------------- prochain épisode ----------------------------------------->
  <control type="label">
    <posx>450</posx>
    <posy>950</posy>
    <width>950</width>
    <height>60</height>
    <align>center</align>
    <font>comic24</font>
    <textcolor>TextNF</textcolor>
    <label>[COLOR=yellow]$INFO[Window(Home).Property(MonNextAired.NextDay)][/COLOR] :[COLOR=white] $INFO[Window(Home).Property(MonNextAired.NextTitle)] [I]$INFO[Window(Home).Property(MonNextAired.NextEpisode),(,)][/I][/COLOR][COLOR=red]$INFO[Window(Home).Property(MonNextAired.IsFinal)][/COLOR]</label>
    <visible>Container.Content(TVShows) + !String.IsEmpty(Window(Home).Property(MonNextAired.NextDay))</visible>
  </control>


</control>
<!-- poster et fanart-->
<control type="group">
  <posx>35</posx>
  <posy>115</posy>
  <control type="group">

    <include>Animation_CommonFade</include>
    <include>Animation_OpenCloseFade</include>
    <!-- Default Poster Image -->
    <control type="image">
      <width>360</width>
      <height>500</height>
      <texture background="true" fallback="DefaultThumb.png">$VAR[PosterThumb]</texture>
      <aspectratio align="center" aligny="center">keep</aspectratio>
      <bordersize>20</bordersize>
                <bordertexture border="20" colordiffuse="FFFFFFFF">frames/menu_glass2b.png</bordertexture>
      <aspectratio scalediffuse="true" align="center" aligny="center">keep</aspectratio>
      <animation effect="zoom" center="auto" start="40" end="100" time="400" tween="cubic" easing="inout">WindowOpen</animation>
      <animation effect="fade" start="0" end="0" time="0">WindowClose</animation>
    </control>


  </control>


</control>
<include>GlobalBackgroundVideoInfo</include>

<control type="group">
  <posx>360</posx>
  <posy>0</posy>

  <include>Animation_CommonFade</include>
  <include>Animation_OpenCloseFade</include>
  <!-- Plot -->
  <control type="textbox">

    <posx>60</posx>
    <posy>120</posy>
    <width>1250</width>
    <height>500</height>
    <align>left</align>
    <include>FontPlot</include>
    <shadowcolor>ff000000</shadowcolor>
    <textcolor>TextNF</textcolor>
    <label fallback="161">$INFO[ListItem.Plot]</label>
    <include>SpecialPlotBoxScroll</include>
  </control>
  <!--- acteurs --->
  <control type="group">
    <visible>!ControlGroup(7003).HasFocus(5005)+!ControlGroup(7003).HasFocus(5006)+!Control.HasFocus(5001)+!Control.HasFocus(1999)+String.IsEmpty(Window(12003).Property(showgenre))+String.IsEmpty(Window(12003).Property(showsaga))</visible>
   <animation effect="fade" start="0" end="100" time="300" >Visible</animation>
    <animation effect="fade" start="100" end="0" time="300" >Hidden</animation>
    <posx>60</posx>
    <posy>612</posy>
    <width>1250</width>
    <height>380</height>

    <!-- acteurs -->
    <control type="group">
      <posx>10</posx>
      <posy>176</posy>
      <visible>Integer.IsGreater(Container(1998).NumItems,0)</visible>
      <control type="image">
        <posx>-70</posx>
        <width>1380</width>
        <height>130</height>
        <texture>frames/submenubar.png</texture>
        <colordiffuse>BackgroundColor</colordiffuse>
      </control>
      <control type="image">
        <posx>-75</posx>
        <posy>76</posy>
        <width>1375</width>
        <height>68</height>
        <bordersize>8</bordersize>
        <bordertexture border="8" colordiffuse="FF707070">landscape.png</bordertexture>
        <colordiffuse>BackgroundColor</colordiffuse>
        <texture>frames/fondinfogris.png</texture>
      </control>
    </control>

    <!-- -->
    <control type="image">
      <align>center</align>
      <posy>150</posy>
      <posx>1260</posx>
      <width>50</width>
      <height>50</height>
      <texture>sablier.gif</texture>
      <visible>Container(1998).IsUpdating</visible>
    </control>

    <control type="grouplist">
      <visible>String.IsEmpty(ListItem.Director)</visible>
      <visible>Integer.IsGreater(Container(1998).NumItems,0)</visible>
      <width>1250</width>
      <height>380</height>
      <onfocus>SetFocus(7781)</onfocus>
      <ondown>7003</ondown>
      <orientation>horizontal</orientation>
      <include content="PPActeurs">
        <param name="ItemId">0</param>
        <param name="Width1">250</param>
        <param name="reflet">True</param>
      </include>
      <include content="PPActeursListe">
        <param name="Width2">250</param>
        <param name="reflet">True</param>
      </include>
    </control>
    <control type="grouplist">
      <visible>!String.IsEmpty(ListItem.Director)</visible>
      <visible>Integer.IsGreater(Container(1998).NumItems,0)</visible>
      <width>1000</width>
      <height>380</height>
      <onfocus>SetFocus(7781)</onfocus>
      <ondown>7003</ondown>
      <orientation>horizontal</orientation>
      <include content="PPActeurs">
        <param name="ItemId">0</param>
        <param name="Width1">250</param>
        <param name="reflet">True</param>
      </include>
      <include content="PPActeursListe">
        <param name="Width2">250</param>
        <param name="reflet">True</param>
      </include>
    </control>
  </control>
  
    
 

  <!-------------------------------------GENRES ET SAGAS------------------------------------------------------------------------->
  <control type="group" id="5000">
    <!-- +!String.IsEmpty(Window(12003).Property(showgenre)) -->
    <visible>System.HasAddon(script.iconmixtools)+[[!String.IsEmpty(ListItem.Genre)]|[!String.IsEmpty(Window(12003).Property(showsaga))]]</visible>
    <animation effect="fade" start="0" end="100" time="300" >Visible</animation>
    <animation effect="fade" start="100" end="0" time="300" >Hidden</animation>

    <posx>60</posx>
    <posy>612</posy>
    <width>1250</width>
    <height>380</height>

    <control type="group">
      <posx>10</posx>
      <posy>176</posy>
      <visible>[[Integer.IsGreater(Container(5001).NumItems,0)+!String.IsEmpty(Window(12003).Property(showgenre))]|[Integer.IsGreater(Container(1999).NumItems,0)+!String.IsEmpty(Window(12003).Property(showsaga))]]</visible>
      <control type="image">
        <posx>-70</posx>
        <width>1380</width>
        <height>130</height>
        <texture>frames/submenubar.png</texture>
        <colordiffuse>BackgroundColor</colordiffuse>
      </control>
      <control type="image">
        <posx>-75</posx>
        <posy>76</posy>
        <width>1375</width>
        <height>68</height>
        <bordersize>8</bordersize>
        <bordertexture border="8" colordiffuse="FF707070">landscape.png</bordertexture>
        <colordiffuse>BackgroundColor</colordiffuse>
        <texture>frames/fondinfogris.png</texture>
      </control>


      <control type="label">
        <posy>110</posy>
        <width>1230</width>
        <height>30</height>
        <textcolor>white</textcolor>
        <align>right</align>
        <font>lcdn24</font>
        <label>$LOCALIZE[32002]</label>
        <visible>!String.IsEmpty(Window(12003).Property(showgenre))+!Control.HasFocus(5001)</visible>
      </control>
      <control type="label">
        <posy>110</posy>
        <width>1230</width>
        <height>30</height>
        <textcolor>white</textcolor>
        <align>right</align>
        <font>lcdn24</font>
        <label>$LOCALIZE[31909]</label>
        <visible>!String.IsEmpty(Window(12003).Property(showsaga))+!Control.HasFocus(1999)</visible>
      </control>
      <control type="group">
        <visible>!String.IsEmpty(Window(12003).Property(showgenre))+Control.HasFocus(5001)</visible>
        <control type="label">
          <posy>110</posy>
          <width>1230</width>
          <height>30</height>
          <textcolor>white</textcolor>
          <align>right</align>
          <font>lcdn24</font>
          <label>$LOCALIZE[32002] [I]($INFO[Container(5001).CurrentItem]/$INFO[Container(5001).NumItems])[/I]</label>
        </control>
        <control type="fadelabel">
          <posy>80</posy>
          <width>1230</width>
          <height>60</height>
          <align>center</align>
          <textcolor>yellow</textcolor>
          <font>chicken36</font>
          <scrollspeed>30</scrollspeed>
          <scroll>true</scroll>
          <label>[I][B]$INFO[Container(5001).ListItem.Label][/B][/I]</label>
          <shadowcolor>ff000000</shadowcolor>
        </control>
      </control>
      <control type="group">
        <visible>!String.IsEmpty(Window(12003).Property(showsaga))+Control.HasFocus(1999)</visible>
        <control type="label">
          <posy>110</posy>
          <width>1230</width>
          <height>30</height>
          <textcolor>white</textcolor>
          <align>right</align>
          <font>lcdn24</font>
          <label>[I]($INFO[Container(1999).CurrentItem]/$INFO[Container(1999).NumItems])[/I]</label>
        </control>
        <control type="fadelabel">
          <posy>80</posy>
          <width>1230</width>
          <height>60</height>
          <align>center</align>
          <textcolor>yellow</textcolor>
          <font>chicken36</font>
          <scrollspeed>30</scrollspeed>
          <scroll>true</scroll>
          <label>[I][B]$INFO[Container(1999).ListItem.Label][/B][/I] $INFO[Container(1999).ListItem.Year,(,)]</label>
          <shadowcolor>ff000000</shadowcolor>
        </control>
      </control>
    </control>


    <!-- GENRES -->
    <control type="fixedlist" id="5001">
      <animation effect="fade" start="100" end="0" time="0" condition="String.IsEmpty(Window(12003).Property(showgenre)) + !Control.HasFocus(5001)">Conditional</animation>

     <!--  <visible>!String.IsEmpty(ListItem.Genre)+!String.IsEmpty(Window(12003).Property(showgenre))</visible> -->
      <posy>-10</posy>
      <posx>25</posx>
      <width>1200</width>
      <height>266</height>
      <onclick>ClearProperty(IconmixFlagPanelEpisode,Home)</onclick>
      <onclick>Dialog.Close(all,true)</onclick>
      <onclick condition="Container.Content(movies)">ActivateWindow(Videos,videodb://movies/genres/$INFO[ListItem.Label2],return)</onclick>
      <onclick condition="Container.Content(tvshows)">ActivateWindow(Videos,videodb://tvshows/genres/$INFO[ListItem.Label2],return)</onclick>

      <ondown>7003</ondown>
      <onup>7777</onup>
      <onback>7003</onback>
      <movement>5</movement>
      <orientation>horizontal</orientation>
      <preloaditems>0</preloaditems>

      <itemlayout width="203" height="280" >
        <control type="group">
          <control type="image">
            <width>195</width>
            <height>240</height>
            <aspectratio scalediffuse="true"  align="center" aligny="center">keep</aspectratio>
            <bordersize>2</bordersize>
            <texture diffuse="showcase_matte.png">$INFO[ListItem.Icon]</texture>
          </control>
          <control type="label">
            <top>200</top>
            <left>25</left>
            <width>145</width>
            <font>lcdep</font>
            <align>center</align>
            <label>$INFO[ListItem.Label]</label>
            <visible>String.Contains(ListItem.Icon,vignette)</visible>
          </control>
          <control type="image">
            <top>237</top>
            <width>195</width>
            <height>240</height>
            <aspectratio scalediffuse="true"  align="center" flipy="true" aligny="top">keep</aspectratio>
            <bordersize>2</bordersize>
            <texture fallback="frames/iconvignette.png" flipy="true" diffuse="showcase_matte.png">$INFO[ListItem.Icon]</texture>
            <colordiffuse>A0FFFFFF</colordiffuse>
          </control>


        </control>

      </itemlayout>

      <focusedlayout width="203" height="280">
        <control type="group">
          <animation type="Focus" reversible="false">
            <effect type="zoom" center="90,10" start="98" end="115" time="500" tween="bounce" easy="out"  />
          </animation>
          <visible>Control.HasFocus(5001)</visible>
          <control type="image">
            <width>195</width>
            <height>240</height>
            <aspectratio scalediffuse="true" align="center" aligny="top">keep</aspectratio>
            <texture fallback="frames/iconvignette.png">$INFO[ListItem.Icon]</texture>
            <bordersize>8</bordersize>
            <bordertexture border="8">landscape.png</bordertexture>

          </control>
          <control type="label">
            <top>200</top>
            <left>25</left>
            <width>145</width>
            <font>lcdep</font>
            <align>center</align>
            <label>$INFO[ListItem.Label]</label>
            <visible>String.Contains(ListItem.Icon,vignette)</visible>
          </control>
        </control>
        <control type="group">
        <!-- <visible>!Control.HasFocus(5001)+!String.IsEmpty(ListItem.Icon)</visible> -->
        <visible>!Control.HasFocus(5001)</visible>
        <control type="image">
          <width>195</width>
          <height>240</height>
          <aspectratio scalediffuse="true"  align="center" aligny="top">keep</aspectratio>
          <bordersize>2</bordersize>
          <texture fallback="frames/iconvignette.png" diffuse="showcase_matte.png">$INFO[ListItem.Icon]</texture>
        </control>
        <control type="image">
          <top>237</top>
          <width>195</width>
          <height>240</height>
          <aspectratio scalediffuse="true"  align="center" flipy="true" aligny="top">keep</aspectratio>
          <bordersize>2</bordersize>
          <texture fallback="frames/iconvignette.png" flipy="true" diffuse="showcase_matte.png">$INFO[ListItem.Icon]</texture>
          <colordiffuse>A0FFFFFF</colordiffuse>
        </control>
        <control type="label">
          <top>200</top>
          <left>25</left>
          <width>145</width>
          <font>lcdep</font>
          <align>center</align>
          <label>$INFO[ListItem.Label]</label>
          <visible>String.Contains(ListItem.Icon,vignette)</visible>
        </control>
      </control>

    </focusedlayout>

  <!-- <content>$VAR[genredialogvideoinfo]</content> -->
  <content>plugin://script.iconmixtools/?action=getgenrelist&id=$INFO[ListItem.DBID]&genretype=$INFO[ListItem.DBTYPE]</content>


</control>

<!-- SAGAS -->
<control type="fixedlist" id="1999">
  <visible>Integer.IsGreater(Container(1999).NumItems,0)+!String.IsEmpty(Window(12003).Property(showsaga))</visible>
  <posy>30</posy>
  <posx>45</posx>
  <width>1200</width>
  <height>266</height>
  <onclick>ClearProperty(IconmixFlagPanelEpisode,Home)</onclick>
  <onclick>Dialog.Close(all,true)</onclick>
  <onclick>ActivateWindow(Videos,videodb://movies/sets/$INFO[ListItem.SetId]/?setid=$INFO[ListItem.SetId],return)</onclick>



  <ondown>7003</ondown>
  <onup>7777</onup>
  <onback>7003</onback>
  <movement>5</movement>
  <orientation>horizontal</orientation>
  <preloaditems>0</preloaditems>


  <include>VueElementsBoitiersInfo</include>
  <content sortby="year" sortorder="ascending"></content>

</control>


</control>

<!--------------------------------------------------------------------------------------------------------------->
  <!-- realisateur -->
  <control type="group">
      <visible>!String.IsEmpty(ListItem.Director)+!Control.HasFocus(5005)+!Control.HasFocus(5006)</visible>
      <animation effect="zoom"  center="1255,622" end="115" tween="cubic" time="500" condition="Control.HasFocus(13)|Control.HasFocus(7777)" >Conditional</animation>
      <animation effect="fade" start="0" end="100" time="300" >Visible</animation>
    <animation effect="fade" start="100" end="0" time="300" >Hidden</animation>
      <posy>622</posy>
      <posx>1130</posx>
      <control type="image">
          <top>5</top>
          <left>30</left>          
          <width>175</width>
          <height>220</height>
        <texture diffuse="acteurs/frame2.png" fallback="defaultactor.png" default="defaultactor.png">$INFO[Window(Home).Property(IconMixDirector)]</texture>
        <aspectratio scalediffuse="true">keep</aspectratio>
      </control>
      <control type="image">
          <description>Actor image</description>
          <top>220</top>
          <left>30</left> 
          <align>center</align>
          <width>175</width>
          <height>220</height>
          <texture flipy="true" diffuse="acteurs/reflect_poster2.png" fallback="defaultactor.png" default="defaultactor.png">$INFO[Window(Home).Property(IconMixDirector)]</texture>
        <aspectratio scalediffuse="true">keep</aspectratio>
      </control>
      <control type="image">
        <top>150</top>
        <left>-290</left>
        <height>100</height>
        <texture>flags/realisateur.png</texture>
        <aspectratio scalediffuse="true">keep</aspectratio>
      </control>
      <control type="image">
        <left>40</left>
        <top>45</top>
        <animation type="Conditional" loop="true" condition="true">
          <effect type="fade"  start="100" end="0"  time="1500" delay="1000" reversible="false"/>
        </animation>
        <height>25</height>
        <texture>buttons/okba.png</texture>
        
        <aspectratio>keep</aspectratio>
        <visible>Control.hasFocus(7777)</visible>
      </control>
      <control type="button" id="7778">
        <include>ControlesRealisateur</include>
      </control>
      <control type="button" id="7777">
        <top>250</top>
        <onleft condition="Integer.IsGreater(Container(1999).NumItems,0)+!String.IsEmpty(Window(12003).Property(showsaga))">setFocus(1999)</onleft>
        <onleft condition="!String.IsEmpty(Window(12003).Property(showgenre))">setFocus(5001)</onleft>
        <onleft condition="String.IsEmpty(Window(12003).Property(showsaga))+String.IsEmpty(Window(12003).Property(showgenre))">setFocus(7781)</onleft>

        <onright>7003</onright>
        <onup>7003</onup>
        <onback>7003</onback>
        <ondown condition="Integer.IsGreater(Container(1999).NumItems,0)+!String.IsEmpty(Window(12003).Property(showsaga))">setFocus(1999)</ondown>
        <ondown condition="Integer.IsGreater(Container(5001).NumItems,0)+!String.IsEmpty(Window(12003).Property(showgenre))">setFocus(5001)</ondown>
        <ondown condition="String.IsEmpty(Window(12003).Property(showsaga))+String.IsEmpty(Window(12003).Property(showgenre))">setFocus(7781)</ondown>
        <onclick>SetFocus(7778)</onclick>
        <left>5</left>
        <width>240</width>
        <height>88</height>
        <align>center</align>
        <aligny>top</aligny>
        <scroll>true</scroll>
        <scrollout>false</scrollout>
        <font>impact35</font>
        <textcolor>FFFFFFFF</textcolor>
        <focusedcolor>green</focusedcolor>
        <label>$INFO[ListItem.Director]</label>
      </control>
  </control>
-->
<!-- Year and Duration -->
<control type="image">
  <posx>1290</posx>
  <posy>23</posy>
  <align>center</align>
  <width>75</width>
  <height>75</height>
  <texture>flags/notation/pnote$INFO[ListItem.UserRating].png</texture>
  <aspectratio>keep</aspectratio>
  <visible>!String.IsEmpty(ListItem.UserRating)</visible>
</control>
<control type="image">
  <posx>1180</posx>
  <posy>28</posy>
  <visible>!String.IsEmpty(Window(Home).Property(ItemCountry1))+String.IsEmpty(Window(Home).Property(ItemCountry2))</visible>
  <width>100</width>
  <height>65</height>
  <texture background="true"  >$VAR[flagpath]$INFO[Window(Home).Property(ItemCountry1)]$VAR[flagpathext]</texture>
  <aspectratio aligny="center">scale</aspectratio>
</control>
<control type="label">
  <posx>980</posx>
  <posy>90</posy>
  <width>500</width>
  <align>center</align>
  <label>$INFO[Window(Home).Property(ItemCountry1)]</label>
  <visible>!String.IsEmpty(Window(Home).Property(ItemCountry1))+String.IsEmpty(Window(Home).Property(ItemCountry2))</visible>
</control>

<control type="group">
  <visible>!String.IsEmpty(Window(Home).Property(ItemCountry1))+!String.IsEmpty(Window(Home).Property(ItemCountry2))</visible>
  <posx>1180</posx>
  <posy>28</posy>
  <control type="image">
    <width>50</width>
    <height>32</height>
    <texture background="true"  >$VAR[flagpath]$INFO[Window(Home).Property(ItemCountry1)]$VAR[flagpathext]</texture>
    <aspectratio aligny="center">scale</aspectratio>
  </control>
  <control type="image">
    <top>40</top>
    <width>50</width>
    <height>32</height>
    <texture background="true"  >$VAR[flagpath]$INFO[Window(Home).Property(ItemCountry2)]$VAR[flagpathext]</texture>
    <aspectratio aligny="center">scale</aspectratio>
  </control>
  <control type="image">
    <width>50</width>
    <left>55</left>
    <height>32</height>
    <texture background="true"  >$VAR[flagpath]$INFO[Window(Home).Property(ItemCountry3)]$VAR[flagpathext]</texture>
    <aspectratio aligny="center">scale</aspectratio>
  </control>
  <control type="image">
    <top>40</top>
    <left>55</left>
    <width>50</width>
    <height>32</height>
    <texture background="true"  >$VAR[flagpath]$INFO[Window(Home).Property(ItemCountry4)]$VAR[flagpathext]</texture>
    <aspectratio aligny="center">scale</aspectratio>
  </control>

</control>


</control>



<control type="group">
  <posy>980</posy>
  <posx>15</posx>
  <width>1750</width>
  <animation type="Conditional" condition="true" reversible="true">
    <effect type="zoom" center="890,1020" start="100" end="80" time="10" />
  </animation>
    <include>MediaInfoGroupUp</include>

</control>
</control>

<control type="image">
  <posx>0</posx>
  <posy>0</posy>
  <width>1920</width>
  <height>1080</height>
  <texture>$VAR[GlobalFanartActeur]</texture>
  <visible>[Control.HasFocus(7778)|Control.HasFocus(7779)]+[!Player.HasVideo|[Player.HasVideo+!Skin.HasSetting(PlayVideoOverlay)]]</visible>
</control>

<control type="image">
  <animation type="Visible">
    <effect type="fade" time="100" start="0" end="80" />
  </animation>
  <posx>0</posx>
  <posy>0</posy>
  <width>1920</width>
  <height>1080</height>
  <texture>background.png</texture>
  <visible>Player.HasVideo+String.IsEqual(Window(Home).Property(annonceencours),window)</visible>
</control>
</control>

<!--- liste diffusions -->
<control type="group">
  <visible>String.Contains(ListItem.DbType,tvshow)|String.Contains(ListItem.DbType,episode)</visible>
  <posy>250</posy>
  <left>1920</left>

  <animation type="Conditional"  condition="[ControlGroup(7003).HasFocus(5007)|Control.HasFocus(8888)]+Integer.IsGreater(Container(8888).NumItems,0)" reversible="true">
    <effect type="slide" start="0,0" end="-1020,0" tween="easy" easy="out"  time="250" delay="10" />
  </animation>


  <control type="image">
    <left>-10</left>
    <height>550</height>
    <width>890</width>
    <bordersize>25</bordersize>
    <bordertexture border="25" colordiffuse="FFFFFFFF">frames/menu_glass2b.png</bordertexture>
    <texture background="true" >background.png</texture>
    <colordiffuse>BackgroundColor</colordiffuse>
  </control>
  <!--
  <control type="label">
  <width>415</width>
  <align>left</align>
  <font>METF_InfoTextLarger</font>
  <textcolor>MediaDetailsEpisodes</textcolor>
  <label>$INFO[Window(Home).Property(IconMixTvNetwork)]</label>
  </control>
  -->
  <control type="image">
    <left>700</left>
    <top>-75</top>

    <width>150</width>
    <height>150</height>
    <aspectratio>keep</aspectratio>
    <texture>resource://resource.images.studios.white/$INFO[Window(Home).Property(IconMixTvNetwork)].png</texture>


  </control>

  <control type="label">
    <width>880</width>
    <top>30</top>
    <align>center</align>
    <font>comic36</font>
    <color>lightgrey</color>
    <label>$LOCALIZE[32023] ($INFO[Container(8888).NumItems] $LOCALIZE[20360])</label>
  </control>
  <control type="scrollbar" id="17">
    <description>My first scroll bar control</description>
    <left>855</left>
    <top>60</top>
    <width>20</width>
    <height>440</height>
    <visible>true</visible>
    <texturesliderbackground></texturesliderbackground>
    <textureslidernibfocus>scrollbarv_nib_focus.png</textureslidernibfocus>
    <textureslidernib>scrollbarvinfo.png</textureslidernib>
    <onleft>17</onleft>
    <showonepage>false</showonepage>
    <orientation>vertical</orientation>
    <pulseonselect></pulseonselect>

    <onright>2104</onright>
  </control>
  <control type="image">
    <posx>50</posx>
    <posy>80</posy>
    <width>780</width>
    <height>6</height>
    <aligny>center</aligny>
    <texture>videoinfoline.png</texture>
    <colordiffuse>yellow</colordiffuse>
  </control>
  <control type="image">
    <left>195</left>
    <colordiffuse>white</colordiffuse>
    <top>86</top>
    <width>4</width>
    <height>430</height>
    <texture>videoinfolinevertical.png</texture>

  </control>
  <control type="image">
    <left>700</left>
    <top>86</top>
    <width>4</width>
    <height>430</height>
    <texture>videoinfolinevertical.png</texture>
    <colordiffuse>white</colordiffuse>
  </control>
  <control type="fixedlist" id="8888">
    <posy>86</posy>
    <left>40</left>
    <pagecontrol>17</pagecontrol>
    <width>780</width>
    <height>430</height>
    <onright>2104</onright>
    <orientation>vertical</orientation>
    <itemlayout width="780" height="40">
      <control type="label">
        <width>140</width>
        <left>10</left>
        <align>justify</align>
        <font>exptext</font>
        <shadowcolor>FF5F5F5F</shadowcolor>
        <textcolor>lightgrey</textcolor>
        <label>$INFO[ListItem.Label2]</label>

      </control>
      <control type="label">
        <left>155</left>
        <width>495</width>
        <align>center</align>
        <font>exptext</font>
        <shadowcolor>FF5F5F5F</shadowcolor>
        <textcolor>yellow</textcolor>
        <label>$INFO[ListItem.Label]</label>
      </control>
      <control type="label">
        <left>670</left>
        <width>120</width>
        <align>left</align>
        <font>exptext</font>
        <shadowcolor>FF5F5F5F</shadowcolor>
        <textcolor>lightgrey</textcolor>
        <label>$INFO[ListItem.Icon]</label>
      </control>
      <control type="image">
        <left>10</left>
        <posy>37</posy>
        <width>780</width>
        <height>2</height>
        <aligny>center</aligny>
        <texture>videoinfoline.png</texture>
        <colordiffuse>white</colordiffuse>
      </control>
    </itemlayout>
    <focusedlayout width="780" height="40">
      <control type="label">
        <width>140</width>
        <left>10</left>
        <align>justify</align>
        <font>exptext</font>
        <shadowcolor>FF5F5F5F</shadowcolor>
        <textcolor>lightgrey</textcolor>
        <label>$INFO[ListItem.Label2]</label>

      </control>
      <control type="label">
        <left>155</left>
        <width>495</width>
        <align>center</align>
        <font>exptext</font>
        <shadowcolor>FF5F5F5F</shadowcolor>
        <textcolor>yellow</textcolor>
        <label>$INFO[ListItem.Label]</label>
      </control>
      <control type="label">
        <left>670</left>
        <width>120</width>
        <align>left</align>
        <font>exptext</font>
        <shadowcolor>FF5F5F5F</shadowcolor>
        <textcolor>lightgrey</textcolor>
        <label>$INFO[ListItem.Icon]</label>
      </control>
      <control type="image">
        <left>10</left>
        <posy>37</posy>
        <width>780</width>
        <height>2</height>
        <aligny>center</aligny>
        <texture>videoinfoline.png</texture>
        <colordiffuse>white</colordiffuse>
      </control>
    </focusedlayout>


  </control>
</control>
<include>PanelActeurs</include>
<include>DialogVideoInfoRealisateur</include>
</controls>
</window>
