<?xml version="1.0" encoding="UTF-8"?>
<includes>
	<include name="PVR_SideMenu">
		<control type="label" id="200">
			<description>Options</description>
			<width>340</width>
			<height>38</height>
			<font>METF_Heading</font>
			<textcolor>GlobalHeading</textcolor>
			<align>center</align>
			<aligny>center</aligny>
			<include>Animation_HiddenByInfo</include>
			<label>33063</label>
		</control>
		<control type="button" id="100">
			<description>TV Channels</description>
			<width>340</width>
			<height>38</height>
			<align>left</align>
			<aligny>center</aligny>
			<font>METF_DialogLarge</font>
			<textoffsetx>20</textoffsetx>
			<textcolor>TextNF</textcolor>
			<focusedcolor>DialogTextFO</focusedcolor>
			<disabledcolor>TextDisabled</disabledcolor>
			<texturefocus colordiffuse="FocusBar">buttonfo2wide2.png</texturefocus>
			<texturenofocus>-</texturenofocus> -->
			<label>$LOCALIZE[19019]</label>
			<onclick condition="Window.IsActive(TVChannels) | Window.IsActive(RadioChannels)">NextChannelGroup</onclick>
			<onclick condition="String.IsEmpty(Window.Property(IsRadio))">ActivateWindow(TVChannels)</onclick>
			<onclick condition="!String.IsEmpty(Window.Property(IsRadio))">ActivateWindow(RadioChannels)</onclick>
		</control>
		<control type="button" id="101">
			<description>TV Guide</description>
			<width>340</width>
			<height>38</height>
			<align>left</align>
			<aligny>center</aligny>
			<font>METF_DialogLarge</font>
			<textoffsetx>20</textoffsetx>
			<textcolor>TextNF</textcolor>
			<focusedcolor>DialogTextFO</focusedcolor>
			<disabledcolor>TextDisabled</disabledcolor>
			<texturefocus colordiffuse="FocusBar">buttonfo2wide2.png</texturefocus>
			<texturenofocus>-</texturenofocus> -->
			<label>$LOCALIZE[22020]</label>
			<onclick condition="Window.IsActive(TVGuide) | Window.IsActive(RadioGuide)">NextChannelGroup</onclick>
			<onclick condition="String.IsEmpty(Window.Property(IsRadio))">ActivateWindow(TVGuide)</onclick>
			<onclick condition="!String.IsEmpty(Window.Property(IsRadio))">ActivateWindow(RadioGuide)</onclick>
		</control>
		<control type="button" id="102">
			<description>Recordings</description>
			<width>340</width>
			<height>38</height>
			<align>left</align>
			<aligny>center</aligny>
			<font>METF_DialogLarge</font>
			<textoffsetx>20</textoffsetx>
			<textcolor>TextNF</textcolor>
			<focusedcolor>DialogTextFO</focusedcolor>
			<disabledcolor>TextDisabled</disabledcolor>
			<texturefocus colordiffuse="FocusBar">buttonfo2wide2.png</texturefocus>
			<texturenofocus>-</texturenofocus> -->
			<label>$LOCALIZE[19163]</label>
			<onclick condition="String.IsEmpty(Window.Property(IsRadio))">ActivateWindow(TVRecordings)</onclick>
			<onclick condition="!String.IsEmpty(Window.Property(IsRadio))">ActivateWindow(RadioRecordings)</onclick>
		</control>
		<control type="button" id="103">
			<description>Timers</description>
			<width>340</width>
			<height>38</height>
			<align>left</align>
			<aligny>center</aligny>
			<font>METF_DialogLarge</font>
			<textoffsetx>20</textoffsetx>
			<textcolor>TextNF</textcolor>
			<focusedcolor>DialogTextFO</focusedcolor>
			<disabledcolor>TextDisabled</disabledcolor>
			<texturefocus colordiffuse="FocusBar">buttonfo2wide2.png</texturefocus>
			<texturenofocus>-</texturenofocus> -->
			<label>$LOCALIZE[19040]</label>
			<onclick condition="String.IsEmpty(Window.Property(IsRadio))">ActivateWindow(TVTimers)</onclick>
			<onclick condition="!String.IsEmpty(Window.Property(IsRadio))">ActivateWindow(RadioTimers)</onclick>
		</control>
		<control type="button" id="104">
			<description>EPG Search</description>
			<width>340</width>
			<height>38</height>
			<align>left</align>
			<aligny>center</aligny>
			<font>METF_DialogLarge</font>
			<textoffsetx>20</textoffsetx>
			<textcolor>TextNF</textcolor>
			<focusedcolor>DialogTextFO</focusedcolor>
			<disabledcolor>TextDisabled</disabledcolor>
			<texturefocus colordiffuse="FocusBar">buttonfo2wide2.png</texturefocus>
			<texturenofocus>-</texturenofocus> -->
			<label>$LOCALIZE[137]</label>
			<onclick condition="String.IsEmpty(Window.Property(IsRadio))">ActivateWindow(TVSearch)</onclick>
			<onclick condition="!String.IsEmpty(Window.Property(IsRadio))">ActivateWindow(RadioSearch)</onclick>
		</control>
		<control type="label" id="202">
			<description>space</description>
			<width>340</width>
			<height>10</height>
			<font>METF_Heading</font>
			<textcolor>GlobalHeading</textcolor>
			<align>center</align>
			<aligny>center</aligny>
			<include>Animation_HiddenByInfo</include>
			<label></label>
		</control>
		<control type="label" id="201">
			<description>View Options</description>
			<width>340</width>
			<height>38</height>
			<font>METF_Heading</font>
			<textcolor>GlobalHeading</textcolor>
			<align>center</align>
			<aligny>center</aligny>
			<include>Animation_HiddenByInfo</include>
			<label>$LOCALIZE[31001]</label>
		</control>
		<control type="button" id="28">
			<description>Channel Groups</description>
			<width>340</width>
			<height>38</height>
			<align>left</align>
			<aligny>center</aligny>
			<font>METF_DialogLarge</font>
			<textoffsetx>20</textoffsetx>
			<textcolor>TextNF</textcolor>
			<focusedcolor>DialogTextFO</focusedcolor>
			<disabledcolor>TextDisabled</disabledcolor>
			<texturefocus colordiffuse="FocusBar">buttonfo2wide2.png</texturefocus>
			<texturenofocus>-</texturenofocus> -->
			<label></label>
		</control>
		<control type="radiobutton" id="5">
			<description>Group recording items by folder structure</description>
			<width>340</width>
			<align>left</align>
			<aligny>center</aligny>
			<font>METF_DialogLarge</font>
			<textoffsetx>20</textoffsetx>
			<textcolor>TextNF</textcolor>
			<focusedcolor>DialogTextFO</focusedcolor>
			<disabledcolor>TextDisabled</disabledcolor>
			<texturefocus colordiffuse="FocusBar">buttonfo2wide2.png</texturefocus>
			<texturenofocus>-</texturenofocus> -->
			<label>19270</label>
			<visible>Window.IsActive(TVRecordings) | Window.IsActive(RadioRecordings)</visible>
		</control>
		<control type="button" id="2">
			<description>View As button</description>
			<width>340</width>
			<height>38</height>
			<align>left</align>
			<aligny>center</aligny>
			<font>METF_DialogLarge</font>
			<textoffsetx>20</textoffsetx>
			<textcolor>TextNF</textcolor>
			<focusedcolor>DialogTextFO</focusedcolor>
			<disabledcolor>TextDisabled</disabledcolor>
			<texturefocus colordiffuse="FocusBar">buttonfo2wide2.png</texturefocus>
			<texturenofocus>-</texturenofocus> -->
			<label></label>
			<visible>Window.IsActive(TVGuide) | Window.IsActive(RadioGuide)</visible>
		</control>
		<control type="button" id="3">
			<description>Sort by button</description>
			<width>340</width>
			<height>38</height>
			<align>left</align>
			<aligny>center</aligny>
			<font>METF_DialogLarge</font>
			<textoffsetx>20</textoffsetx>
			<textcolor>TextNF</textcolor>
			<focusedcolor>DialogTextFO</focusedcolor>
			<disabledcolor>TextDisabled</disabledcolor>
			<texturefocus colordiffuse="FocusBar">buttonfo2wide2.png</texturefocus>
			<texturenofocus>-</texturenofocus> -->
			<label>103</label>
		</control>
		<control type="togglebutton" id="4">
			<description>Sort asc</description>
			<width>340</width>
			<height>38</height>
			<align>left</align>
			<textoffsetx>20</textoffsetx>
			<font>METF_DialogLarge</font>
			<textcolor>TextNF</textcolor>
			<focusedcolor>DialogTextFO</focusedcolor>
			<disabledcolor>TextDisabled</disabledcolor>
			<texturefocus colordiffuse="FocusBar">buttonfo2wide2.png</texturefocus>
			<texturenofocus>-</texturenofocus> -->
			<alttexturenofocus border="2">-</alttexturenofocus>
			<alttexturefocus border="5">buttonfo2.png</alttexturefocus>
			<aligny>center</aligny>
			<pulseonselect>false</pulseonselect>
			<label>584</label>
			<altlabel>585</altlabel>
			<usealttexture>Container.SortDirection(Ascending)</usealttexture>
		</control>	
		<control type="radiobutton" id="31">
			<description>Filter</description>
			<width>340</width>
			<align>left</align>
			<aligny>center</aligny>
			<font>METF_DialogLarge</font>
			<textoffsetx>20</textoffsetx>
			<textcolor>TextNF</textcolor>
			<focusedcolor>DialogTextFO</focusedcolor>
			<disabledcolor>TextDisabled</disabledcolor>
			<texturefocus colordiffuse="FocusBar">buttonfo2wide2.png</texturefocus>
			<texturenofocus>-</texturenofocus> -->
			<label>587</label>
			<visible>Window.IsActive(TVChannels) | Window.IsActive(RadioChannels)</visible>
		</control>		
		<control type="radiobutton" id="6">
			<description>Show hidden channels</description>
			<width>340</width>
			<align>left</align>
			<aligny>center</aligny>
			<font>METF_DialogLarge</font>
			<textoffsetx>20</textoffsetx>
			<textcolor>TextNF</textcolor>
			<focusedcolor>DialogTextFO</focusedcolor>
			<disabledcolor>TextDisabled</disabledcolor>
			<texturefocus colordiffuse="FocusBar">buttonfo2wide2.png</texturefocus>
			<texturenofocus>-</texturenofocus> -->
			<label>19051</label>
			<visible>Window.IsActive(TVChannels) | Window.IsActive(RadioChannels)</visible>
		</control>
		<control type="radiobutton" id="7">
			<description>Show deleted recordings</description>
			<width>340</width>
			<align>left</align>
			<aligny>center</aligny>
			<font>METF_DialogLarge</font>
			<textoffsetx>20</textoffsetx>
			<textcolor>TextNF</textcolor>
			<focusedcolor>DialogTextFO</focusedcolor>
			<disabledcolor>TextDisabled</disabledcolor>
			<texturefocus colordiffuse="FocusBar">buttonfo2wide2.png</texturefocus>
			<texturenofocus>-</texturenofocus> -->
			<label>19184</label>
			<visible>Window.IsActive(TVRecordings) | Window.IsActive(RadioRecordings)</visible>
		</control>
	</include>		

	<include name="PVR_Headers">			
		<!-- Heading Labels at very top of screen -->
		<control type="group">
			<posx>30</posx>
			<posy>10</posy>
			<control type="label">
				<include>Global_HeadingSectionVars</include>
				<label>$LOCALIZE[19019]</label>
				<visible>Window.IsActive(TVChannels) | Window.IsActive(RadioChannels)</visible>
			</control>
			<control type="label">
				<include>Global_HeadingSectionVars</include>
				<label>$LOCALIZE[22020]</label>
				<visible>Window.IsActive(TVGuide) | Window.IsActive(RadioGuide)</visible>
			</control>
			<control type="label">
				<include>Global_HeadingSectionVars</include>
				<label>$LOCALIZE[19017]</label>
				<visible>Window.IsActive(TVRecordings) | Window.IsActive(RadioRecordings)</visible>
			</control>
			<control type="label">
				<include>Global_HeadingSectionVars</include>
				<label>$LOCALIZE[19040]</label>
				<visible>Window.IsActive(TVTimers) | Window.IsActive(RadioTimers)</visible>
			</control>
			<control type="label">
				<include>Global_HeadingSectionVars</include>
				<label>$LOCALIZE[137]</label>
				<visible>Window.IsActive(TVSearch) | Window.IsActive(RadioSearch)</visible>
			</control>
<!--			<control type="label">
				<label>$LOCALIZE[31601]</label>
				<include>Global_HeadingSectionVars</include>
			</control>
-->			<control type="label">
				<label>$INFO[Control.GetLabel(29)] $INFO[Control.GetLabel(30), - ,]</label>
				<include>Global_HeadingDetailVars</include>
			</control>
			<control type="label" id="29">
				<description>Hidden label used to display current selection in title</description>
				<visible>false</visible>
 			</control>
			<control type="label" id="30">		
				<description>Hidden label used to display current selection in title</description>
				<visible>false</visible>
			</control>
		</control>
	</include>
</includes>
