<?xml version="1.0" encoding="UTF-8"?>
<includes>
	<include name="HomePos">
		
		<posx>150</posx>
		<posy>60</posy>
	</include>
	<include name="OtherPos">				
		<posx>150</posx>
		<posy>900</posy>
	</include>


	<include name="Global_MediaOverlay">
		<control type="group">
			<include condition="!Window.IsActive(home)">OtherPos</include>
			<include condition="Window.IsActive(home)">HomePos</include>
			<visible>!Window.IsActive(visualisation) + String.IsEmpty(Window(videos).Property(PlayingBackgroundMedia))</visible>
			
			<control type="group" id="9904">				
				<visible>Skin.HasSetting(MediaOverlay)</visible>
				<animation effect="slide" start="-750" end="0" time="1500" delay="10" reversible="false" condition="true">Conditional</animation>
<control type="group">
					<posy>-50</posy>
					<posx>-140</posx>
					<visible>Player.HasAudio</visible>
					<control type="image">									
						<width>520</width>
						<height>150</height>
						<texture background="true" diffuse="showcase_matte.png">frames/classicframe_background.png</texture>
						<colordiffuse>70202020</colordiffuse>
					</control>
					<control type="image">									
						<width>520</width>
						<height>150</height>
						<texture border="10">landscape.png</texture>						
					</control>
				</control>			
				<!---	
				<control type="image">
					<posx>-150</posx>
					<posy>-22</posy>
					<width>220</width>
					<height>150</height>
					<include>Animation_SpinningCD</include>
					<visible>Player.HasAudio  + String.IsEmpty(Player.Art(thumb))</visible>
				</control>
				-->
				<control type="label" id="1113">
			<posy>2000</posy>
			<posx>-700</posx>
			<label>$VAR[CoverPlayer]</label>
		</control>
				<control type="group">
				  <posx>-10</posx>
				  <height>200</height>
				  <!--<animation effect="slide" end="-70" time="840" condition="String.IsEmpty(Control.GetLabel(1113))">Conditional</animation>-->
				  <control type="image">
					<posx>25</posx>
					<posy>-22</posy>
					<width>100</width>
					<height>100</height>
					<texture>cd.png</texture>
					<aspectratio align="bottom">keep</aspectratio>
					<visible>Player.HasAudio</visible>
					
				</control>
				<control type="image">
					<posx>-35</posx>
					<posy>-22</posy>
					<width>100</width>
					<height>100</height>
					<include>Animation_SpinningCD</include>
					<visible>Player.HasAudio</visible>
					
				</control>
				
			
				
				<control type="image" >
					<description>cover image</description>
					<posx>-100</posx>
					<posy>-35</posy>
					<width>130</width>
					<height>130</height>
					<texture background="true">$VAR[CoverPlayer]</texture>
					<aspectratio aligny="bottom">keep</aspectratio>
					<bordertexture border="8">thumb_border.png</bordertexture>
					<bordersize>6</bordersize>
					<visible>Player.HasAudio</visible>
				</control>
				</control>
				<!-- Video overlay for screens other than Default Home Screen 
				<control type="videowindow" id="1">
					<description>Video Preview</description>
					<posy>13</posy>
					<width>220</width>
					<height>124</height>
					<visible>Player.HasVideo + !Window.IsActive(selectdialog) + !Window.IsActive(home) + !Skin.HasSetting(Home2)</visible>
				</control>-->
				<!-- Default Home Screen video overlay is in Includes_Home1.xml -->
			</control>
			<control type="group" id="9905">
				<posx>50</posx>	
				<posy>-180</posy>			
				<animation effect="fade" time="200">VisibleChange</animation>
				<animation effect="slide" start="-204,0" end="204,0" time="600" tween="cubic" easing="out" condition="Skin.HasSetting(MediaOverlay)">Conditional</animation>
				<visible>Player.HasAudio + Skin.HasSetting(MediaOverlay)</visible>
				<control type="group">
								
					<control type="fadelabel">
						<posx>-128</posx>
						<posy>148</posy>
						<height>30</height>
						<aligny>center</aligny>
						<width>230</width>
						<font>METF_ArtistPlayer</font>
						<align>center</align>
						<label>$INFO[MusicPlayer.Artist]</label>
						<textcolor>black</textcolor>
					</control>
					<control type="fadelabel">
						<posx>-130</posx>
						<posy>150</posy>
						<height>30</height>
						<aligny>center</aligny>
						<width>230</width>
						<font>METF_ArtistPlayer</font>
						<align>center</align>
						<label>$INFO[MusicPlayer.Artist]</label>
						<textcolor>white</textcolor>
					</control>
					<control type="fadelabel">
						<posx>-128</posx>
						<posy>178</posy>
						<height>30</height>
						<aligny>center</aligny>
						<width>230</width>
						<align>center</align>
						<font>METF_ArtistPlayer</font>
						<label>$INFO[MusicPlayer.Album]</label>
						<textcolor>black</textcolor>
					</control>
					<control type="fadelabel">
						<posx>-130</posx>
						<posy>180</posy>
						<height>30</height>
						<aligny>center</aligny>
						<width>230</width>
						<align>center</align>
						<font>METF_ArtistPlayer</font>
						<label>$INFO[MusicPlayer.Album]</label>
						<textcolor>yellow</textcolor>
					</control>
					
					<control type="fadelabel">
						<posx>-128</posx>
						<posy>208</posy>
						<align>center</align>
						<width>230</width>
						<scrollout>false</scrollout>
						<pauseatend>1800</pauseatend>
						<scrollspeed>40</scrollspeed>
						<scroll>true</scroll>
						<font>METF_ArtistPlayer</font>
						<label>[I]$INFO[MusicPlayer.Title][/I]</label>
						<textcolor>black</textcolor>
					</control>
					<control type="fadelabel">
						<posx>-130</posx>
						<posy>210</posy>
						<align>center</align>
						<width>230</width>
						<scrollout>false</scrollout>
						<pauseatend>1800</pauseatend>
						<scrollspeed>40</scrollspeed>
						<scroll>true</scroll>
						<font>METF_ArtistPlayer</font>
						<label>[I]$INFO[MusicPlayer.Title][/I]</label>						
						<textcolor>Date</textcolor>				
					</control>					
					
				</control>
			</control>
		</control>
	</include>
</includes>
