<?xml version="1.0" encoding="UTF-8"?>
<includes>

  <include name="submenuicons"	>
    <!-- Frames for submenus -->
    <control type="group">
      <posx>0</posx>
      <posy>920</posy>


      <!--
      <control type="image">

      <width>1920</width>
      <height>200</height>
      <texture>frames/submenubar.png</texture>
      <colordiffuse>DialogBackgroundColor</colordiffuse>
      <visible>Control.HasFocus(9001)</visible>
      </control>
      -->


      <!-- Submenus -->
      <control type="group">
        <posx>50</posx>
        <top>-70</top>
        <animation effect="slide" start="0,200" end="0,0" center="auto" time="500" condition="Control.HasFocus(9001)">Conditional</animation>
        <control type="fixedlist" id="9001">
          <visible allowhiddenfocus="true">Control.HasFocus(9001)+![Control.HasFocus(8000) | Control.HasFocus(80001) | Control.HasFocus(8002) | Control.HasFocus(8003)]</visible>

          <width>1700</width>
          <height>210</height>
          <align>center</align>
          <onup>9000</onup>
          <ondown>9000</ondown>
          <onleft>9001</onleft>
          <onright>9001</onright>
          <onback>9000</onback>
          <orientation>horizontal</orientation>
          <focusposition>2</focusposition>
          <defaultcontrol >1</defaultcontrol>
          <movement>6</movement>
          <scrolltime tween="sine" easing="out">240</scrolltime>
          <itemlayout width="350" height="180">



            <control type="image">
              <posy>60</posy>
              <posx>125</posx>
              <width>80</width>
              <height>80</height>
              <texture>$INFO[ListItem.Icon]</texture>
              <aspectratio aligny="bottom">stretch</aspectratio>
              <colordiffuse>C0FFFFFF</colordiffuse>
            </control>
            <control type="image">
              <posy>140</posy>
              <posx>125</posx>
              <width>80</width>
              <height>80</height>
              <texture flipy="true" diffuse="frames/refletmenu.png">$INFO[ListItem.Icon]</texture>
              <aspectratio aligny="bottom" scalediffuse="true">stretch</aspectratio>
              <visible>Control.HasFocus(9001)</visible>
            </control>

            <control type="label">
              <width>330</width>
              <pox>10</pox>
              <posy>145</posy>
              <height>20</height>
              <align>center</align>
              <label>$INFO[ListItem.Label]</label>
              <font>impact35</font>
              <textcolor>SubmenuText</textcolor>
              <visible>Skin.HasSetting(ShowIconLabel)</visible>
            </control>
          </itemlayout>

          <focusedlayout width="350" height="120">

            <control type="image">

              <posy>0</posy>
              <posx>100</posx>
              <width>150</width>
              <height>150</height>
              <aligny>top</aligny>
              <align>center</align>
              <texture>$INFO[ListItem.Icon]</texture>
              <aspectratio>stretch</aspectratio>
            </control>
            <control type="image">

              <posy>150</posy>
              <posx>100</posx>
              <width>150</width>
              <height>150</height>
              <aligny>bottom</aligny>
              <align>center</align>
              <texture flipy="true" diffuse="frames/refletmenufocus.png">$INFO[ListItem.Icon]</texture>
              <aspectratio scalediffuse="true">stretch</aspectratio>
              <visible>Control.HasFocus(9001)</visible>
            </control>
            <control type="label">
              <width>330</width>
              <pox>10</pox>
              <posy>145</posy>
              <height>20</height>
              <align>center</align>
              <label>$INFO[ListItem.Label]</label>
              <font>impact35</font>
              <visible>Skin.HasSetting(ShowIconLabel)</visible>
              <textcolor>yellow</textcolor>
            </control>
          </focusedlayout>
          <content>
            <include>skinshortcuts-submenu</include>
          </content>
        </control>
      </control>
    </control>
  </include>
  <include name="fondsubmenu">
    <bordersize>8</bordersize>
    <bordertexture border="8" colordiffuse="FFFFFFFF">landscape.png</bordertexture>
    <colordiffuse>90F0F0F0</colordiffuse>
    <texture>frames/fondinfogris.png</texture>
    <aspectratio scalediffuse="true">stretch</aspectratio>
  </include>


  <include name="OsdMusicHome">
    <control type="group" id="9044">
      <visible>Player.HasAudio + System.IdleTime(8)+!Control.HasFocus(9001)</visible>
      <control type="wraplist" id="5555">
        <!-- fanarts iconmix-->
        <posx>-2000</posx>
        <autoscroll time="6000">true</autoscroll>
        <itemlayout>
        </itemlayout>
        <focusedlayout>

        </focusedlayout>
      </control>

      <control type="image" id="7026">
        <width>250</width>
        <height>250</height>
        <posx>1550</posx>
        <posy>650</posy>
        <include>Animation_SpinningCD</include>
        <visible>!Skin.HasSetting(MediaOverlay)</visible>
      </control>
      <!--
      <control type="label">
      <posx>10</posx>
      <posy>10</posy>
      <width>1600</width>
      <label>ArtisteBanner=$INFO[Window(Home).Property(ArtistBannerPlayer)][CR]ArtistLogo=$INFO[Window(Home).Property(ArtistLogoPlayer)][CR]AlbumCD=$INFO[Window(Home).Property(AlbumCdPlayer)][CR]AlbumCover=$INFO[Window(Home).Property(AlbumCoverPlayer)][CR]$INFO[ListItem.Icon][CR]DiscSpinning:$VAR[discartSpinning]</label>
      </control>
      -->
      <animation effect="fade" end="100" time="840">Visible</animation>
      <control type="image">
        <posx>0</posx>
        <posy>900</posy>
        <width>1920</width>
        <height>140</height>
        <texture diffuse="shine.png">frames/classicframe_background.png</texture>
        <colordiffuse>F0101010</colordiffuse>
      </control>
      <control type="group">
        <animation effect="zoom" center="860,920" start="95" end="105" time="1500" pulse="true" condition="Player.Paused">Conditional</animation>
        <control type="fadelabel" >
          <posy>920</posy>
          <width>1920</width>
          <height>225</height>
          <align>center</align>
          <label>$VAR[HomePlayerTime]</label>
          <font>chicken75</font>
          <textcolor>white</textcolor>
          <visible>!Player.Paused</visible>
        </control>
        <control type="fadelabel" >
          <posy>920</posy>
          <width>1920</width>
          <height>225</height>
          <align>center</align>
          <label>PAUSE</label>
          <font>chicken75</font>
          <textcolor>white</textcolor>
          <visible>Player.Paused</visible>

        </control>
      </control>
      <control type="image">
        <posy>870</posy>
        <width>600</width>
        <left>20</left>
        <height>190</height>
        <aspectratio>keep</aspectratio>
        <fadetime>400</fadetime>
        <texture background="true" diffuse="shine.png">$INFO[Window(Home).Property(ArtistBannerPlayer)]</texture>
        <align>center</align>
      </control>
      <control type="image">
        <posy>870</posy>
        <width>600</width>
        <left>20</left>
        <height>190</height>
        <aspectratio>keep</aspectratio>
        <fadetime>400</fadetime>
        <texture background="true" diffuse="shine.png">$INFO[Window(Home).Property(ArtistThumbPlayer)]</texture>
        <align>center</align>
        <visible>String.IsEmpty(Window(Home).Property(ArtistBannerPlayer))</visible>
      </control>
      <control type="fadelabel">
        <left>1300</left>
        <posy>945</posy>
        <align>left</align>
        <width>600</width>
        <scrollout>true</scrollout>
        <pauseatend>1800</pauseatend>
        <scrollspeed>40</scrollspeed>
        <scroll>true</scroll>
        <font>chicken</font>
        <label>[COLOR=grey][B]$INFO[MusicPlayer.AlbumArtist,,-][/B][/COLOR][I]$INFO[MusicPlayer.Title][/I]</label>
        <textcolor>yellow</textcolor>
      </control>

    </control>

  </include>

  <include name="Home2_TexteVertical">
    <control type="image">
      <posx>5</posx>
      <posy>-50</posy>
      <width>350</width>
      <height>1180</height>
      <texture diffuse="shine.png">frames/classicframe_background.png</texture>
      <colordiffuse>F0404040</colordiffuse>
      <visible>[Player.HasAudio + System.IdleTime(8)]</visible>
    </control>

    <include>OsdMusicHome</include>


    <control type="group">
      <animation type="Conditional" condition="!Control.HasFocus(9000) | [!Control.HasFocus(9000)+!Control.HasFocus(9001)] | [Player.HasAudio + System.IdleTime(8)]" reversible="false">
        <effect type="slide" start="0" end="-600,0" center="auto" time="500" />
        <effect type="fade" start="100" end="50"  time="500" />
      </animation>
      <animation effect="fade" end="20" time="500" reversible="false" condition="String.IsEqual(Container(9000).ListItem.Property(widget),WeatherForecast)+Skin.HasSetting(MeteoPleinEcran)">Conditional</animation>

      <control type="image">
        <posx>5</posx>
        <posy>-50</posy>
        <width>350</width>
        <height>1180</height>
        <texture diffuse="shine.png">frames/classicframe_background.png</texture>
        <colordiffuse>F0404040</colordiffuse>
        <visible>![Player.HasAudio + System.IdleTime(8)]</visible>
      </control>


      <control type="label" id="9003">
        <posy>-2000</posy>
        <posx>-2000</posx>

        <label>$VAR[Wd1Visible]</label>
      </control>

      <!-- Main Menu -->

      <control type="wraplist" id="9000">
        <posx>40</posx>
        <posy>100</posy>
        <height>860</height>
        <width>300</width>


        <onright condition="!String.IsEmpty(Control.GetLabel(9003))">9022</onright>
        <onright condition="String.IsEmpty(Control.GetLabel(9003))">9023</onright>

        <ondown>9000</ondown>
        <onleft>9001</onleft>
        <onup>9000</onup>
        


        <viewtype>list</viewtype>
        <orientation>vertical</orientation>
        <focusposition>3</focusposition>
        <defaultcontrol>1</defaultcontrol>
        <movement>6</movement>
        <scrolltime>200</scrolltime>
        <preloaditems>2</preloaditems>
        <include>Animation_OpenCloseFade</include>
        
        <itemlayout width="300" height="120">

          <control type="label">
            <align>center</align>
            <aligny>center</aligny>
            <label>[UPPERCASE]$INFO[ListItem.Label][/UPPERCASE]</label>
            <font>impact</font>
            <textcolor>SubmenuText</textcolor>
          </control>
        </itemlayout>
        <focusedlayout width="300" height="120">
          <control type="label">
            <align>center</align>
            <aligny>center</aligny>
            <label>[UPPERCASE]$INFO[ListItem.Label][/UPPERCASE]</label>
            <animation effect="zoom" start="80" end="120" center="auto" time="300" condition="true">Conditional</animation>
            <font>impact</font>
            <textcolor>yellow</textcolor>
          </control>
          <control type="image">
            <posx>260</posx>
            <posy>100</posy>
            <width>40</width>
            <height>40</height>
            <texture>arrowright.png</texture>
            <colordiffuse>HelpArrowDiffuse</colordiffuse>
            <visible>!Control.HasFocus(9001) + [!String.IsEmpty(Container(9000).ListItem.Property(widget))|!String.IsEmpty(Container(9000).ListItem.Property(widget.2))]</visible>


          </control>
          <control type="image">
            <posx>10</posx>
            <posy>100</posy>
            <width>40</width>
            <height>40</height>
            <texture>arrowleft.png</texture>
            <colordiffuse>HelpArrowDiffuse</colordiffuse>
            <visible>!Control.HasFocus(9001) + String.Contains(Container(9000).ListItem.Property(hasSubmenu),True)</visible>
          </control>
        </focusedlayout>
        <content>
          <include>skinshortcuts-mainmenu</include>
        </content>
      </control>
    </control>
    <!-- Frames for submenus -->
    <control type="group">
      <posy>100</posy>
      <posx>-300</posx>
      <animation type="Conditional" condition="Control.HasFocus(9001)" reversible="false">
        <effect type="slide" start="0" end="310,0" center="auto" time="500" />
        <effect type="fade" start="50" end="100"  time="500" />
      </animation>
      <control type="group">

        <visible>Control.HasFocus(9001)</visible>
        <control type="image">
          <posx>5</posx>
          <width>410</width>
          <height>840</height>
          <texture>frames/menu_glass2b.png</texture>
          <colordiffuse>DialogBackgroundColor</colordiffuse>

        </control>

      </control>

      <!-- Submenus -->
      <control type="list" id="9001">
        <visible allowhiddenfocus="true">Control.HasFocus(9001) + ![Control.HasFocus(8000) | Control.HasFocus(80001) | Control.HasFocus(8002) | Control.HasFocus(8003)]</visible>
        <posx>60</posx>
        <top>60</top>
        <width>400</width>
        <height>700</height>
        <onup>9001</onup>
        <ondown>9001</ondown>
        <onleft>9000</onleft>
        <onright>9000</onright>
        <onback>9000</onback>
        <orientation>vertical</orientation>
        <defaultcontrol always="true">1</defaultcontrol>
        <scrolltime tween="sine" easing="out">240</scrolltime>
        <itemlayout width="300" height="70">

          <control type="label">
            <height>30</height>
            <align>center</align>
            <label>$INFO[ListItem.Label]</label>
            <font>impact</font>
            <textcolor>SubmenuText</textcolor>
          </control>
        </itemlayout>
        <focusedlayout width="300" height="70">

          <control type="label">
            <animation effect="zoom" start="90" end="115" center="auto" time="500" condition="true">Conditional</animation>
            <height>30</height>
            <align>center</align>
            <label>$INFO[ListItem.Label]</label>
            <font>impact</font>
            <textcolor>yellow</textcolor>
          </control>

        </focusedlayout>
        <content>
          <include>skinshortcuts-submenu</include>
        </content>
      </control>

    </control>
  </include>
  <include name="Home2_Texte">

   
    <!-- Frames for submenus -->
    <control type="group">
      <posy>950</posy>
      <posx>0</posx>
      <visible allowhiddenfocus="true">Control.HasFocus(9001)|Control.HasFocus(9000)</visible>
      <include>Animation_Submenu</include>


      <!-- <visible>Control.HasFocus(9001)</visible>				 -->
      <control type="image">

        <width>1920</width>
        <height>100</height>
        <texture >taskbar.png</texture>
        <colordiffuse>BackgroundColor</colordiffuse>
      </control>


      <!-- Submenus -->
      
      
     
      
      
      <control type="fixedlist" id="9001">

        <posx>5</posx>
        <width>1880</width>
        <height>80</height>
        <align>center</align>
        <onup>9000</onup>
        <ondown>9000</ondown>
        <onleft>9001</onleft>
        <onright>9001</onright>
        <onback>9000</onback>
        <orientation>horizontal</orientation>
         <animation type="Conditional" condition="Integer.IsEqual(Container(9001).NumItems,4)">
          <effect type="slide" end="160,0" time="1" />
        </animation>
         <animation type="Conditional" condition="Integer.IsEqual(Container(9001).NumItems,3)">
          <effect type="slide" end="360,0" time="1" />
        </animation>
        <animation type="Conditional" condition="Integer.IsEqual(Container(9001).NumItems,2)">
          <effect type="slide" end="560,0" time="1" />
        </animation>
        <animation type="Conditional" condition="Integer.IsEqual(Container(9001).NumItems,1)">
          <effect type="slide" end="760,0" time="1" />
        </animation>
        
        
        
        <movement>6</movement>
        <scrolltime tween="sine" easing="out">240</scrolltime>
        <itemlayout width="400" height="120">

          <control type="label">
            <width>300</width>
            <posy>25</posy>
            <height>40</height>
            <align>center</align>
            <label>[UPPERCASE]$INFO[ListItem.Label][/UPPERCASE]</label>
            <font>impact</font>
            <textcolor>SubmenuText</textcolor>
          </control>
        </itemlayout>

        <focusedlayout width="400" height="120">
          <control type="label">
            <width>300</width>
            <posy>25</posy>
            <height>40</height>
            <align>center</align>
            <label>[UPPERCASE]$INFO[ListItem.Label][/UPPERCASE]</label>
            <animation effect="zoom" start="80" end="130" center="auto" time="300" condition="true">Conditional</animation>
            <font>impact</font>
            <textcolor>yellow</textcolor>
          </control>
        </focusedlayout>
        <content>
          <include>skinshortcuts-submenu</include>
        </content>
      </control>

    </control> 
    <control type="group">
      <posx>0</posx>
      <posy>950</posy>
      <include>Animation_Mainmenu</include>

      <control type="image">

        <width>1920</width>
        <height>100</height>
        <texture >taskbar.png</texture>
        <colordiffuse>BackgroundColor</colordiffuse>
      </control>

      <include>OsdMusicHome</include>
      <control type="label" id="9003">
        <posy>-2000</posy>
        <posx>-2000</posx>
        <label>$VAR[Wd1Visible]</label>
      </control>
      <!-- Main Menu -->
      <control type="wraplist" id="9000">

        <left>10</left>
        <height>250</height>
        <width>1900</width>

        <onup condition="!String.IsEmpty(Control.GetLabel(9003))">9022</onup>
        <onup condition="String.IsEmpty(Control.GetLabel(9003))">9023</onup>
        <ondown>9001</ondown>
        <onleft>9000</onleft>
        <onright>9000</onright>


        <viewtype>list</viewtype>
        <orientation>horizontal</orientation>
        <focusposition>2</focusposition>
        <defaultcontrol>1</defaultcontrol>
        <movement>6</movement>
        <scrolltime>200</scrolltime>
        <preloaditems>2</preloaditems>
        <include>Animation_OpenCloseFade</include>
        
        <itemlayout width="400" height="120">

          <control type="label">
            <width>300</width>
            <posy>25</posy>
            <height>40</height>
            <align>center</align>
            <label>[UPPERCASE]$INFO[ListItem.Label][/UPPERCASE]</label>
            <font>impact</font>
            <textcolor>SubmenuText</textcolor>
             <animation effect="fade" start="100" end="30"  condition="Control.HasFocus(9001)">Conditional</animation>

          </control>
        </itemlayout>
        <focusedlayout width="400" height="120">
          <control type="label">
            <width>300</width>
            <posy>25</posy>
            <height>40</height>
            <align>center</align>
            <label>[UPPERCASE]$INFO[ListItem.Label][/UPPERCASE]</label>
            <animation effect="zoom" start="80" end="130" center="auto" time="300" condition="true">Conditional</animation>
            <font>impact</font>
            <textcolor>yellow</textcolor>
          </control>
          <control type="image">
            <posx>115</posx>
            <posy>10</posy>
            <width>20</width>
            <height>20</height>
            <texture>arrowup.png</texture>
            <colordiffuse>HelpArrowDiffuse</colordiffuse>
            <visible>!Control.HasFocus(9001) + ![Control.HasFocus(8000) | Control.HasFocus(80001) | Control.HasFocus(8002) | Control.HasFocus(8003)| Control.HasFocus(8008)] + [!String.IsEmpty(Container(9000).ListItem.Property(widget))|!String.IsEmpty(Container(9000).ListItem.Property(widget.2))]</visible>


          </control>
          <control type="image">
            <posx>145</posx>
            <posy>10</posy>
            <width>20</width>
            <height>20</height>
            <texture>arrowdown.png</texture>
            <colordiffuse>HelpArrowDiffuse</colordiffuse>
            <visible>!Control.HasFocus(9001) + ![Control.HasFocus(8000) | Control.HasFocus(80001) | Control.HasFocus(8002) | Control.HasFocus(8003)] + String.Contains(Container(9000).ListItem.Property(hasSubmenu),True)</visible>
          </control>
        </focusedlayout>
        <content>
          <include>skinshortcuts-mainmenu</include>
        </content>
      </control>
    </control>
  </include>
  <!--- ---------------ICONES HORIZONTAUX --------- ---->
  <include name="Home2_Icons">
    <control type="group">
      <animation effect="slide" start="0" end="0,30" center="auto" time="1" condition="![system.getbool(lookandfeel.enablerssfeeds)]|Skin.HasSetting(RssTop)">Conditional</animation>

      <!--- menu principal -->
      <control type="group">
        <posx>0</posx>
        <posy>920</posy>

        <animation effect="slide" start="0" end="0,600" center="auto" time="500" condition="[!Control.HasFocus(9001)+!Control.HasFocus(9000)] | [Player.HasAudio + System.IdleTime(8)]">Conditional</animation>


        <control type="image">

          <width>1920</width>
          <height>220</height>
          <texture>frames/submenubar.png</texture>
          <colordiffuse>DialogBackgroundColor</colordiffuse>
        </control>


        <include>OsdMusicHome</include>

        <control type="label" id="9003">
          <posy>-2000</posy>
          <posx>-2000</posx>

          <label>$VAR[Wd1Visible]</label>
        </control>

        <!-- Main Menu -->
        <control type="group">
          <posx>50</posx>
          <top>-70</top>



          <control type="wraplist" id="9000">

            <height>300</height>
            <width>1700</width>
            <onfocus condition="String.EndsWith(Window(Weather).Property(Current.FanartCode),na)">Weather.Refresh</onfocus>

            <onup condition="!String.IsEmpty(Control.GetLabel(9003))">9022</onup>
            <onup condition="String.IsEmpty(Control.GetLabel(9003))">9023</onup>

            <ondown>9001</ondown>
            <onleft>9000</onleft>
            <onright>9000</onright>

            <align>center</align>
            <viewtype>list</viewtype>
            <orientation>horizontal</orientation>
            <focusposition>2</focusposition>
            <defaultcontrol >1</defaultcontrol>
            <movement>6</movement>
            <scrolltime>200</scrolltime>
            <preloaditems>2</preloaditems>
            <include>Animation_OpenCloseFade</include>
            
            <itemlayout width="350" height="180">
              <control type="group">
                <animation effect="fade" start="100" end="5"  time="500" condition="Control.HasFocus(9001)">Conditional</animation>

                <control type="image">
                  <posy>60</posy>
                  <posx>125</posx>
                  <width>80</width>
                  <height>80</height>
                  <texture>$INFO[ListItem.Icon]</texture>
                  <aspectratio aligny="bottom">stretch</aspectratio>
                </control>
                <control type="image">
                  <posy>140</posy>
                  <posx>125</posx>
                  <width>80</width>
                  <height>80</height>
                  <texture flipy="true" diffuse="frames/refletmenu.png">$INFO[ListItem.Icon]</texture>
                  <aspectratio aligny="bottom" scalediffuse="true">stretch</aspectratio>
                  <visible>Control.HasFocus(9000)</visible>
                </control>
                <control type="label">
                  <width>330</width>
                  <pox>10</pox>
                  <posy>145</posy>
                  <height>20</height>
                  <align>center</align>
                  <label>[UPPERCASE]$INFO[ListItem.Label][/UPPERCASE]</label>
                  <font>impact35</font>
                  <textcolor>SubmenuText</textcolor>
                  <visible>Skin.HasSetting(ShowIconLabel)</visible>
                </control>
              </control>
            </itemlayout>
            <focusedlayout width="350" height="120">
              <control type="group">
              <animation effect="slide" start="0" end="0,-200" center="auto" time="500" tween="cubic" easing="in" condition="Control.HasFocus(9001)">Conditional</animation>
              

              <control type="image">
                <posy>0</posy>
                <posx>100</posx>
                <width>150</width>
                <height>150</height>
                <aligny>top</aligny>
                <align>center</align>
                <texture>$INFO[ListItem.Icon]</texture>
                <aspectratio>stretch</aspectratio>
              </control>
              <control type="image">
                <posy>150</posy>
                <posx>100</posx>
                <width>150</width>
                <height>150</height>
                <aligny>bottom</aligny>
                <align>center</align>
                <texture flipy="true" diffuse="frames/refletmenufocus.png">$INFO[ListItem.Icon]</texture>
                <aspectratio scalediffuse="true">stretch</aspectratio>
                <animation effect="fade" start="0" end="100" time="400" tween="cubic" easing="in" >Visible</animation>
                <animation effect="fade" start="100" end="0" time="300" tween="cubic" easing="in" >Hidden</animation>
                <visible>Control.HasFocus(9000)</visible>
              </control>
              <control type="image">
                <posx>70</posx>
                <posy>75</posy>
                <width>30</width>
                <height>30</height>
                <texture>arrowup.png</texture>
                <colordiffuse>HelpArrowDiffuse</colordiffuse>
                <visible>!Control.HasFocus(9001) + [!String.IsEmpty(Container(9000).ListItem.Property(widget))|!String.IsEmpty(Container(9000).ListItem.Property(widget.2))]</visible>
              </control>
              <control type="image">
                <posx>70</posx>
                <posy>130</posy>
                <width>30</width>
                <height>30</height>
                <texture>arrowdown.png</texture>
                <colordiffuse>HelpArrowDiffuse</colordiffuse>
                <visible>!Control.HasFocus(9001) + String.Contains(Container(9000).ListItem.Property(hasSubmenu),True)</visible>
              </control>
              <control type="label">
                <width>330</width>
                <pox>10</pox>
                <posy>145</posy>
                <height>20</height>
                <align>center</align>
                <label>[UPPERCASE]$INFO[ListItem.Label][/UPPERCASE]</label>
                <font>impact35</font>
                <textcolor>SubmenuText</textcolor>
                <visible>Skin.HasSetting(ShowIconLabel)</visible>
              </control>
              </control>
            </focusedlayout>
            <content>
              <include>skinshortcuts-mainmenu</include>
            </content>
          </control>
        </control>
      </control>

      <!-- Frames for submenus -->
      <include>submenuicons</include>
    </control>
  </include>

  <!--- ---------------ICONES BOBINE --------- ---->
  <include name="Home2_IconsBobine">

    <control type="group">
      <!-- <animation effect="slide" start="0" end="0,-200" center="auto" time="500" condition="Control.HasFocus(9001)">Conditional</animation> -->
      <animation effect="slide" start="0" end="0,1" center="auto" time="1" condition="![system.getbool(lookandfeel.enablerssfeeds)]|Skin.HasSetting(RssTop)">Conditional</animation>
      <!-- <animation effect="fade" start="100" end="50"  time="500" condition="Control.HasFocus(9001)">Conditional</animation> -->
      <animation effect="slide" start="0" end="0,600" center="auto" time="500" condition="[!Control.HasFocus(9001)+!Control.HasFocus(9000)] | [Player.HasAudio + System.IdleTime(8)]">Conditional</animation>



      <control type="image">
        <posx>0</posx>
        <posy>900</posy>
        <width>1920</width>
        <height>140</height>
        <texture diffuse="shine.png">frames/classicframe_background.png</texture>
        <colordiffuse>F0101010</colordiffuse>
      </control>



      <control type="label" id="9003">
        <posy>-2000</posy>
        <posx>-2000</posx>

        <label>$VAR[Wd1Visible]</label>
      </control>
      <control type="group">
        <control type="image">
          <posx>110</posx>
          <posy>830</posy>
          <width>100</width>
          <height>230</height>
          <texture>frames/bobine.png</texture>
          <aspectratio scalediffuse="true">stretch</aspectratio>
          <colordiffuse>FFFFFFFF</colordiffuse>

        </control>
        <control type="image">
          <posx>1660</posx>
          <posy>830</posy>
          <width>100</width>
          <height>230</height>
          <texture>frames/bobine2.png</texture>
          <aspectratio scalediffuse="true">stretch</aspectratio>
          <colordiffuse>FFFFFFFF</colordiffuse>

        </control>

      </control>
      <control type="group">
        <visible>Player.HasAudio + System.IdleTime(8)</visible>
        <control type="image">
          <posx>0</posx>
          <posy>900</posy>
          <width>1920</width>
          <height>140</height>
          <texture diffuse="shine.png">frames/classicframe_background.png</texture>
          <colordiffuse>F0101010</colordiffuse>
        </control>

      </control>
      <include>OsdMusicHome</include>
      <!-- Main Menu -->

      <control type="wraplist" id="9000">
        <!--<animation effect="slide" start="0" end="0,-200" center="auto" time="500" condition="Control.HasFocus(9001)">Conditional</animation>-->
        <animation effect="slide" start="0" end="0,600" center="auto" time="500" condition="Player.HasAudio + System.IdleTime(8)">Conditional</animation>
        <posx>185</posx>
        <posy>905</posy>
        <height>250</height>
        <width>1500</width>
        <onfocus condition="String.EndsWith(Window(Weather).Property(Current.FanartCode),na)">Weather.Refresh</onfocus>

        <onup condition="!String.IsEmpty(Control.GetLabel(9003))">9022</onup>
        <onup condition="String.IsEmpty(Control.GetLabel(9003))">9023</onup>

        <ondown>9001</ondown>
        <onleft>9000</onleft>
        <onright>9000</onright>


        <viewtype>list</viewtype>
        <orientation>horizontal</orientation>
        <focusposition>2</focusposition>
        <defaultcontrol >1</defaultcontrol>
        <movement>5</movement>
        <scrolltime>150</scrolltime>
        <preloaditems>2</preloaditems>
        <include>Animation_OpenCloseFade</include>
        
        <itemlayout width="300" height="155">
          <control type="group">
            <visible>Control.HasFocus(9000)</visible>
            <control type="image">
              <width>300</width>
              <height>155</height>
              <texture>frames/movie_frameh2.png</texture>
              <aspectratio scalediffuse="true">stretch</aspectratio>
              <colordiffuse>AAFFFFFF</colordiffuse>

            </control>
            <control type="label">
              <width>290</width>
              <posx>5</posx>
              <posy>100</posy>
              <height>20</height>
              <align>center</align>
              <label>[UPPERCASE]$INFO[ListItem.Label][/UPPERCASE]</label>
              <font>impact35</font>
              <textcolor>SubmenuText</textcolor>
              <visible>Skin.HasSetting(ShowIconLabel)</visible>
            </control>

            <control type="image">
              <posy>30</posy>
              <posx>115</posx>
              <width>70</width>
              <height>70</height>
              <texture>$INFO[ListItem.Icon]</texture>
              <aspectratio aligny="bottom">stretch</aspectratio>
              <visible>Skin.HasSetting(ShowIconLabel)</visible>
            </control>
            <control type="image">
              <posy>30</posy>
              <posx>115</posx>
              <width>70</width>
              <height>70</height>
              <texture>$INFO[ListItem.Icon]</texture>
              <aspectratio aligny="bottom">stretch</aspectratio>
              <visible>!Skin.HasSetting(ShowIconLabel)</visible>
            </control>
          </control>
        </itemlayout>
        <focusedlayout width="300" height="155">
          <control type="group">
            <animation effect="zoom" end="118" center="auto" time="150" condition="Control.HasFocus(9000)" reversible="true">Focus</animation>
            <animation effect="slide" start="0" end="0,-200" center="auto" time="500" condition="Control.HasFocus(9001)">Conditional</animation>
            <animation effect="fade" start="100" end="50" time="500" condition="Control.HasFocus(9001)">Conditional</animation>
            <control type="image">
              <width>300</width>
              <height>155</height>
              <texture>frames/movie_framehselect.png</texture>
              <aspectratio scalediffuse="true">stretch</aspectratio>
              <colordiffuse>FFFFFFFF</colordiffuse>
            </control>
            <control type="image">

              <posy>30</posy>
              <posx>108</posx>
              <width>85</width>
              <height>85</height>
              <aligny>top</aligny>
              <align>center</align>
              <texture>$INFO[ListItem.Icon]</texture>
              <aspectratio>stretch</aspectratio>
            </control>
            <control type="label">
              <width>290</width>
              <posx>5</posx>
              <posy>100</posy>
              <height>20</height>
              <align>center</align>
              <label>[UPPERCASE]$INFO[ListItem.Label][/UPPERCASE]</label>
              <font>impact35</font>
              <textcolor>SubmenuText</textcolor>
              <visible>Skin.HasSetting(ShowIconLabel)</visible>
            </control>
            <control type="image">
              <posx>10</posx>
              <posy>40</posy>
              <width>20</width>
              <height>20</height>
              <texture>arrowup.png</texture>
              <colordiffuse>HelpArrowDiffuse</colordiffuse>
              <visible>!Control.HasFocus(9001) + [!String.IsEmpty(Container(9000).ListItem.Property(widget))|!String.IsEmpty(Container(9000).ListItem.Property(widget.2))]</visible>


            </control>
            <control type="image">
              <posx>10</posx>
              <posy>95</posy>
              <width>20</width>
              <height>20</height>
              <texture>arrowdown.png</texture>
              <colordiffuse>HelpArrowDiffuse</colordiffuse>
              <visible>!Control.HasFocus(9001) + String.Contains(Container(9000).ListItem.Property(hasSubmenu),True)</visible>
            </control>
          </control>
        </focusedlayout>
        <content>
          <include>skinshortcuts-mainmenu</include>
        </content>
      </control>
    </control>

    <!-- Frames for submenus -->
    <control type="group">
      <posx>185</posx>
      <posy>905</posy>
      <control type="grouplist">
        <orientation>horizontal</orientation>
        <visible>Control.HasFocus(9001)</visible>
        <itemgap>0</itemgap>
        <control type="image">
          <width>300</width>
          <height>155</height>
          <texture>frames/movie_frameh2.png</texture>
          <aspectratio scalediffuse="true">stretch</aspectratio>
          <colordiffuse>AAFFFFFF</colordiffuse>

        </control>
        <control type="image">
          <width>300</width>
          <height>155</height>
          <texture>frames/movie_frameh2.png</texture>
          <aspectratio scalediffuse="true">stretch</aspectratio>
          <colordiffuse>AAFFFFFF</colordiffuse>

        </control>
        <control type="image">
          <width>300</width>
          <height>155</height>
          <texture>frames/movie_frameh2.png</texture>
          <aspectratio scalediffuse="true">stretch</aspectratio>
          <colordiffuse>AAFFFFFF</colordiffuse>

        </control>
        <control type="image">
          <width>300</width>
          <height>155</height>
          <texture>frames/movie_frameh2.png</texture>
          <aspectratio scalediffuse="true">stretch</aspectratio>
          <colordiffuse>AAFFFFFF</colordiffuse>

        </control>
        <control type="image">
          <width>300</width>
          <height>155</height>
          <texture>frames/movie_frameh2.png</texture>
          <aspectratio scalediffuse="true">stretch</aspectratio>
          <colordiffuse>AAFFFFFF</colordiffuse>

        </control>
      </control>
      <control type="fixedlist" id="9001">
        <visible allowhiddenfocus="true">Control.HasFocus(9001)+![Control.HasFocus(8000) | Control.HasFocus(80001) | Control.HasFocus(8002) | Control.HasFocus(8003)]</visible>
        <!-- <animation effect="slide" start="0" end="0,-200" center="auto" time="500" condition="Control.HasFocus(9001)">Conditional</animation>
        <animation effect="slide" start="0" end="0,600" center="auto" time="500" condition="Player.HasAudio + System.IdleTime(8)">Conditional</animation> -->

        <height>250</height>
        <width>1500</width>
        <onup>9000</onup>
        <ondown>9000</ondown>
        <onleft>9001</onleft>
        <onright>9001</onright>
        <onback>9000</onback>
        <orientation>horizontal</orientation>
        <focusposition>2</focusposition>
        <defaultcontrol >1</defaultcontrol>
        <scrolltime>150</scrolltime>
        <preloaditems>2</preloaditems>

        <itemlayout width="300" height="155">
          <control type="group">
            <control type="image">
              <width>300</width>
              <height>155</height>
              <texture>frames/movie_frameh2.png</texture>
              <aspectratio scalediffuse="true">stretch</aspectratio>
              <colordiffuse>AAFFFFFF</colordiffuse>

            </control>
            <control type="label">
              <width>290</width>
              <posx>5</posx>
              <posy>100</posy>
              <height>20</height>
              <align>center</align>
              <label>[UPPERCASE]$INFO[ListItem.Label][/UPPERCASE]</label>
              <font>impact35</font>
              <textcolor>SubmenuText</textcolor>
              <visible>Skin.HasSetting(ShowIconLabel)</visible>
            </control>

            <control type="image">
              <posy>30</posy>
              <posx>115</posx>
              <width>70</width>
              <height>70</height>
              <texture>$INFO[ListItem.Icon]</texture>
              <aspectratio aligny="bottom">stretch</aspectratio>
              <visible>Skin.HasSetting(ShowIconLabel)</visible>
            </control>
            <control type="image">
              <posy>30</posy>
              <posx>115</posx>
              <width>70</width>
              <height>70</height>
              <texture>$INFO[ListItem.Icon]</texture>
              <aspectratio aligny="bottom">stretch</aspectratio>
              <visible>!Skin.HasSetting(ShowIconLabel)</visible>
            </control>
          </control>
        </itemlayout>
        <focusedlayout width="300" height="155">
          <control type="group">
            <animation effect="zoom" end="118" center="auto" time="150" condition="Control.HasFocus(9001)" reversible="true">Focus</animation>
            <control type="image">
              <width>300</width>
              <height>155</height>
              <texture>frames/movie_framehselect.png</texture>
              <aspectratio scalediffuse="true">stretch</aspectratio>
              <colordiffuse>FFFFFFFF</colordiffuse>
            </control>
            <control type="image">

              <posy>30</posy>
              <posx>108</posx>
              <width>85</width>
              <height>85</height>
              <aligny>top</aligny>
              <align>center</align>
              <texture>$INFO[ListItem.Icon]</texture>
              <aspectratio>stretch</aspectratio>
            </control>
            <control type="label">
              <width>290</width>
              <posx>5</posx>
              <posy>100</posy>
              <height>20</height>
              <align>center</align>
              <label>[UPPERCASE]$INFO[ListItem.Label][/UPPERCASE]</label>
              <font>impact35</font>
              <textcolor>SubmenuText</textcolor>
              <visible>Skin.HasSetting(ShowIconLabel)</visible>
            </control>

          </control>
        </focusedlayout>
        <content>
          <include>skinshortcuts-submenu</include>

        </content>
      </control>
    </control>
  </include>
  <include name="Home2_IconsVertical">

    <control type="group">
      <animation type="Conditional" condition="Control.HasFocus(9001) | [!Control.HasFocus(9000)+!Control.HasFocus(9001)] | [Player.HasAudio + System.IdleTime(8)]" reversible="false">
        <effect type="slide" start="0" end="-600,0" center="auto" time="500" />
        <effect type="fade" start="100" end="50"  time="500" />
      </animation>
      <animation effect="fade" end="20" time="500" reversible="false" condition="String.IsEqual(Container(9000).ListItem.Property(widget),WeatherForecast)+Skin.HasSetting(MeteoPleinEcran)">Conditional</animation>


      <control type="image">
        <posx>5</posx>
        <posy>-50</posy>
        <width>350</width>
        <height>1180</height>
        <texture diffuse="shine.png">frames/classicframe_background.png</texture>
        <colordiffuse>F0404040</colordiffuse>
      </control>

      <include>OsdMusicHome</include>

      <control type="label" id="9003">
        <posy>-2000</posy>
        <posx>-2000</posx>

        <label>$VAR[Wd1Visible]</label>
      </control>

      <!-- Main Menu -->

      <control type="wraplist" id="9000">
        <posx>5</posx>
        <posy>40</posy>
        <height>1080</height>
        <width>300</width>
        <onfocus condition="String.Contains(Window(Weather).Property(Current.FanartCode),na,right)">Weather.Refresh</onfocus>

        <onright condition="!String.IsEmpty(Control.GetLabel(9003))">9022</onright>
        <onright condition="String.IsEmpty(Control.GetLabel(9003))">9023</onright>

        <ondown>9000</ondown>
        <onleft>9001</onleft>
        <onup>9000</onup>


        <viewtype>list</viewtype>
        <orientation>vertical</orientation>
        <focusposition>2</focusposition>
        <defaultcontrol >1</defaultcontrol>
        <movement>6</movement>
        <scrolltime>200</scrolltime>
        <preloaditems>2</preloaditems>
        <include>Animation_OpenCloseFade</include>
        
        <itemlayout width="350" height="220">

          <control type="label">
            <posy>95</posy>
            <height>20</height>
            <align>center</align>
            <label>[UPPERCASE]$INFO[ListItem.Label][/UPPERCASE]</label>
            <font>impact35</font>
            <textcolor>SubmenuText</textcolor>
            <visible>Skin.HasSetting(ShowIconLabel)</visible>
          </control>

          <control type="image">
            <posy>10</posy>
            <posx>135</posx>
            <width>80</width>
            <height>80</height>
            <texture>$INFO[ListItem.Icon]</texture>
            <aspectratio aligny="bottom">stretch</aspectratio>
            <visible>Skin.HasSetting(ShowIconLabel)</visible>
          </control>
          <control type="image">
            <posy>30</posy>
            <posx>110</posx>
            <width>80</width>
            <height>80</height>
            <texture>$INFO[ListItem.Icon]</texture>
            <aspectratio aligny="bottom">stretch</aspectratio>
            <visible>!Skin.HasSetting(ShowIconLabel)</visible>
          </control>
        </itemlayout>
        <focusedlayout width="350" height="220">
          <control type="group">
            <control type="label">
              <posy>95</posy>
              <height>20</height>
              <align>center</align>
              <label>[UPPERCASE]$INFO[ListItem.Label][/UPPERCASE]</label>
              <font>impact35</font>
              <textcolor>SubmenuText</textcolor>
              <visible>Skin.HasSetting(ShowIconLabel)</visible>
            </control>


            <control type="image">
              <posy>10</posy>
              <posx>135</posx>
              <width>80</width>
              <height>80</height>
              <aligny>top</aligny>
              <align>center</align>
              <animation type="Conditional" condition="Control.HasFocus(9000)" reversible="false">
                <effect type="zoom" center="175,80" start="100" end="200" time="10" />
              </animation>
              <texture>$INFO[ListItem.Icon]</texture>
              <aspectratio>stretch</aspectratio>
            </control>
            <control type="image">
              <posx>265</posx>
              <posy>50</posy>
              <width>40</width>
              <height>40</height>
              <texture>arrowright.png</texture>
              <colordiffuse>HelpArrowDiffuse</colordiffuse>
              <visible>!Control.HasFocus(9001) + [!String.IsEmpty(Container(9000).ListItem.Property(widget))|!String.IsEmpty(Container(9000).ListItem.Property(widget.2))]</visible>


            </control>
            <control type="image">
              <posx>10</posx>
              <posy>50</posy>
              <width>40</width>
              <height>40</height>
              <texture>arrowleft.png</texture>
              <colordiffuse>HelpArrowDiffuse</colordiffuse>
              <visible>!Control.HasFocus(9001) + String.Contains(Container(9000).ListItem.Property(hasSubmenu),True)</visible>
            </control>
          </control>
        </focusedlayout>
        <content>
          <include>skinshortcuts-mainmenu</include>
        </content>
      </control>
    </control>

    <!-- Frames for submenus -->
    <control type="group">
      <posy>100</posy>
      <posx>-300</posx>
      <animation type="Conditional" condition="Control.HasFocus(9001)" reversible="false">
        <effect type="slide" start="0" end="310,0" center="auto" time="500" />
        <effect type="fade" start="50" end="100"  time="500" />
      </animation>
      <control type="group">

        <visible>Control.HasFocus(9001)</visible>
        <control type="image">
          <posx>5</posx>
          <width>310</width>
          <height>840</height>
          <bordersize>8</bordersize>
          <bordertexture border="8" colordiffuse="FFFFFFFF">landscape.png</bordertexture>
          <colordiffuse>90F0F0F0</colordiffuse>
          <texture>frames/fondinfogris.png</texture>
          <aspectratio scalediffuse="true">stretch</aspectratio>

        </control>

      </control>

      <!-- Submenus -->
      <control type="list" id="9001">
        <visible allowhiddenfocus="true">Control.HasFocus(9001) + ![Control.HasFocus(8000) | Control.HasFocus(80001) | Control.HasFocus(8002) | Control.HasFocus(8003)]</visible>
        <posx>20</posx>
        <top>60</top>
        <width>300</width>
        <height>780</height>
        <align>center</align>
        <onup>9001</onup>
        <ondown>9001</ondown>
        <onleft>9000</onleft>
        <onright>9000</onright>
        <onback>9000</onback>
        <orientation>vertical</orientation>
        <defaultcontrol always="true">1</defaultcontrol>
        <scrolltime tween="sine" easing="out">240</scrolltime>
        <itemlayout width="300" height="200">
          <control type="group">
            <align>center</align>
            <control type="image">
              <width>80</width>
              <height>80</height>
              <left>110</left>
              <aligny>center</aligny>
              <texture>$INFO[ListItem.Icon]</texture>
              <aspectratio>stretch</aspectratio>
              <visible>Skin.HasSetting(ShowIconLabel)</visible>
            </control>
            <control type="label">
              <top>90</top>
              <width>300</width>
              <height>20</height>
              <align>center</align>
              <label>$INFO[ListItem.Label]</label>
              <font>impact35</font>
              <textcolor>SubmenuText</textcolor>
              <visible>Skin.HasSetting(ShowIconLabel)</visible>
            </control>
          </control>
        </itemlayout>
        <focusedlayout width="300" height="200">
          <control type="group">
            <align>center</align>
            <control type="image">
              <left>90</left>
              <width>120</width>
              <height>120</height>
              <aligny>center</aligny>
              <texture>$INFO[ListItem.Icon]</texture>
              <aspectratio>stretch</aspectratio>
            </control>
            <control type="label">
              <top>130</top>
              <width>300</width>
              <height>30</height>
              <align>center</align>
              <label>$INFO[ListItem.Label]</label>
              <font>impact35</font>
              <visible>Skin.HasSetting(ShowIconLabel)</visible>
              <textcolor>yellow</textcolor>
            </control>
          </control>
        </focusedlayout>
        <content>
          <include>skinshortcuts-submenu</include>
        </content>
      </control>

    </control>

  </include>
</includes>
