<?xml version="1.0" encoding="UTF-8"?>
<window id="502">
 
<!--	<onload condition="String.IsEmpty(Window(Home).property(iconmixtoolsbackend))">RunScript(script.iconmixtools,backend=True)</onload> -->
	 
	<onload condition="!Skin.HasSetting(SkinHelper.EnableMusicArt)">Skin.ToggleSetting(SkinHelper.EnableMusicArt)</onload>
	<onload>SetProperty(IconmixDialogContext,,Home)</onload>
  <onunload>SetProperty(IconmixDialogContext,,Home)</onunload>
  <onload>Container.Refresh</onload>
    <menucontrol>7000</menucontrol>

	<views>55,509,905,558,559,511,510,513,514,552,551,906,561,586,56,900</views>
	<defaultcontrol always="true">55</defaultcontrol>
	<controls>
		<control type="group">
		  <include>Global_Background_Fanart</include>
		
  		<control type="group">
  			<animation type="Conditional" condition="Control.HasFocus(2997)" reversible="true">
  				<effect type="fade" start="100" end="0" time="500"  />
  			</animation>
  			 <animation type="Conditional" condition="Skin.HasSetting(VueExperimentaleMusic)" reversible="false">
            <effect type="slide" end="0,200" time="0"  />
          </animation>
    		<!--	<include>Object_InfoLines</include> -->
    		<include condition="!Skin.HasSetting(hide511)">Viewtype_Banner</include>			<!-- 511 -->
    		<include condition="!Skin.HasSetting(hide514)">Viewtype_BannerWall</include>			<!-- 514 -->
    		<include condition="!Skin.HasSetting(hide513)">Viewtype_BannerV</include>			<!-- 513 -->
    		<include condition="!Skin.HasSetting(hide510)">Viewtype_BannerPoster</include>		<!-- 510 -->
    		<include condition="!Skin.HasSetting(hide55)">Viewtype_List</include> <!-- 55 -->
    		<include condition="!Skin.HasSetting(hide58)">Viewtype_Gallery_Square</include>  <!-- 58 -->
    		<include condition="!Skin.HasSetting(hide559)">Viewtype_Panel_Square</include> <!-- 559 -->
    		<include condition="!Skin.HasSetting(hide552)">Viewtype_Poster_Large_Fixed</include>		<!-- 552 -->
    		<include condition="!Skin.HasSetting(hide551)">Viewtype_Poster_Large_Wrap</include>		<!-- 551 -->
    		<include condition="!Skin.HasSetting(hide906)">Viewtype_ListCurved</include> <!-- 906 -->
    		<include condition="!Skin.HasSetting(hide561)">Viewtype_MusicBox</include> <!-- 561 -->
    		<include condition="!Skin.HasSetting(hide586)">Viewtype_Disc</include> <!-- 586 -->
    		<include condition="!Skin.HasSetting(hide905)">Viewtype_Onglets</include>         <!-- 905 -->
    		<include condition="!Skin.HasSetting(hide56)">Viewtype_Logo</include> <!-- 56 -->
    		<include condition="!Skin.HasSetting(hide558)">Viewtype_Gallery_Square</include> <!-- 558 -->
    		<include condition="!Skin.HasSetting(hide900)">Viewtype_ListeDetails</include>                     <!-- 900 -->
  		</control>
  		<control type="group">
        
        <control type="image">
          <posx>0</posx>
          <posy>815</posy>
          <width>1920</width>
          <height>265</height>
          <texture>fondflaggris.png</texture>
          <colordiffuse>BackgroundColor</colordiffuse>
        </control>
        <include>LabelFlagsCommon</include>
        <control type="group">
          <include condition="!Skin.HasSetting(Hide_ExtraMediaFlags)">MediaInfoGroup2</include>
          <visible>!Window.IsVisible(songinformation)</visible>
        </control>
     
        <visible>!Skin.HasSetting(VueExperimentaleMusic)</visible>
      </control>
		<!-- lecture ou affichage -->
		
			<control type="button" id="2997">
				<left>-2000</left>
				<label>ACTION</label>
				<onfocus condition="Skin.HasSetting(MusicAucun)">SetFocus(55)</onfocus>
			
				<onleft condition="String.IsEqual(Window(Home).Property(IconMixVerticalNavigation),horizontal)">Control.Move(1999,-1)</onleft>
				<onright condition="String.IsEqual(Window(Home).Property(IconMixVerticalNavigation),horizontal)">Control.Move(1999,1)</onright>	
				<onup condition="String.IsEqual(Window(Home).Property(IconMixVerticalNavigation),horizontal)">SetFocus(55)</onup>
				<ondown condition="String.IsEqual(Window(Home).Property(IconMixVerticalNavigation),horizontal)">SetFocus(55)</ondown>
				
				<onup condition="!String.IsEqual(Window(Home).Property(IconMixVerticalNavigation),horizontal)">Control.Move(1999,-1)</onup>
				<ondown condition="!String.IsEqual(Window(Home).Property(IconMixVerticalNavigation),horizontal)">Control.Move(1999,1)</ondown>
				
				<onleft condition="!String.IsEqual(Window(Home).Property(IconMixVerticalNavigation),horizontal)">SetFocus(55)</onleft>
				<onright condition="!String.IsEqual(Window(Home).Property(IconMixVerticalNavigation),horizontal)">SetFocus(55)</onright>		
				<onclick condition="Container.Content(artists)">PlayMedia($INFO[Container(1994).ListItem.Path],true)</onclick>	
				<onclick condition="Container.Content(genres)">ActivateWindow(Music,musicdb://artists/$INFO[Container(1999).ListItem.property(DBID)])</onclick>	
				<!--<onclick>ActivateWindow(Music,musicdb://albums/2/)</onclick>-->
				 <onback>55</onback>
				<visible>Integer.IsGreater(Container(1999).NumItems,0)</visible>				
			</control>
		
	
		<!--------------------------------------------------ARTISTES------------------------------------------------------ -->
		
  		<include>focusboitiers</include>
  		<control type="wraplist" id="2995">			
  				<posx>-2000</posx>
  				<autoscroll time="6000">true</autoscroll>
  			<itemlayout>
  			  </itemlayout>
  			<focusedlayout>
  			  
  			</focusedlayout>
  		</control>
  		<control type="group">
  			<posx>-15</posx>
  			<top>10</top>
  			<visible>!Container.OnNext</visible>
  			<visible>!Container.OnPrevious</visible>
  			<animation type="Conditional" condition="Skin.HasSetting(VueExperimentaleMusic)" reversible="false">
            <effect type="slide" end="0,-835" time="0"  />
          </animation>
    		<control type="list" id="1999">			
    				
    			<focusposition>0</focusposition>
    			<onfocus>SetProperty(IconMixVerticalNavigation,"horizontal",Home)</onfocus>
    			<onfocus>Action(FirstPage)</onfocus>
    			<onfocus>SetFocus(2997)</onfocus>						
    			<movement>9</movement>
    			<description>Widget Lists</description>
    			<include>HorizVert</include>
    			<include>VueElementsBoitiers</include>	
    			<visible>!Skin.HasSetting(MusicTexte)</visible>
    			<visible>Container.Content(artists)</visible>
    			<include>Vue900</include>
    			
    		</control>
    		<control type="list" id="1999">			
    			
    			<focusposition>0</focusposition>
    			<onfocus>SetProperty(IconMixVerticalNavigation,"vertical",Home)</onfocus>
    			  <onfocus>Action(FirstPage)</onfocus>
    			<onfocus>SetFocus(2997)</onfocus>				
    			<movement>9</movement>			
    			<description>Widget Lists</description>
    			<include>VertHoriz</include>
    			<include>VueElementsBoitiers</include>	
    			<visible>Skin.HasSetting(MusicTexte)</visible>
    			 <visible>Container.Content(artists)</visible>
    			
    		</control>
  		</control>


		<!--------------------------------------------------GENRES------------------------------------------------------ -->
  		<control type="group">
  			<posx>-15</posx>
  			<top>10</top>
  			<visible>!Container.OnNext</visible>
  			<visible>!Container.OnPrevious</visible>
  			<animation type="Conditional" condition="Skin.HasSetting(VueExperimentaleMusic)" reversible="false">
            <effect type="slide" end="0,-835" time="0"  />
          </animation>
    		<control type="list" id="1999">			
    			
    			<focusposition>0</focusposition>
    			<onfocus>SetProperty(IconMixVerticalNavigation,"horizontal",Home)</onfocus>
    			<onfocus>Action(FirstPage)</onfocus>
    			<onfocus>SetFocus(2997)</onfocus>	
    			<movement>9</movement>
    			<description>Widget Lists</description>
    			<include>HorizVert</include>
    			<include>Vue900</include>
    			<!-- <content>musicdb://genres/$INFO[ListItem.DBID]</content>			-->			
    			<include>VueElementsBoitiers</include>	
    			<visible>!Skin.HasSetting(MusicGenreTexte)+!String.IsEmpty(ListItem.DBID)</visible>
    			<visible>Container.Content(genres)</visible>
    		</control>
    		<control type="list" id="1999">			
    			<onfocus condition="Skin.HasSetting(MusicGenreAucun)">SetFocus(55)</onfocus>
    			<focusposition>0</focusposition>
    			<onfocus>SetProperty(IconMixVerticalNavigation,"vertical",Home)</onfocus>
    			<onfocus>Action(FirstPage)</onfocus>
    			<onfocus>SetFocus(2997)</onfocus>				
    			<movement>9</movement>
    			
    			<description>Widget Lists</description>
    			<include>VertHoriz</include>
    			<!-- <content>musicdb://genres/$INFO[ListItem.DBID]</content>			-->
    			<include>VueElementsBoitiers</include>	
    			<visible>Skin.HasSetting(MusicGenreTexte)</visible>
    			<visible>Container.Content(genres)</visible>
    			
    		</control>
  		</control>

	

		<!---------------------------------------------------------------------------------------------------------------- -->


  		<!-- liste des chansons dans pochette-->
  		<control type="group">
  			<posx>421</posx>
  			<posy>-5</posy>
  			<visible>[Control.HasFocus(2997)+!Container(1999).OnPrevious+!Container(1999).OnNext]</visible>
  			<animation effect="fade" start="0"  end="100" time="1000" delay="3000" reversible="false">Visible</animation>
  		
  			
  			
  			<control type="image" >
  				<posx>35</posx>
  				<posy>315</posy>
  				<width>480</width>
  				<height>473</height>
  				<texture>frames/cdcasexupback.png</texture>
  				<colordiffuse>A07F7F7F</colordiffuse>
  				<aspectratio scalediffuse="true">stretch</aspectratio>				
  			</control>
  		

  			<control type="list" id="1994">
  				<visible>Container.Content(artists)</visible>
  				<posx>45</posx>
  				<posy>324</posy>
  				<width>460</width>
  				<height>450</height>
  				<autoscroll time="2300">true</autoscroll>
  				<itemgap>0</itemgap>
  				<orientation>vertical</orientation>
  				<itemlayout width="460" height="28">
  					<control type="label">
  						<font>impactsongs</font>
  						<align>left</align>
  						<label>[COLOR=grey]$INFO[ListItem.TrackNumber]-[/COLOR][I]$INFO[ListItem.Title][/I]</label>
  					</control>
  				</itemlayout>
  				<focusedlayout width="460" height="28">
  					<control type="label">
  						<align>left</align>
  						<font>impactsongs</font>
  						<label>[COLOR=grey]$INFO[ListItem.TrackNumber]-[/COLOR][I]$INFO[ListItem.Title][/I]</label>
  					</control>
  				</focusedlayout>
  				<content>musicdb://albums/$INFO[Container(1999).ListItem.Property(DBID)]</content>
  			</control>
  			
  			
  			<control type="list" id="1994">
  				<visible>Container.Content(genres)</visible>
  				<posx>45</posx>
  				<posy>324</posy>
  				<width>460</width>
  				<height>450</height>
  				<autoscroll time="2300">true</autoscroll>
  				<itemgap>0</itemgap>
  				<orientation>vertical</orientation>
  				<itemlayout width="460" height="28">
  					<control type="label">
  						<font>impactsongs</font>
  						<align>center</align>
  						<label>[I]$INFO[ListItem.Title][/I]</label>
  					</control>
  				</itemlayout>
  				<focusedlayout width="460" height="28">
  					<control type="label">
  						<align>center</align>
  						<font>impactsongs</font>
  						<label>[I]$INFO[ListItem.Title][/I]</label>
  					</control>
  				</focusedlayout>

  				<content>musicdb://artists/$INFO[Container(1999).ListItem.property(DBID)]</content>
  			</control>

  		</control>

  		<control type="list" id="1997">
  		  <animation type="Conditional" condition="Skin.HasSetting(VueExperimentaleMusic)" reversible="false">
            <effect type="slide" end="0,-835" time="0"  />
          </animation>
  			<include>Animation_HiddenByInfo</include>
  			<posx>475</posx>
  			<posy>900</posy>
  			<width>970</width>
  			<height>150</height>
  			<align>center</align>
  			<autoscroll time="2500">true</autoscroll>
  			<itemgap>0</itemgap>
  			<visible>Container.Content(albums)+!Control.IsVisible(900)</visible>
  			<orientation>vertical</orientation>
  			<itemlayout width="970" height="30">    
  				<control type="label">
  					<font>impactsongs</font>
  					<left>2</left>
  					<top>2</top>
  					<align>center</align>
  					<textcolor>FF000000</textcolor>
  					<label>$INFO[ListItem.Title]</label>
  				</control>
  				<control type="label">
  					<font>impactsongs</font>
  					<align>center</align>
  					<label>$INFO[ListItem.Title]</label>
  				</control>
  				
  			</itemlayout>
  			<focusedlayout width="970" height="30">
  			  <control type="label">
  			  <font>impactsongs</font>
  					<left>2</left>
  					<top>2</top>
  					<align>center</align>
  					<textcolor>FF000000</textcolor>
  					<label>$INFO[ListItem.Title]</label>
  				</control>
  				<control type="label">
  					<align>center</align>
  					<font>impactsongs</font>
  					<label>$INFO[ListItem.Title]</label>
  				</control>
  			</focusedlayout>
  			<content>musicdb://albums/$INFO[ListItem.DBID]</content>
  		</control>

	
		
		<!-- DEBUG --
		<control type="label">
				<posx>10</posx>
				<posy>10</posy>
				<width>1600</width>
				<label>ArtistBanner:$VAR[artistbanner][CR]IconMixDataPath:$INFO[Window(Home).Property(IconMixDataPath)][CR]Duree:$INFO[ListItem.Duration][CR]Dureetools:$INFO[Window(Home).Property(DurationTools)][CR]Fin:$INFO[Window(Home).Property(DurationToolsEnd)][CR]ICON=$INFO[ListItem.Icon][CR]TestProperty=$INFO[ListItem.Property(TestProperty)][CR]DBID=$INFO[ListItem.DBID][CR]DBID1999=$INFO[Container(1999).ListItem.Property(DBID)][CR]COVER999=$INFO[Container(1999).ListItem.Property(AlbumCover)][CR]CD1999=$INFO[Container(1999).ListItem.Property(AlbumCd)][CR]numitems1999:$INFO[Container(1999).NumItems][CR]numitems1994:$INFO[Container(1994).NumItems][CR]path1994:$INFO[Container(1994).ListItem.Path][CR]numitems2998:$INFO[Container(2998).NumItems][CR]Icon1999:$INFO[Container(1999).ListItem.Icon][CR]Title1999:$INFO[Container(1999).ListItem.Title][CR]Label1999:$INFO[Container(1999).ListItem.Label][CR]Title:$INFO[ListItem.Title][CR]Label:$INFO[ListItem.Label][CR]Label2:$INFO[ListItem.Label2][CR]DBType:$INFO[ListItem.DBType][CR]Content:$INFO[Container.Content][CR]Folder:$INFO[Container.FolderPath][CR]Discart=$INFO[Window(Home).Property(SkinHelper.ListItem.Art.DiscArt)][CR]Banner=$INFO[Window(Home).Property(SkinHelper.ListItem.Art.Banner)][CR]ArtisteBanner=$INFO[Window(Home).Property(ArtistBanner)][CR]ArtistLogo=$INFO[Window(Home).Property(ArtistLogo)][CR]AlbumCD=$INFO[Window(Home).Property(AlbumCd)][CR]AlbumCover=$INFO[Window(Home).Property(AlbumCover)][CR]$INFO[ListItem.Icon][CR]$VAR[discartSpinning]</label>
			</control>-->

    		<include condition="Skin.HasSetting(VueExperimentaleMusic)">vueexperimentalemusic</include>
    		<control type="group">
    		  <visible>!Control.IsVisible(900)</visible>
    		  <left>1930</left>
              <top>710</top>
    		     <control type="image">
              
              <width>280</width>
              <height>280</height>
              <aspectratio scalediffuse="true" aligny="center">stretch</aspectratio>
              <texture background="true" diffuse="frames/cdart-mask.png">$VAR[discartSpinning]</texture>
              <bordersize>2</bordersize>
              <bordertexture>frames/cdart-mask.png</bordertexture>
              <animation type="Visible">
                <effect type="zoom" center="auto"  end="120" time="200" delay="300"  reversible="false"/>
                <effect type="slide"   end="-300,0" time="500" delay="300"  reversible="false"/>
                <effect type="rotate" center="auto" end="-360" time="1000" delay="300" reversible="false"/>
                </animation>
                <visible>[!Container.OnNext+!Container.OnPrevious+Container.Content(albums)]|Container.Content(songs)</visible>
             <!-- <animation effect="rotate"  center="auto" end="-360" time="1000" delay="2400" condition="System.IdleTime(2)" reversible="false">Conditional</animation> -->
            </control>
            </control>
    				<!-- bandeau LOGO -->
    				
    		<control type="group">
    		    			<posy>-80</posy>
    		    			<!-- <visible>!Control.IsVisible(900)</visible> -->
      			<posx>1600</posx>

          <control type="group">
      			<width>570</width>
      			<height>128</height>
      			<visible>[[String.Contains(Container.FolderPath,musicdb://genre)|Container.Content(artists)]+Control.HasFocus(2997)]|[String.Contains(Container.FolderPath,musicdb://genre)+[Container.Content(artists)|Container.Content(albums)]]|Container.Content(albums)|Container.Content(songs)</visible>
      			<animation type="Conditional" condition="true">
                <!-- <effect type="rotate" center="0,88" end="20" time="1" /> -->
                <effect type="rotate" center="0,0" end="-50" time="1" />
              </animation>       
      			
      			<control type="group">
        			<control type="image">
        				 <top>-10</top>
          <width>650</width>
          <texture>frames/genrestag.png</texture>
          <aspectratio>stretch</aspectratio>
          <bordersize>8</bordersize>
          <bordertexture border="8" colordiffuse="FFFFFFFF">landscape.png</bordertexture>
        				
        			</control>
        			
        			<control type="image">
        			  <left>-50</left>
        			  <height>110</height>
                <aspectratio>keep</aspectratio>
                <aligny>center</aligny>
                <texture>$INFO[Window(Home).Property(ArtistLogo)]</texture>
              </control>
              <visible>!String.IsEmpty(Window(Home).Property(ArtistLogo))+!String.Contains(Container.FolderPath,musicdb://genre)</visible>
            </control>     
            
            <control type="group">
              <control type="image">
                <width>700</width>
        				<texture>frames/genrestag.png</texture>
        				<aspectratio>stretch</aspectratio>    				
        			</control>
        			<control type="group">
          		<control type="fadelabel">
          				<width>500</width>
          				<posx>55</posx>
          				<posy>3</posy>
          				<aligny>center</aligny>
          				<align>center</align>
          				<font>impact</font>
          				<textcolor>black</textcolor>
          				<label>$INFO[ListItem.AlbumArtist]</label>
          				<scrollout>true</scrollout>
          				 <scroll>true</scroll>
          			</control>
          			<control type="fadelabel">
          				<width>500</width>
          				<posx>52</posx>
          				<aligny>center</aligny>
          				<align>center</align>
          				<font>impact</font>
          				<textcolor>white</textcolor>
          				<label>$INFO[ListItem.AlbumArtist]</label>
          				 <scroll>true</scroll>
          				 <scrollout>true</scrollout>
          			</control>
          			<visible>!String.Contains(Container.FolderPath,musicdb://genre)</visible>
          			</control>
          			<control type="group">
          			<control type="fadelabel">
          				<width>500</width>
          				<posx>55</posx>
          				<posy>3</posy>
          				<aligny>center</aligny>
          				<align>center</align>
          				<font>impact</font>
          				<textcolor>black</textcolor>
          				<label>$VAR[infogenre]</label>
          				<scrollout>true</scrollout>
          				 <scroll>true</scroll>
          			</control>
          			<control type="fadelabel">
          				<width>500</width>
          				<posx>52</posx>
          				<aligny>center</aligny>
          				<align>center</align>
          				<font>impact</font>
          				<textcolor>white</textcolor>
          				<label>$VAR[infogenre]</label>
          				 <scroll>true</scroll>
          				 <scrollout>true</scrollout>
          			</control>
          			<visible>String.Contains(Container.FolderPath,musicdb://genre)</visible>
          			</control>
          			<visible>String.IsEmpty(Window(Home).Property(ArtistLogo))|String.Contains(Container.FolderPath,musicdb://genre)</visible>
      			</control>
      			
      		</control>
      		
      		
      		<control type="image">
      		  <left>170</left>
      		  <top>-880</top>
              <width>150</width>
              <bordersize>20</bordersize>
    				  <bordertexture border="20" colordiffuse="FFFFFFFF">frames/menu_glass2b.png</bordertexture>
              <aspectratio scalediffuse="true">keep</aspectratio>
              <texture>$INFO[Container.Art(artist.thumb)]</texture>
            </control>
    		</control>	
  		 <control type="group">
    		  <include>Global_ScrollOffsetLabel</include>
        <include>Global_AddonInfo</include>
        
        <visible>!Skin.HasSetting(VueExperimentaleMusic)</visible>
    	 </control>	
  		 <control type="group">
          <animation type="Conditional" condition="Skin.HasSetting(VueExperimentaleMusic)" reversible="false">
            <!-- <effect type="slide" end="0,-835" time="0"  /> -->
            <effect type="slide" end="0,205" time="0"  /> -->
          </animation>
        <include>AffichagePosition</include>      
       </control>
       <control type="image">
        <include>Animation_FadeFond</include>
       <posx>0</posx>
       <posy>0</posy>
       <width>1920</width>
       <height>1080</height>
       <texture>background.png</texture>
      </control>
    </control>
     
    <include>MenuGeneral</include>
		
		
		
		 <!--	DEBUG ---
    <control type="label">
      <posy>500</posy>
      <height>80</height>
      
      <label>*****$INFO[ListItem.Property(Album_Label)]/$INFO[Container(1999).ListItem.Property(AlbumCd)]</label>
    </control>
    
    -->
		
	</controls>
</window>
