<?xml version="1.0" encoding="UTF-8"?>
<window>
	<defaultcontrol always="true">50</defaultcontrol>
	<views>50</views>
	<controls>
		<include>Global_Background</include>

		<!-- EGP Search -->
		<control type="group">
			<description>TV Search group</description>
			<visible>Control.IsVisible(50)</visible>
			<control type="group">
				<posx>80</posx>
				<posy>50</posy>
				<control type="label">
					<description>Time label</description>
					<posx>0</posx>
					<posy>0</posy>
					<width>300</width>
					<height>30</height>
					<align>center</align>
					<aligny>center</aligny>
					<include>LiveTVLabel</include>
					<label>$LOCALIZE[21820]</label>
				</control>
				<control type="label">
					<description>Channel label</description>
					<posx>300</posx>
					<posy>0</posy>
					<width>250</width>
					<height>30</height>
					<align>center</align>
					<aligny>center</aligny>
					<include>LiveTVLabel</include>
					<label>$LOCALIZE[19148]</label>
				</control>
				<control type="label">
					<description>Title</description>
					<posx>550</posx>
					<posy>0</posy>
					<width>490</width>
					<height>30</height>
					<align>center</align>
					<aligny>center</aligny>
					<include>LiveTVLabel</include>
					<label>$LOCALIZE[369]</label>
				</control>
				<control type="image">
					<description>separator image</description>
					<left>0</left>
					<top>35</top>
					<width>1100</width>
					<height>1</height>
					<colordiffuse>88FFFFFF</colordiffuse>
					<texture>videoinfoline.png</texture>
				</control>
				<control type="list" id="50">
					<posx>0</posx>
					<posy>40</posy>
					<width>1100</width>
					<height>434</height>
					<onup>50</onup>
					<ondown>50</ondown>
					<onleft>104</onleft>
					<onright>77</onright>
					<pagecontrol>77</pagecontrol>
					<scrolltime>200</scrolltime>
					<itemlayout height="36">
						<control type="label">
							<left>0</left>
							<top>0</top>
							<width>300</width>
							<height>36</height>
							<align>center</align>
							<aligny>center</aligny>
							<include>LiveTVLabel</include>
							<info>ListItem.Date</info>
						</control>
						<control type="image">
							<posx>310</posx>
							<posy>2</posy>
							<width>32</width>
							<height>32</height>
							<info>ListItem.Icon</info>
						</control>
						<control type="label">
							<posx>350</posx>
							<posy>0</posy>
							<width>190</width>
							<height>36</height>
							<align>left</align>
							<aligny>center</aligny>
							<include>LiveTVLabel</include>
							<info>ListItem.ChannelName</info>
						</control>
						<control type="label">
							<posx>560</posx>
							<posy>0</posy>
							<width>5000</width>
							<height>36</height>
							<align>left</align>
							<aligny>center</aligny>
							<include>LiveTVLabel</include>
							<info>ListItem.Label</info>
						</control>
					</itemlayout>
					<focusedlayout height="36">
						<control type="image">
							<description>Focus selection</description>
							<width>1090</width>
							<height>36</height>
							<posx>0</posx>
							<posy>0</posy>
							<texture colordiffuse="FocusBar">buttonfo2wide2.png</texture>
						</control>
						<control type="label">
							<left>0</left>
							<top>0</top>
							<width>300</width>
							<height>36</height>
							<align>center</align>
							<aligny>center</aligny>
							<include>LiveTVLabel</include>
							<info>ListItem.Date</info>
						</control>
						<control type="image">
							<posx>310</posx>
							<posy>2</posy>
							<width>32</width>
							<height>32</height>
							<info>ListItem.Icon</info>
						</control>
						<control type="label">
							<posx>350</posx>
							<posy>0</posy>
							<width>190</width>
							<height>36</height>
							<align>left</align>
							<aligny>center</aligny>
							<include>LiveTVLabel</include>
							<info>ListItem.ChannelName</info>
						</control>
						<control type="label">
							<posx>560</posx>
							<posy>0</posy>
							<width>500</width>
							<height>36</height>
							<align>left</align>
							<aligny>center</aligny>
							<include>LiveTVLabel</include>
							<info>ListItem.Label</info>
						</control>
					</focusedlayout>
				</control>
				<control type="scrollbar" id="77">
					<posx>1105</posx>
					<posy>30</posy>
					<width>25</width>
					<height>466</height>
					<texturesliderbackground>-</texturesliderbackground>
					<textureslidernibfocus>scrollbarv_nib_focus.png</textureslidernibfocus>
					<onleft>50</onleft>
					<onright>104</onright>
					<showonepage>false</showonepage>
					<orientation>vertical</orientation>
				</control>
			</control>
			<!-- TV Channel Plot (Bottom) -->
			<include>LiveTVPlot</include>
		</control>	
	
		<!--  Side Buttons -->	
		<control type="group">
			<include>Animation_NavMenu</include>
			<include>NavMenuBackground</include>
			<control type="grouplist" id="7000">
				<posx>470</posx>
				<posy>120</posy>
				<width>340</width>
				<height>472</height>
				<itemgap>2</itemgap>
				<onleft>50</onleft>
				<onright>50</onright>
				<visible allowhiddenfocus="true">ControlGroup(7000).HasFocus</visible>
				<include>PVR_SideMenu</include>
				<include>Nav_NowPlaying</include>
			</control>
		</control>
	
		<include>PVR_Headers</include>
		
		
		
	</controls>
</window>
