<?xml version="1.0" encoding="UTF-8"?>
<includes>
	<!-- ---------------------------------------------------------------------------------------------- -->
<include name="commontexture">
		<top>60</top>	
		<left>30</left>	
		<width>250</width>
		<height>393</height>
	</include>

	<!-- ---------------------------------------------------------------------------------------------- -->
<include name="ViewType_Vitrine">
		<!-- 3dreflect -->
		<control type="image">
				<top>450</top>
				<left>-100</left>
				<width>3000</width>
				<height>640</height>
				<texture background="true" >frames/submenubar.png</texture>
				<aspectratio scalediffuse="false">stretch</aspectratio>
				<include>AnimationCacheNonSelect</include>
		
				<colordiffuse>BackgroundColor</colordiffuse>
				<visible>Control.IsVisible(584)</visible>
			<!---->
				<animation effect="rotatey" center="0" start="0" end="-8" time="500" condition="true">Conditional</animation>
		</control>
		<control type="group">
			<posy>170</posy>
			
			<visible>Control.IsVisible(584)</visible>
			<!---->
			<animation effect="rotatey" center="30" start="0" end="-8" time="500" condition="true">Conditional</animation>
			
			<control type="group">
				<control type="fixedlist" id="584">
					<posx>30</posx>
					<posy>0</posy>
					<width>3000</width>
					<height>665</height>
					<include condition="!Skin.HasSetting(ViewLockdown)">OnUp7000</include>





					<!-- <ondown>60</ondown> -->
					<viewtype label="31825">wrap</viewtype>
					<pagecontrol>60</pagecontrol>
					<orientation>horizontal</orientation>
					<scrolltime>250</scrolltime>
					<focusposition>0</focusposition>
					<visible>Container.Content(musicvideos) | Container.Content(movies) | Container.Content(sets) | Container.Content(tvshows) | Container.Content(seasons)</visible>
					
					<itemlayout height="700" width="330">
					 
						<control type="group">
						   <include>isWatched</include>
						<control type="group">
						<!--	<animation effect="rotatey" center="150" start="0" end="-35" time="500" condition="true">Conditional</animation>-->
						
							<control type="image">
								<include>commontexture</include>
								<texture background="true" fallback="DefaultThumb.png">$INFO[ListItem.Art(poster)]</texture>
								<aspectratio scalediffuse="false">stretch</aspectratio>
							</control>
					<control type="image">
					<top>450</top>
					<left>3</left>
					<width>390</width>
					<height>33</height>
					<texture background="true" fallback="frames/bannerdefault.png">$INFO[ListItem.Art(banner)]</texture>							
					<aspectratio scalediffuse="false">stretch</aspectratio>
					<animation effect="rotate"  center="3,450" end="90"  condition="true" reversible="false">Conditional</animation>
					<visible>String.Contains(ListItem.DBTYPE,set)</visible>
				</control>
				<control type="group">
				  <top>450</top>
					<left>3</left>
					<width>390</width>
					<height>33</height>
				  
					<animation effect="rotate"  center="3,450" end="90"  condition="true" reversible="false">Conditional</animation>
				<control type="image">
					
					<texture background="true" fallback="frames/bannerdefaultall.png">$INFO[ListItem.Art(banner)]</texture>							
					<aspectratio scalediffuse="false">stretch</aspectratio>
					
					
					<visible>!String.Contains(ListItem.DBTYPE,set)</visible>
				</control>
				</control>
							<control type="image">
								<top>23</top>		
								<width>287</width>
								<height>443</height>
								<texture background="true">frames/bcover5.png</texture>
								<aspectratio scalediffuse="false">stretch</aspectratio>
							</control>
							<control type="group">								
								<visible>String.Contains(ListItem.DBTYPE,set) | Container.Content(movies) | Container.Content(episodes) | Container.Content(MusicVideos)</visible>
								<control type="image">
									<top>27</top>
									<left>115</left>
									<width>60</width>
									<height>35</height>								
									<!-- <texture fallback="flags/default.png">$VAR[MediaFlag_VideoCodec]</texture> -->
									<texture fallback="flags/default.png">$INFO[listitem.videoresolution,flags/videoresolution/,.png]</texture>
									
									<aspectratio>keep</aspectratio>
								</control>	
								<control type="group">
									<top>40</top>
									<left>195</left>
									<include>OverlayProgress</include>
								</control>								
							</control>
						</control>
						
						
						<control type="group">
						<!--<animation type="Conditional" condition="true">
								<effect type="rotatex" center="450,10"  end="60" reversible="false"/>
							</animation>
						-->
						  
						
							<control type="image">
								<top>468</top>
								
								<aligny>top</aligny>
								<include>commontexture</include>
								<texture background="true" fallback="DefaultThumb.png" flipy="true" diffuse="frames/reflect_poster2.png" >$INFO[ListItem.Art(poster)]</texture>
								<aspectratio scalediffuse="true">stretch</aspectratio>
								<colordiffuse>A0FFFFFF</colordiffuse>
							</control>
							<control type="image">
								<top>463</top>		
								<width>287</width>
								<height>433</height>
								<texture background="true" flipy="true" diffuse="frames/reflect_poster2.png">frames/bcover3.png</texture>
								<aspectratio scalediffuse="false">stretch</aspectratio>
								<colordiffuse>A0FFFFFF</colordiffuse>
							</control>
							
						</control>
						<include>AnimationCacheNonSelect</include>
						 <include content="MediaInfoMini">
                <param name="PosX">50</param>
                <param name="PosY">420</param>
              </include>
              
              
			       <visible>!String.IsEqual(ListItem.Label,..)+!String.IsEqual(ListItem.Title,..)</visible>
  </control>
  <control type="image">
    <left>20</left>
    <top>2</top>
    <width>287</width>
								<height>443</height>
    <aspectratio>keep</aspectratio>
    <texture>buttons/parent.png</texture>
    <visible>String.IsEqual(ListItem.Label,..)|String.IsEqual(ListItem.Title,..)</visible>
  </control>
						</itemlayout>
					<focusedlayout height="600" width="360">
						<include>ActiveClearArt</include>
						
						<control type="group">
						  <animation type="Focus">
						<effect type="slide" start="0,0" end="0,185" time="500" delay="200" reversible="false"/>	
					</animation>
					 <animation type="UnFocus">
						<effect type="slide" end="0,0" start="0,185" time="500" delay="100" reversible="false"/>	
					</animation>
						   <include>isWatched</include>
						       <control type="group"> <!-- sorti disque -->
				
					<visible>Control.hasFocus(584)</visible>
					<left>25</left>
							<top>150</top>
							<width>300</width>
							<height>300</height>
					<animation type="Focus">
						<effect type="slide" start="-20" end="260" time="800" delay="1500" reversible="false"/>	
						<effect type="slide"  start="0" end="-280" time="800" delay="9500" reversible="false"/>
					</animation>
					<!--<animation effect="slide" end="-400" time="1" delay="0" reversible="false">UnFocus</animation> -->
					<animation effect="slide" end="-400" time="1" delay="0" reversible="false" condition="Container.OnNext()|Container.OnPrevious()">Conditional</animation>
					<control type="group">
						<visible>!String.Contains(ListItem.DBTYPE,set)|[String.Contains(ListItem.DBTYPE,set)+!String.IsEmpty(ListItem.Art(discart))]</visible>
						<animation effect="rotate"  center="auto" end="-360" time="1000" delay="1300" reversible="false">Focus</animation>	
						<control type="image">
							
							<aspectratio>keep</aspectratio>						
							<texture background="true" diffuse="frames/cdart-mask.png">$INFO[ListItem.Art(discart)]</texture>				
											
						</control>
						<control type="image">
							
							<aspectratio scalediffuse="true" aligny="center">stretch</aspectratio>
							<texture background="true" diffuse="frames/cdart-mask.png">$INFO[ListItem.Icon]</texture>
							<visible>String.IsEmpty(ListItem.Art(discart))</visible>
						</control>						
					</control>
					
					
				
				</control> 
						<control type="group">
						<!--	<animation effect="rotatey" center="150" start="0" end="-35" time="500" condition="true">Conditional</animation>-->
						
							<control type="image">
								<include>commontexture</include>
								<texture background="true" fallback="DefaultThumb.png">$INFO[ListItem.Art(poster)]</texture>
								<aspectratio scalediffuse="false">stretch</aspectratio>
							</control>
					<control type="image">
					<top>450</top>
					<left>3</left>
					<width>390</width>
					<height>33</height>
					<texture background="true" fallback="frames/bannerdefault.png">$INFO[ListItem.Art(banner)]</texture>							
					<aspectratio scalediffuse="false">stretch</aspectratio>
					<animation effect="rotate"  center="3,450" end="90"  condition="true" reversible="false">Conditional</animation>
					<visible>String.Contains(ListItem.DBTYPE,set)</visible>
				</control>
				<control type="group">
				  <top>450</top>
					<left>3</left>
					<width>390</width>
					<height>33</height>
				  
					<animation effect="rotate"  center="3,450" end="90"  condition="true" reversible="false">Conditional</animation>
				<control type="image">
					
					<texture background="true" fallback="frames/bannerdefaultall.png">$INFO[ListItem.Art(banner)]</texture>							
					<aspectratio scalediffuse="false">stretch</aspectratio>
					
					
					<visible>!String.Contains(ListItem.DBTYPE,set)</visible>
				</control>
				</control>
							<control type="image">
								<top>23</top>		
								<width>287</width>
								<height>443</height>
								<texture background="true">frames/bcover5.png</texture>
								<aspectratio scalediffuse="false">stretch</aspectratio>
							</control>
							<control type="group">								
								<visible>String.Contains(ListItem.DBTYPE,set) | Container.Content(movies) | Container.Content(episodes) | Container.Content(MusicVideos)</visible>
								<control type="image">
									<top>27</top>
									<left>115</left>
									<width>60</width>
									<height>35</height>								
									<!-- <texture fallback="flags/default.png">$VAR[MediaFlag_VideoCodec]</texture> -->
									<texture fallback="flags/default.png">$INFO[listitem.videoresolution,flags/videoresolution/,.png]</texture>
									
									<aspectratio>keep</aspectratio>
								</control>	
								<control type="group">
									<top>40</top>
									<left>195</left>
									<include>OverlayProgress</include>
								</control>								
							</control>
						</control>
						
						
						
						<include>AnimationCacheNonSelect</include>
						 <include content="MediaInfoMini">
                <param name="PosX">50</param>
                <param name="PosY">420</param>
              </include>
         
              
			       <visible>!String.IsEqual(ListItem.Label,..)+!String.IsEqual(ListItem.Title,..)</visible>
  </control>
  
  <control type="image">
    <left>20</left>
    <top>2</top>
    <width>287</width>
								<height>443</height>
    <aspectratio>keep</aspectratio>
    <texture>buttons/parent.png</texture>
    <visible>String.IsEqual(ListItem.Label,..)|String.IsEqual(ListItem.Title,..)</visible>
    <animation type="Focus">
								<effect type="rotatey" center="30" start="-8" end="8" time="500" reversible="false"/>
								<effect type="zoom" start="100" end="120" time="500"  reversible="false"/>
								<effect type="slide"  end="0,50" time="500"  reversible="false"/>
								
							</animation>
							<animation type="UnFocus">
								<effect type="zoom" start="120" end="100" time="100"  reversible="false"/>
								<effect type="rotatey" center="30" start="8" end="0" time="100" reversible="false"/>	
								
							</animation>
  </control>
						</focusedlayout>
				</control>
			</control>
			<!--<include>PosterViewCommon_Details</include>-->
		</control>
	</include>



</includes>
