<?xml version="1.0" encoding="UTF-8"?>
<window>
    <defaultcontrol>3</defaultcontrol>
    <include>Animation_DialogPopupOpenClose</include>
    <controls>
        <control type="group">
		<include>Global_Background</include>	
		<control type="image">
			<posx>-70</posx>
			<posy>450</posy>
			<width>1420</width>
			<height>63</height>
			<texture flipy="true">osd/OSDdialogback.png</texture>
			<colordiffuse>BackgroundColor</colordiffuse>
		</control>
                <control type="label">
                    <description>Controller types heading</description>
                    <top>90</top>
                    <left>15</left>
                    <width>330</width>
                    <height>25</height>
                    <label>$LOCALIZE[35050]</label>
                    <align>center</align>
                    <aligny>center</aligny>
					<font>METF_DialogLarge</font>
					<textcolor>TextNF</textcolor>
					<focusedcolor>TextFO</focusedcolor>
					<selectedcolor>TextNF</selectedcolor>
					<disabledcolor>TextDisabled</disabledcolor>
                </control>
                <control type="image">
                    <left>-5</left>
                    <top>110</top>
                    <width>370</width>
                    <height>582</height>
                    <texture border="40" colordiffuse="FocusBar">ButtonFO2Wide2.png</texture>
                </control>
                <control type="grouplist" id="3">
                    <description>Controller types grouplist</description>
                    <left>15</left>
                    <top>130</top>
                    <width>330</width>
                    <height>540</height>
                    <onleft>9001</onleft>
                    <onright>5</onright>
                    <onup>3</onup>
                    <ondown>3</ondown>
                </control>
                <control type="button" id="10">
                    <description>Default controller types button</description>
                    <height>60</height>
                    <width>330</width>
                    <align>center</align>
                    <aligny>center</aligny>
					<font>METF_DialogLarge</font>
                    <texturefocus colordiffuse="button_focus" colordiffuse="FocusBar">ButtonFO2Wide2.png</texturefocus>
                    <texturenofocus colordiffuse="FocusBar">ButtonFO2Wide2.png</texturenofocus> -->
                </control>
                <control type="gamecontroller" id="31">
                    <left>390</left>
                    <top>210</top>
                    <width>547</width>
                    <height>343</height>
                </control>
                <control type="label">
                    <description>Feature types heading</description>
                    <top>90</top>
                    <left>995</left>
                    <width>330</width>
                    <height>25</height>
                    <label>$LOCALIZE[35059]</label>
                    <align>center</align>
                    <aligny>center</aligny>
					<font>METF_DialogLarge</font>
					<textoffsetx>20</textoffsetx>
					<textcolor>TextNF</textcolor>
                </control>
                <control type="image">
                    <left>975</left>
                    <top>110</top>
                    <width>370</width>
                    <height>582</height>
                    <texture border="40" colordiffuse="FocusBar">ButtonFO2Wide2.png</texture>
                </control>
                <control type="grouplist" id="5">
                    <description>Feature types grouplist</description>
                    <left>995</left>
                    <top>130</top>
                    <width>330</width>
                    <height>540</height>
                    <onleft>3</onleft>
                    <onright>61</onright>
                    <onup>5</onup>
                    <ondown>5</ondown>
                    <pagecontrol>61</pagecontrol>
                </control>
                <control type="scrollbar" id="61">
                    <left>1330</left>
                    <top>130</top>
                    <width>12</width>
                    <height>540</height>
                    <onleft>5</onleft>
                    <onright>9001</onright>
                    <orientation>vertical</orientation>
                </control>
					<control type="button" id="7">
						<description>Default feature types button</description>
						<width>330</width>
						<height>60</height>
						<align>center</align>
						<aligny>center</aligny>
						<font>METF_DialogLarge</font>
						<label>$LOCALIZE[21452]</label>
						<textoffsetx>20</textoffsetx>
						<textcolor>TextNF</textcolor>
						<focusedcolor>DialogTextFO</focusedcolor>
						<disabledcolor>TextDisabled</disabledcolor>
						<texturefocus colordiffuse="FocusBar">ButtonFO2Wide2.png</texturefocus>
						<texturenofocus>-</texturenofocus> -->
						<pulseonselect>false</pulseonselect>
					</control>
				<control type="grouplist" id="9001">
					<left>1360</left>
					<top>110</top>
					<onleft>5</onleft>
					<onright>3</onright>
					<itemgap>-20</itemgap>
					<control type="button" id="20">
						<description>Default Button</description>
						<width>350</width>
						<height>40</height>
						<align>left</align>
						<aligny>center</aligny>
						<font>METF_DialogLarge</font>
						<label>$LOCALIZE[21452]</label>
						<textoffsetx>20</textoffsetx>
						<textcolor>TextNF</textcolor>
						<focusedcolor>DialogTextFO</focusedcolor>
						<disabledcolor>TextDisabled</disabledcolor>
						<texturefocus colordiffuse="FocusBar">ButtonFO2Wide2.png</texturefocus>
						<texturenofocus>-</texturenofocus> -->
						<pulseonselect>false</pulseonselect>
					</control>
					<control type="button" id="19">
						<description>Default Button</description>
						<width>350</width>
						<height>40</height>
						<align>left</align>
						<aligny>center</aligny>
						<font>METF_DialogLarge</font>
						<label>$LOCALIZE[10035]</label>
						<textoffsetx>20</textoffsetx>
						<textcolor>TextNF</textcolor>
						<focusedcolor>DialogTextFO</focusedcolor>
						<disabledcolor>TextDisabled</disabledcolor>
						<texturefocus colordiffuse="FocusBar">ButtonFO2Wide2.png</texturefocus>
						<texturenofocus>-</texturenofocus> -->
						<pulseonselect>false</pulseonselect>
					</control>
					<control type="button" id="18">
						<description>Default Button</description>
						<width>350</width>
						<height>40</height>
						<align>left</align>
						<aligny>center</aligny>
						<font>METF_DialogLarge</font>
						<label>$LOCALIZE[186]</label>
						<textoffsetx>20</textoffsetx>
						<textcolor>TextNF</textcolor>
						<focusedcolor>DialogTextFO</focusedcolor>
						<disabledcolor>TextDisabled</disabledcolor>
						<texturefocus colordiffuse="FocusBar">ButtonFO2Wide2.png</texturefocus>
						<texturenofocus>-</texturenofocus> -->
						<pulseonselect>false</pulseonselect>
					</control>
					<control type="button" id="17">
						<description>Default Button</description>
						<width>350</width>
						<height>40</height>
						<align>left</align>
						<aligny>center</aligny>
						<font>METF_DialogLarge</font>
						<label>$LOCALIZE[10043]</label>
						<textoffsetx>20</textoffsetx>
						<textcolor>TextNF</textcolor>
						<focusedcolor>DialogTextFO</focusedcolor>
						<disabledcolor>TextDisabled</disabledcolor>
						<texturefocus colordiffuse="FocusBar">ButtonFO2Wide2.png</texturefocus>
						<texturenofocus>-</texturenofocus> -->
						<pulseonselect>false</pulseonselect>
					</control>
				</control>
        </control>
    </controls>
</window>


