<?xml version="1.0" encoding="UTF-8"?>
<includes>
	<include name="Viewtype_Disc">
		<control type="group">
		<posy>178</posy>
			<visible>Control.IsVisible(586)</visible>
			<animation type="Conditional" condition="Control.HasFocus(1999)">
			<effect type="fade" time="200" start="100" end="50" />
		</animation>
			<include>Animation_OpenCloseFade</include>
			<include>Animation_HiddenByInfo</include>			
			<!-- Browser -->
			<control type="image">
				<posx>0</posx>
				<posy>415</posy>
				<width>1920</width>
				<height>230</height>
				<texture diffuse="shine.png">frames/ClassicFrame_background.png</texture>
				<include>AnimationCacheNonSelect</include>
			
				<colordiffuse>90101010</colordiffuse>
			</control>
			<control type="fixedlist" id="586">
				<posx>10</posx>
				<posy>390</posy>
				<height>500</height>
				<width>2000</width>
				<align>center</align>
				<include condition="!Skin.HasSetting(ViewLockdown)">OnUp7000</include>
        <ondown condition="!String.Contains(ListItem.DBTYPE,set)">60</ondown>
				<ondown condition="String.Contains(ListItem.DBTYPE,set)">1999</ondown>
				
				<onleft>586</onleft>
				<onright>586</onright>
				<viewtype label="31827">icon</viewtype>
				<orientation>horizontal</orientation>
				<focusposition>2</focusposition>
				<scrolltime>200</scrolltime>
				<preloaditems>2</preloaditems>
				<pagecontrol>60</pagecontrol>
				
				
							<visible>[Container.Content(movies) | Container.Content(tvshows) |Container.Content(sets)|Container.Content(albums)]</visible>

				<itemlayout width="400" height="194">
				  
				<control type="group">
				  <include>isWatched</include>
					<posy>40</posy>
					<control type="group">
					
					<control type="image" >	
					  <visible>!String.IsEmpty(ListItem.Art(discart))</visible>					
						<posx>9</posx>						
						<width>200</width>
						<height>200</height>
						<aspectratio scalediffuse="true" aligny="center">keep</aspectratio>
						<texture background="true" fallback="cdorg.png" diffuse="frames/cdart-mask.png">$INFO[ListItem.Art(discart)]</texture>		
						<fadetime>200</fadetime>
						<colordiffuse>C0FFFFFF</colordiffuse>
						<animation type="conditional" condition="Container.OnNext" >
						
						<effect type="rotatey" center="100,0"  end="360" time="800" reversible="false" />
						</animation>
					</control>
					<control type="image" >						
						<posx>9</posx>						
						<width>200</width>
						<height>200</height>
						<aspectratio scalediffuse="true" aligny="center">stretch</aspectratio>
						<texture background="true"  fallback="cdorg.png" diffuse="frames/cdart-mask.png">$INFO[ListItem.Art(poster)]</texture>		
						<fadetime>200</fadetime>
						<colordiffuse>C0FFFFFF</colordiffuse>
						<visible>String.IsEmpty(ListItem.Art(discart))</visible>
						<animation type="conditional" condition="Container(586).OnNext" >
						
						<effect type="rotatey" center="100,0"  end="360" time="800" reversible="false" />
						</animation>
					</control>
					</control>
				
				<!-- Watched Overlay for In-Progress Items -->
				<control type="group">
					<posx>160</posx>
					<posy>195</posy>
					<include>OverlayProgress</include>
				</control>
				<control type="group">
				<left>28</left>
				<posy>67</posy>
			<include>ShowTotalTvEp</include>		
			</control>
			<include>AnimationCacheNonSelect</include>
							<visible>!String.IsEqual(ListItem.Label,..)+!String.IsEqual(ListItem.Title,..)</visible>
				</control>		
				    <control type="group">
        <visible>String.IsEqual(ListItem.Label,..)|String.IsEqual(ListItem.Title,..)</visible>
        
      <control type="image">
    <left>20</left>
    <top>25</top>
    <height>80</height>
    <width>300</width>
    <aspectratio>keep</aspectratio>
    <texture>buttons/parent.png</texture>
    
  </control>
  </control>
			</itemlayout>
			<focusedlayout width="400" height="178">
			  <control type="group">
				<include>ActiveClearArt</include>		
				<control type="image" >			
				  <visible>!String.IsEmpty(ListItem.Art(discart))</visible>			
						<posx>9</posx>						
						<width>200</width>
						<height>200</height>
						<aspectratio scalediffuse="true" aligny="center">keep</aspectratio>
						<texture background="true"  fallback="cdorg.png" diffuse="frames/cdart-mask.png">$INFO[ListItem.Art(discart)]</texture>		
						<fadetime>200</fadetime>
						<animation type="Focus" >
						<effect type="zoom" center="auto" start="100" end="140" time="400" tween="bounce" easing="out" />
						<effect type="rotatey" center="100,0"  end="360" time="1000" reversible="false" delay="1000" />
						</animation>
					</control>
					<control type="image" >						
						<posx>9</posx>						
						<width>200</width>
						<height>200</height>
						<aspectratio scalediffuse="true" aligny="center">stretch</aspectratio>
						<texture background="true"  fallback="cdorg.png" diffuse="frames/cdart-mask.png">$INFO[ListItem.Art(poster)]</texture>		
						<fadetime>200</fadetime>
						<animation type="Focus" >
						<effect type="zoom" center="auto" start="100" end="140" time="400" tween="bounce" easing="out" />
						<effect type="rotatey" center="100,0"  end="360" time="1000" reversible="false" delay="1000" />
						</animation>
						<visible>String.IsEmpty(ListItem.Art(discart))</visible>
					</control>
				
			
			<!-- Watched Overlay for In-Progress Items -->
			<control type="group">
					<posx>200</posx>
					<posy>230</posy>
					<include>OverlayProgress</include>
				</control>
				<visible>!String.IsEqual(ListItem.Label,..)+!String.IsEqual(ListItem.Title,..)</visible>
				</control>		
				    <control type="group">
        <visible>String.IsEqual(ListItem.Label,..)|String.IsEqual(ListItem.Title,..)</visible>
         <animation reversible="false" effect="zoom" center="auto" start="100" end="135" time="200" tween="bounce" >focus</animation>
        <animation reversible="false" effect="zoom" center="auto" start="135" end="100" time="200" tween="bounce" >unfocus</animation>

       
      <control type="image">
    <left>20</left>
    <top>25</top>
    <height>80</height>
    <width>300</width>
    <aspectratio>keep</aspectratio>
    <texture>buttons/parent.png</texture>
    
  </control>
  </control>
		</focusedlayout>
	</control>
	<!-- Browser label and flags 
	
-->
	<include>ScrollBar_Horizontal</include>
</control>
</include>


</includes>
