<?xml version="1.0" encoding="UTF-8"?>
<window id="10115">
<visible>[Window.IsActive(fullscreenvideo) | Window.IsActive(Visualisation)] + !Window.IsVisible(10153)</visible>
	<visible>![Window.IsActive(VideoOSD) | Window.IsActive(MusicOSD)] + !Window.IsActive(FullscreenInfo) + [Player.Seeking | Player.DisplayAfterSeek | Player.Paused | Player.Forwarding | Player.Rewinding]</visible>
<onload>SetProperty(ShowSeekBar,1,Home)</onload>
<onunload>SetProperty(ShowSeekBar,,Home)</onunload>
	<controls>
	  <!--  -->
	<control type="group">			
		
		<animation type="Conditional" condition="Skin.HasSetting(CacherPause)+Player.Paused+!String.IsEmpty(Window(Home).property(ShowSeekBar))">
       <effect type="fade"  start="100" end="0" time="500"  delay="4000" reversible="false"/>
     </animation>
		
		<include>OSD_Player_Details</include>
		<control type="group">
			<top>-150</top>
			<include>OSD_Player_Time</include>			
				<include>OSD_SeekBar</include> 						
		</control>
		
		</control>
		
		<control type="group">
		  <visible>Skin.HasSetting(CacherPause)+Player.Paused+!String.IsEmpty(Window(Home).property(ShowSeekBar))</visible>
		   <top>-1150 </top>
		   <animation effect="zoom" center="25,25" start="65" end="105" time="1500" pulse="true" condition="Player.Paused" reversible="false">Conditional</animation>
		   <animation type="Visible">
       <effect type="slide"  start="0,0" end="0,70" time="1"  delay="4000" />
        
     </animation>
     
		  <control type="image">
		    <width>50</width>
		   
		    <texture>osd/osd_pause.png</texture>
		    <aspectratio>keep</aspectratio>
		    
		  </control>
		  
		</control>
		
	</controls>
</window>
