<?xml version="1.0" encoding="UTF-8"?>
<window>
  <defaultcontrol always="true">211</defaultcontrol>
  <controls>
    <control type="group">
      <include>Animation_OpenCloseFade</include>
      <include>Global_Background</include>
      <visible>String.IsEmpty(Window.Property(additionalDialog))</visible>
      <!-- telex
      <control type="label">
      <posx>30</posx>
      <posy>600</posy>
      <label>$INFO[Window.Property(background)]</label>
      </control>
      -->
      <control type="group">
        <posx>1450</posx>
        <posy>390</posy>
        <!-- Icon and Background backdrop -->
        <control type="image">
          <left>0</left>
          <top>-130</top>
          <width>460</width>
          <height>500</height>
          <texture background="true" >list/listfocus.png</texture>
          <colordiffuse>BackgroundColor</colordiffuse>
        </control>
        <control type="group">
          <left>30</left>
        <!-- Thumbnail (Home2 icon) -->
        <control type="image" id="901">
          <left>150</left>
          <top>-120</top>
          <width>120</width>
          <height>120</height>
          <texture background="true" fallback="DefaultShortcut.png">$INFO[Container(211).ListItem.Icon]</texture>
          <aspectratio>keep</aspectratio>
        </control>
        <!-- Thumbnail Label (Home2) -->
        <control type="label" id="904">
          <left>10</left>
          <top>0</top>
          <width>380</width>
          <height>30</height>
          <font>METF_SettingsDetail</font>
          <textcolor>white</textcolor>
          <align>center</align>
          <aligny>center</aligny>
          <label>$LOCALIZE[21371]</label>
          <visible>String.IsEqual(Window.Property(groupname),mainmenu)</visible>
        </control>

        <!-- Background -->
        <control type="multiimage" id="903">
          <left>0</left>
          <top>50</top>
          <width>400</width>
          <height>250</height>
          <timeperimage>15000</timeperimage>
          <randomize>true</randomize>
          <fadetime>500</fadetime>
          <imagepath background="true">$INFO[Window.Property(background)]</imagepath>
          <aspectratio>keep</aspectratio>
          <visible>![Control.HasFocus(1001)|Control.HasFocus(2001)|Control.HasFocus(1002)|Control.HasFocus(2002)|Control.HasFocus(1003)|Control.HasFocus(2003)]</visible>
        </control>
        <control type="image" id="777">
          <left>0</left>
          <top>50</top>
          <width>400</width>
          <height>250</height>
          <timeperimage>15000</timeperimage>
          <randomize>true</randomize>
          <fadetime>500</fadetime>
          <texture background="true">widgetthumb/widgetperm.jpg</texture>
          <aspectratio>keep</aspectratio>
          <visible>[[Control.HasFocus(1002)|Control.HasFocus(1003)]+!String.IsEmpty(Container(211).ListItem.Property(WidgetShow))+String.IsEmpty(Container(211).ListItem.Property(WidgetShowH))]|[[Control.HasFocus(2002)|Control.HasFocus(2003)]+!String.IsEmpty(Container(211).ListItem.Property(WidgetShow.2))+String.IsEmpty(Container(211).ListItem.Property(WidgetShowH.2))]</visible>
        </control>
        <control type="image" id="778">
          <left>0</left>
          <top>50</top>
          <width>400</width>
          <height>250</height>
          <timeperimage>15000</timeperimage>
          <randomize>true</randomize>
          <fadetime>500</fadetime>
          <texture background="true">widgetthumb/widgetpart.jpg</texture>
          <aspectratio>keep</aspectratio>
          <visible>[[Control.HasFocus(1002)|Control.HasFocus(1003)]+String.IsEmpty(Container(211).ListItem.Property(WidgetShow))+String.IsEmpty(Container(211).ListItem.Property(WidgetShowH))]|[[Control.HasFocus(2002)|Control.HasFocus(2003)]+String.IsEmpty(Container(211).ListItem.Property(WidgetShow.2))+String.IsEmpty(Container(211).ListItem.Property(WidgetShowH.2))]</visible>
        </control>
        <control type="image" id="779">
          <left>0</left>
          <top>50</top>
          <width>400</width>
          <height>250</height>
          <timeperimage>15000</timeperimage>
          <randomize>true</randomize>
          <fadetime>500</fadetime>
          <texture background="true">widgetthumb/widgethide.jpg</texture>
          <aspectratio>keep</aspectratio>
          <visible>[[Control.HasFocus(1002)|Control.HasFocus(1003)]+String.IsEmpty(Container(211).ListItem.Property(WidgetShow))+!String.IsEmpty(Container(211).ListItem.Property(WidgetShowH))]|[[Control.HasFocus(2002)|Control.HasFocus(2003)]+String.IsEmpty(Container(211).ListItem.Property(WidgetShow.2))+!String.IsEmpty(Container(211).ListItem.Property(WidgetShowH.2))]</visible>
        </control>

        <control type="image" id="780">
          <left>0</left>
          <top>50</top>
          <width>400</width>
          <height>250</height>
          <timeperimage>15000</timeperimage>
          <randomize>true</randomize>
          <fadetime>500</fadetime>
          <texture background="true">widgetthumb/widgetpanel.jpg</texture>
          <aspectratio>keep</aspectratio>
          <visible>[Control.HasFocus(1001)+String.IsEqual(Container(211).ListItem.Property(widgetStyle),Panel)]|[Control.HasFocus(2001)+String.IsEqual(Container(211).ListItem.Property(widgetStyle.2),Panel)]</visible>
        </control>
         <control type="image" id="781">
          <left>0</left>
          <top>50</top>
          <width>400</width>
          <height>250</height>
          <timeperimage>15000</timeperimage>
          <randomize>true</randomize>
          <fadetime>500</fadetime>
          <texture background="true">widgetthumb/widgetpanelland.jpg</texture>
          <aspectratio>keep</aspectratio>
          <visible>[Control.HasFocus(1001)+String.Contains(Container(211).ListItem.Property(widgetStyle),anelland)]|[Control.HasFocus(2001)+String.Contains(Container(211).ListItem.Property(widgetStyle.2),anelland)]</visible>
        </control>
        <control type="image" id="782">
          <left>0</left>
          <top>50</top>
          <width>400</width>
          <height>250</height>
          <timeperimage>15000</timeperimage>
          <randomize>true</randomize>
          <fadetime>500</fadetime>
          <texture background="true">widgetthumb/widgetlist.jpg</texture>
          <aspectratio>keep</aspectratio>
          <visible>[Control.HasFocus(1001)+String.IsEqual(Container(211).ListItem.Property(widgetStyle),List)]|[Control.HasFocus(2001)+String.IsEqual(Container(211).ListItem.Property(widgetStyle.2),List)]</visible>
        </control>
        <control type="image" id="783">
          <left>0</left>
          <top>50</top>
          <width>400</width>
          <height>250</height>
          <timeperimage>15000</timeperimage>
          <randomize>true</randomize>
          <fadetime>500</fadetime>
          <texture background="true">widgetthumb/playlist$INFO[Container(211).ListItem.Property(backgroundplayliststyle)].jpg</texture>
          <aspectratio>keep</aspectratio>
          <visible>ControlGroup(9000).HasFocus(1008)</visible>
        </control>
        <!-- Thumbnail Label (Home2) -->
        <control type="label" id="904">
          <left>10</left>
          <top>320</top>
          <width>380</width>
          <height>30</height>
          <font>METF_SettingsDetail</font>
          <textcolor>white</textcolor>
          <align>center</align>
          <aligny>center</aligny>
          <label>$LOCALIZE[33068]</label>
          <visible>String.IsEqual(Window.Property(groupname),mainmenu)+ ![Control.HasFocus(1001)|Control.HasFocus(2001)|Control.HasFocus(1002)|Control.HasFocus(2002)|Control.HasFocus(1003)|Control.HasFocus(2003)]</visible>
        </control>
        <control type="label" >
          <left>10</left>
          <top>320</top>
          <width>380</width>
          <height>30</height>
          <font>METF_SettingsDetail</font>
          <textcolor>white</textcolor>
          <align>center</align>
          <aligny>center</aligny>
          <label>Widget display mode[CR][COLOR=yellow]Permanent[/COLOR]</label>
          <visible>Control.IsVisible(777)</visible>
        </control>
        <control type="label" >
          <left>10</left>
          <top>320</top>
          <width>380</width>
          <height>30</height>
          <font>METF_SettingsDetail</font>
          <textcolor>white</textcolor>
          <align>center</align>
          <aligny>center</aligny>
          <label>Widget display mode[CR][COLOR=yellow]Partial[/COLOR]</label>
          <visible>Control.IsVisible(778)</visible>
        </control>
        <control type="label" >
          <left>10</left>
          <top>320</top>
          <width>380</width>
          <height>60</height>
          <font>METF_SettingsDetail</font>
          <textcolor>white</textcolor>
          <align>center</align>
          <aligny>center</aligny>
          <label>Widget display mode[CR][COLOR=yellow]Hidden until focused[/COLOR]</label>
          <visible>Control.IsVisible(779)</visible>
        </control>
        <control type="label" >
          <left>10</left>
          <top>320</top>
          <width>380</width>
          <height>60</height>
          <font>METF_SettingsDetail</font>
          <textcolor>white</textcolor>
          <align>center</align>
          <aligny>center</aligny>
          <label>Widget Style[CR][COLOR=yellow]PANEL[/COLOR]</label>
          <visible>Control.IsVisible(780)</visible>
        </control>
        <control type="label" >
          <left>10</left>
          <top>320</top>
          <width>380</width>
          <height>60</height>
          <font>METF_SettingsDetail</font>
          <textcolor>white</textcolor>
          <align>center</align>
          <aligny>center</aligny>
          <label>Widget Style[CR][COLOR=yellow]LIST[/COLOR]</label>
          <visible>Control.IsVisible(781)</visible>
        </control>
</control>
      </control>

      <!-- Entete -->
      <control type="group">


        <control type="label" id="500">
          <description>header middle label</description>
          <width>1920</width>
          <top>5</top>
          <height>30</height>
          <include>FontTitre</include>
          <textcolor>SettingsDetail</textcolor>
          <align>center</align>
          <aligny>center</aligny>
          <include>Animation_HiddenByInfo</include>
        </control>


      </control>

      <control type="group">
         <!-- Left list -->
        <control type="list" id="211">
          <top>65</top>
          <width>420</width>
          <height>800</height>
          <onleft>302</onleft>
          <onright>9000</onright>
           
          
          <scrolltime tween="sine" easing="out">240</scrolltime>
           <animation effect="fade" start="100" end="75" time="0" condition="ControlGroup(9001).HasFocus">Conditional</animation>
          <itemlayout width="425" height="38">
            <control type="label">
              <top>5</top>
              <width>350</width>
              <height>38</height>
              <left>5</left>
              <font>METF_TitleTextMedium</font>
              <textcolor>white</textcolor>
              <align>left</align>
              <aligny>center</aligny>
              <label>$INFO[ListItem.Label]</label>
             
            </control>
          </itemlayout>
          <focusedlayout width="425" height="38">
            <control type="group">
                 <visible>Control.HasFocus(211)|Control.HasFocus(302)|Control.HasFocus(303)|Control.HasFocus(304)</visible>

            <control type="image">
              <top>8</top>
              <width>29</width>
              <height>29</height>
              <texture>osd/osd_button_channel_previous_fo.png</texture>
              <visible>!Control.HasFocus(304)</visible>
            </control>
            <control type="image">
              <left>32</left>
              <top>8</top>
              <width>29</width>
              <height>29</height>
              <texture>osd/osd_button_channel_next_fo.png</texture>
              <visible>!Control.HasFocus(303)</visible>
            </control>
            <control type="image">
              <left>64</left>
              <top>8</top>
              <width>29</width>
              <height>29</height>
              <texture>osd/osd_button_ban_fo.png</texture>
              <visible>!Control.HasFocus(302)</visible>
            </control>
            <control type="image">
              <top>8</top>
              <width>29</width>
              <height>29</height>
              <texture>osd/osd_button_channel_previous_nf.png</texture>
              <include>Animation_ButtonFocus</include>
              <visible>Control.HasFocus(304)</visible>
            </control>
            <control type="image">
              <left>32</left>
              <top>8</top>
              <width>29</width>
              <height>29</height>
              <texture>osd/osd_button_channel_next_nf.png</texture>
              <include>Animation_ButtonFocus</include>
              <visible>Control.HasFocus(303)</visible>
            </control>
            <control type="image">
              <left>64</left>
              <top>8</top>
              <width>29</width>
              <height>29</height>
              <texture>osd/osd_button_ban_nf.png</texture>
              <include>Animation_ButtonFocus</include>
              <visible>Control.HasFocus(302)</visible>
            </control>
             <control type="label">
              <left>105</left>
              <width>310</width>
              <font>METF_SettingsHeadingBig</font>
              <textcolor>yellow</textcolor>
              <focusedcolor>yellow</focusedcolor>
              <align>left</align>
              <aligny>center</aligny>
              <label>[B]$INFO[ListItem.Label][/B]</label>
              <visible>Control.HasFocus(211)</visible>
              
            </control>
            <control type="label">
              <left>105</left>
              <width>310</width>
              <font>METF_SettingsHeadingBig</font>
              <textcolor>yellow</textcolor>
              <focusedcolor>yellow</focusedcolor>
              <align>left</align>
              <aligny>center</aligny>
              <label>[I][B]$INFO[ListItem.Label][/B][/I]</label>
              <visible>!Control.HasFocus(211)</visible>
              
            </control>
            </control>
            <control type="group">
                 <visible>!Control.HasFocus(211)+!Control.HasFocus(302)+!Control.HasFocus(303)+!Control.HasFocus(304)</visible>
            <control type="label">
              <left>105</left>
              <width>310</width>
              <font>METF_SettingsHeadingBig</font>
              <textcolor>white</textcolor>
              <focusedcolor>yellow</focusedcolor>
              <align>left</align>
              <aligny>center</aligny>
              <label>[B]$INFO[ListItem.Label][/B]</label>
              <animation effect="slide" start="0,0" end="-100,0" time="0" condition="ControlGroup(9000).HasFocus">Conditional</animation>
              <visible>!ControlGroup(9001).HasFocus</visible>
            </control>
             <control type="label">
              <left>5</left>
              <width>350</width>
              <font>METF_TitleTextMedium</font>
              <textcolor>white</textcolor>
              <focusedcolor>yellow</focusedcolor>
              <align>left</align>
              <aligny>center</aligny>
              <label>$INFO[ListItem.Label]</label>
             <visible>ControlGroup(9001).HasFocus</visible>
            </control> 
            </control>
            
          </focusedlayout>
        </control>
        <control type="group">
            <visible>!ControlGroup(9001).HasFocus</visible>
        <!-- Move down -->
        <control type="button" id="304">
          <left>-10</left>
          <top>-10</top>
          <width>1</width>
          <height>1</height>
          <onleft>9001</onleft>
          <onright>303</onright>
          <onup>211</onup>
          <ondown>211</ondown>
        </control>
        <!-- Move up -->
        <control type="button" id="303">
          <left>-10</left>
          <top>-10</top>
          <width>1</width>
          <height>1</height>
          <onleft>304</onleft>
          <onright>302</onright>
          <onup>211</onup>
          <ondown>211</ondown>
        </control>
        <!-- Remove -->
        <control type="button" id="302">
          <left>-10</left>
          <top>-10</top>
          <width>1</width>
          <height>1</height>
          <onleft>303</onleft>
          <onright>211</onright>
          <onup>211</onup>
          <ondown>211</ondown>
        </control>
        </control>

       



        <control type="image">
          <posx>425</posx>
          <posy>0</posy>
          <height>1080</height>
          <width>10</width>
          <texture border="2">videoinfoline.png</texture>
          <colordiffuse>SettingsLine</colordiffuse>

        </control>
        <control type="image">
          <posx>1445</posx>
          <posy>0</posy>
          <height>1080</height>
          <width>10</width>
          <texture border="2">videoinfoline.png</texture>
          <colordiffuse>SettingsLine</colordiffuse>

        </control>
        <!-- Right grouplist -->
        <control type="grouplist" id="9000">
          <left>435</left>
          <top>70</top>
          <width>1000</width>
          <height>780</height>
          <itemgap>0</itemgap>
          <onleft>211</onleft>
          <onright>9001</onright>
         
          <orientation>vertical</orientation>
          <usecontrolcoords>true</usecontrolcoords>
          <animation effect="fade" start="100" end="75" time="0" condition="ControlGroup(9001).HasFocus">Conditional</animation>
          <scrolltime tween="sine" easing="out">240</scrolltime>
          <!-- Choose shortcut -->
          <control type="button" id="401">
            <include>shortcutstyle</include>

            <label>$ADDON[script.skinshortcuts 32048]</label>
            <label2>[COLOR=yellow]$INFO[Container(211).ListItem.Property(path)][/COLOR]</label2>
          </control>
          <!-- Choose thumbnail (Home2 icon, submenu icon) -->
          <control type="button" id="311">
            <description>Choose thumbnail Button</description>
            <include>shortcutstyle</include>

            <label>$ADDON[script.skinshortcuts 32026]</label>
            <label2>[COLOR=yellow]$INFO[Container(211).ListItem.Icon][/COLOR]</label2>
          </control>

          <control type="button" id="310"> <!--background-->
            <include>shortcutstyle</include>

            <label>$ADDON[script.skinshortcuts 32045]</label>
            <label2>[COLOR=yellow]$VAR[HomeBackgroundSkinShortcuts][/COLOR]</label2>
            <onclick>SetProperty(shortcutDialog, background, Home)</onclick>
          </control>

          <control type="button" id="1008">
            <description>Change Background playlist style</description>
            <include>shortcutstyle</include>
            <label>$LOCALIZE[31916]</label>
            <onclick>SetProperty(shortcutDialog, backgroundplayliststyle, Home)</onclick>
            <label2>[COLOR=yellow]$VAR[BackPlayListStyle][/COLOR]</label2>
            <visible>!String.IsEmpty(Container(211).ListItem.Property(backgroundPlaylist))|String.Contains(Container(211).ListItem.Property(background),WDF1)|String.Contains(Container(211).ListItem.Property(background),WDF2)|String.Contains(Container(211).ListItem.Property(background),WDF3)</visible>
          </control>





          <!-- Set label -->
          <control type="button" id="305">
            <left>0</left>
            <top>10</top>
            <include>shortcutstyle</include>
            <label>$ADDON[script.skinshortcuts 32025]</label>
            <label2>[COLOR=yellow]$INFO[Container(211).ListItem.Label][/COLOR]</label2>
          </control>
          <!-- Custom action -->
          <control type="button" id="307">
            <include>shortcutstyle</include>
            <label>$ADDON[script.skinshortcuts 32027]</label>
            <label2>[COLOR=yellow]$INFO[Container(211).ListItem.Property(displaypath)][/COLOR]</label2>
          </control>
          <!-- Customize Submenu -->
          <control type="button" id="405">
            <include>shortcutstyle</include>

            <label>$ADDON[script.skinshortcuts 32072]</label>
            <visible>String.IsEqual(Window.Property(groupname),mainmenu)</visible>

          </control>
          <control type="image" id="910">
            <height>8</height>
            <width>960</width>
            <texture border="2">settings_line.png</texture>
            <colordiffuse>SettingsLine</colordiffuse>
          </control>


          <!-- widget 1-->

          <control type="button" id="312">
            <description>Change widget</description>
            <texturefocus></texturefocus>
            <texturenofocus></texturenofocus> -->
            <label></label>
            <label2></label2>
            <visible>false</visible>
          </control>
          <control type="button" id="1313">
            <description>Change widget</description>
            <texturefocus></texturefocus>
            <texturenofocus></texturenofocus> -->
            <label></label>
            <label2></label2>
            <visible>false</visible>
            <onclick condition="!String.IsEqual(Container(211).ListItem.Property(widget),SystemInfo)+!String.IsEqual(Container(211).ListItem.Property(widget),WeatherForecast)">SendClick(1001)</onclick>
          </control>


          <control type="button" id="1000">
            <description>Change widget 1</description>

            <include>shortcutstyle</include>

            <label>$ADDON[script.skinshortcuts 32044] 1</label>
            <label2>[COLOR=yellow]$INFO[Container(211).ListItem.Property(widgetName)][/COLOR]</label2>
            <visible>String.IsEqual(Window.Property(groupname),mainmenu)</visible>

            <onclick>SendClick(312)</onclick>
            <!-- <onclick>SendClick(1001)</onclick> -->
          </control>
          <control type="button" id="1001">
            <description>Change widget style 1</description>


            <include>shortcutstyle</include>

            <label>Change widget style 1</label>
            <label2>[COLOR=yellow]$VAR[WidgetStyleLabelVar][/COLOR]</label2>
            <visible>!String.IsEqual(Container(211).ListItem.Property(widget),SystemInfo)+!String.IsEqual(Container(211).ListItem.Property(widget),WeatherForecast)+!String.IsEmpty(Container(211).ListItem.Property(widgetName))</visible>
          </control>
          <control type="button" id="1002">
            <description>Change widget sort 1</description>

            <include>shortcutstyle</include>

            <label>$LOCALIZE[31739]</label>
          <!--	<label2>[COLOR=yellow]*$INFO[Container(211).ListItem.Property(widgetTarget)][/COLOR]</label2>-->
          <label2>[COLOR=yellow]$VAR[WidgetSortLabelVar][/COLOR]</label2>
          <visible>!String.IsEqual(Container(211).ListItem.Property(widget),SystemInfo)+!String.IsEqual(Container(211).ListItem.Property(widget),WeatherForecast)+!String.IsEmpty(Container(211).ListItem.Property(widgetName))</visible>
        </control>
        <control type="button" id="1005">
          <description>Change widget order 1</description>
          <include>shortcutstyle</include>

          <label>$LOCALIZE[581]</label>
          <label2>[COLOR=yellow]$VAR[WidgetSortOrderLabelVar][/COLOR]</label2>
          <visible>!String.IsEqual(Container(211).ListItem.Property(widget),SystemInfo)+!String.IsEqual(Container(211).ListItem.Property(widget),WeatherForecast)+!String.IsEmpty(Container(211).ListItem.Property(widgetName))</visible>
        </control>

        <control type="radiobutton" id="1003">
          <include>shortcutstyle</include>
          <include>SettingsLabel</include>
          <label>Permanent</label>
          <selected>!String.IsEmpty(Container(211).ListItem.Property(WidgetShow))</selected>
          <onclick condition="!String.IsEmpty(Container(211).ListItem.Property(WidgetShowH))">SendClick(1004)</onclick>
        <!--		<visible>String.IsEmpty(Container(211).ListItem.Property(WidgetShowH))+!Skin.HasSetting(ShowFullWidgets)+!Skin.HasSetting(HideUnfocusedWidgets)+!String.IsEqual(Container(211).ListItem.Property(widget),SystemInfo)+!String.IsEqual(Container(211).ListItem.Property(widget),WeatherForecast)+!String.IsEmpty(Container(211).ListItem.Property(widgetName))</visible>-->
        <visible>String.IsEmpty(Container(211).ListItem.Property(WidgetShowH))+!Skin.HasSetting(ShowFullWidgets)+!Skin.HasSetting(HideUnfocusedWidgets)+!String.IsEmpty(Container(211).ListItem.Property(widgetName))</visible>

      </control>
      <control type="radiobutton" id="1004">
        <include>shortcutstyle</include>
        <include>SettingsLabel</include>
        <label>$LOCALIZE[31787]</label>
        <selected>!String.IsEmpty(Container(211).ListItem.Property(WidgetShowH))</selected>
        <onclick condition="!String.IsEmpty(Container(211).ListItem.Property(WidgetShow))">SendClick(1003)</onclick>
      <!--	<visible>String.IsEmpty(Container(211).ListItem.Property(WidgetShow))+!Skin.HasSetting(ShowFullWidgets)+!Skin.HasSetting(HideUnfocusedWidgets)+!String.IsEqual(Container(211).ListItem.Property(widget),SystemInfo)+!String.IsEqual(Container(211).ListItem.Property(widget),WeatherForecast)+!String.IsEmpty(Container(211).ListItem.Property(widgetName))</visible>-->
      <visible>String.IsEmpty(Container(211).ListItem.Property(WidgetShow))+!Skin.HasSetting(ShowFullWidgets)+!Skin.HasSetting(HideUnfocusedWidgets)+!String.IsEmpty(Container(211).ListItem.Property(widgetName))</visible>

    </control>


    <!-- widget 2 -->
    <!-- widget 2 -->
    <control type="image" id="800">
      <height>8</height>
      <width>960</width>
      <texture border="2">settings_line.png</texture>
      <colordiffuse>SettingsLine</colordiffuse>
    </control>
    <control type="button" id="801">
      <description>Change widget 2</description>


      <include>shortcutstyle</include>
      <label>$ADDON[script.skinshortcuts 32044] 2</label>
      <label2>[COLOR=yellow]$INFO[Container(211).ListItem.Property(widgetName.2)][/COLOR]</label2>
      <onclick>SetProperty(widgetID,2)</onclick>
      <!-- <onclick>SendClick(2001)</onclick> -->
      <onclick>SendClick(312)</onclick>


      <visible>String.IsEqual(Window.Property(groupname),mainmenu)</visible>

    </control>
    <control type="button" id="2001">
      <description>Change widget style 2</description>


      <include>shortcutstyle</include>

      <label>Change widget style 2</label>
      <label2>[COLOR=yellow]$VAR[WidgetStyle2LabelVar][/COLOR]</label2>
      <visible>!String.IsEqual(Container(211).ListItem.Property(widget.2),SystemInfo)+!String.IsEqual(Container(211).ListItem.Property(widget.2),WeatherForecast)+!String.IsEmpty(Container(211).ListItem.Property(widgetName.2))</visible>
    </control>
    <control type="button" id="2002">
      <description>Change widget sort 2</description>


      <include>shortcutstyle</include>

      <label>$LOCALIZE[31739]</label>
      <label2>[COLOR=yellow]$VAR[WidgetSort2LabelVar][/COLOR]</label2>
      <visible>!String.IsEqual(Container(211).ListItem.Property(widget.2),SystemInfo)+!String.IsEqual(Container(211).ListItem.Property(widget.2),WeatherForecast)+!String.IsEmpty(Container(211).ListItem.Property(widgetName.2))</visible>
    </control>
    <control type="button" id="2005">
      <description>Change widget order 2</description>


      <include>shortcutstyle</include>

      <label>$LOCALIZE[581]</label>
      <label2>[COLOR=yellow]$VAR[WidgetSortOrder2LabelVar][/COLOR]</label2>
      <visible>!String.IsEqual(Container(211).ListItem.Property(widget.2),SystemInfo)+!String.IsEqual(Container(211).ListItem.Property(widget.2),WeatherForecast)+!String.IsEmpty(Container(211).ListItem.Property(widgetName.2))</visible>
    </control>

    <control type="radiobutton" id="2003">
      <include>shortcutstyle</include>
      <include>SettingsLabel</include>
      <label>Permanent</label>
      <selected>!String.IsEmpty(Container(211).ListItem.Property(WidgetShow.2))</selected>
      <onclick condition="!String.IsEmpty(Container(211).ListItem.Property(WidgetShowH.2))">SendClick(2004)</onclick>
    <!--	<visible>String.IsEmpty(Container(211).ListItem.Property(WidgetShowH.2))+!Skin.HasSetting(ShowFullWidgets)+!Skin.HasSetting(HideUnfocusedWidgets)+!String.IsEqual(Container(211).ListItem.Property(widget.2),SystemInfo)+!String.IsEqual(Container(211).ListItem.Property(widget.2),WeatherForecast)+!String.IsEmpty(Container(211).ListItem.Property(widgetName.2))</visible>-->
    <visible>String.IsEmpty(Container(211).ListItem.Property(WidgetShowH.2))+!Skin.HasSetting(ShowFullWidgets)+!Skin.HasSetting(HideUnfocusedWidgets)+!String.IsEmpty(Container(211).ListItem.Property(widgetName.2))</visible>

  </control>
  <control type="radiobutton" id="2004">
    <include>shortcutstyle</include>
    <include>SettingsLabel</include>
    <label>$LOCALIZE[31787]</label>
    <selected>!String.IsEmpty(Container(211).ListItem.Property(WidgetShowH.2))</selected>
    <onclick condition="!String.IsEmpty(Container(211).ListItem.Property(WidgetShow.2))">SendClick(2003)</onclick>
  <!--<visible>String.IsEmpty(Container(211).ListItem.Property(WidgetShow.2))+!Skin.HasSetting(ShowFullWidgets)+!Skin.HasSetting(HideUnfocusedWidgets)+!String.IsEqual(Container(211).ListItem.Property(widget.2),SystemInfo)+!String.IsEqual(Container(211).ListItem.Property(widget.2),WeatherForecast)+!String.IsEmpty(Container(211).ListItem.Property(widgetName.2))</visible>-->
  <visible>String.IsEmpty(Container(211).ListItem.Property(WidgetShow.2))+!Skin.HasSetting(ShowFullWidgets)+!Skin.HasSetting(HideUnfocusedWidgets)+!String.IsEmpty(Container(211).ListItem.Property(widgetName.2))</visible>

</control>

        </control>

        <!-- Button grouplist -->
        
        <control type="grouplist" id="9001">
          <!-- <top>870</top> 
          <left>0</left>-->
          <top>65</top>
          <left>1455</left>
          <height>150</height>
          <align>right</align>
          <width>470</width>
          <itemgap>5</itemgap>          
          <onleft>9000</onleft>
          <orientation>vertical</orientation>
          <!-- Add item -->
          <control type="button" id="10"> <!-- OK Button -->
            <width max="470">auto</width>
            <height>38</height>
            <label>$LOCALIZE[186]</label>
            <textcolor>FFFFFFFF</textcolor>
            <focusedcolor>DialogTextFO</focusedcolor>
            <shadowcolor>FF7F7F7F</shadowcolor>
            <textoffsetx>10</textoffsetx>
				<font>impact35</font>						
				<texturefocus colordiffuse="FocusBar">buttonfo2wide2.png</texturefocus>
            <texturenofocus colordiffuse="AFFFFFFF"></texturenofocus>
          </control>
          <control type="button" id="301"> <!-- ajouter -->
            <width max="470">auto</width>
            <height>38</height>
            <align>right</align>
            <label>$ADDON[script.skinshortcuts 32000]</label>
            <textcolor>FFFFFFFF</textcolor>
            <focusedcolor>DialogTextFO</focusedcolor>
            <shadowcolor>FF7F7F7F</shadowcolor>
            <textoffsetx>10</textoffsetx>
				<font>impact35</font>						
				<texturefocus colordiffuse="FocusBar">buttonfo2wide2.png</texturefocus>
            <texturenofocus colordiffuse="AFFFFFFF"></texturenofocus>
          </control>
          <control type="button" id="308"><!-- Reset -->
            <width max="470">auto</width>
            <height>38</height>
            <label>$ADDON[script.skinshortcuts 32028]</label>
            <textcolor>FFFFFFFF</textcolor>
            <focusedcolor>DialogTextFO</focusedcolor>
            <shadowcolor>FF7F7F7F</shadowcolor>
            <textoffsetx>10</textoffsetx>
				<font>impact35</font>						
				<texturefocus colordiffuse="FocusBar">buttonfo2wide2.png</texturefocus>
            <texturenofocus colordiffuse="AFFFFFFF"></texturenofocus>
          </control>
        </control>

        <!-- Help text for each button -->
        <control type="group">
          <top>50</top>
          <control type="textbox" >
            <posx>440</posx>
            <posy>820</posy>
            <width>1000</width>
            <aligny>top</aligny>
            <align>center</align>
            <font>PlotFont</font>
            <textcolor>LowerText</textcolor>
            <label>$VAR[PlotBox_Text]</label>
            <shadowcolor>FF000000</shadowcolor>
          </control>

          <include>Global_ContextFilter</include>
        <!--	<include>Global_Weather</include>-->
        </control>
      </control>
    </control>
  </controls>
</window>
