<?xml version="1.0" encoding="UTF-8"?>
<includes>
	<include name="Viewtype_ListCurved">
		<control type="group">
		  <left>-150</left>
			
			<visible>Control.IsVisible(906)</visible>
			<!-- Browser 
			<control type="label">
				<label>***$INFO[Window(Home).Property(MoviePlayerArt)]</label>
			</control>-->
			<control type="list" id="906">
				<animation type="Conditional" condition="Window.IsActive(addoninformation)">
					<effect type="zoom" time="600" center="640,360" start="100" end="50" tween="cubic" easing="out" />
					<effect type="fade" time="400" start="100" end="0" />
				</animation>
			<!-- --		<content >videodb://tvshows/titles/41/-2/?tvshowid=41</content>
				
							<animation effect="rotatey" center="1600" start="0" end="15" time="500" condition="true">Conditional</animation> -->

				<posx>300</posx>
				<posy>60</posy>
				<height>770</height>
				<width>1650</width>
				<onup>906</onup>
				<ondown>906</ondown>
				<oninfo condition="Container.Content(actors|Container.Content(directors)">SetProperty(ActorThumb,$VAR[PosterThumb],Home)</oninfo>
				<oninfo condition="Container.Content(actors)|Container.Content(directors)">SetProperty(IconmixShowInfo,55,Home)</oninfo>
				
				<include condition="!Skin.HasSetting(ViewLockdown)">OnLeft7000</include>
				<!-- <onright>60</onright> -->
				<scrolltime>160</scrolltime>
				<viewtype label="31832">list</viewtype>
				<orientation>vertical</orientation>
				<preloaditems>2</preloaditems>
				<aligny>top</aligny>
				<pagecontrol>60</pagecontrol>
				<include>Animation_OpenCloseFade</include>
				
				<include>Animation_HiddenByInfo</include>
				<itemlayout height="45">
				  <control type="group">
					<!-- Items in Video Library -->
  					<control type="label">
  					  <include>isWatched</include>
  						<posx>87</posx>
  						<posy>0</posy>
  						<width>1500</width>
  						<height>35</height>
  						<aligny>center</aligny>
  						<font>impact</font>
  						<textcolor>FF000000</textcolor>
  						<label>$VAR[ListItemTitle]</label>
  						<scroll>false</scroll>
  					</control>
  					<control type="label">
  					  <include>isWatched</include>
  						<posx>85</posx>
  						<posy>-2</posy>
  						<width>1500</width>
  						<height>35</height>
  						<aligny>center</aligny>
  						<font>impact</font>
  						<textcolor>TextNF</textcolor>
  						<selectedcolor>TextFO</selectedcolor>
  						<label>$VAR[ListItemTitle]</label>
  						<scroll>false</scroll>
  					</control>
  								
  					<!-- Watched Overlay for In-Progress Items in Video Library -->
  					<control type="group">
    					<posx>7</posx>
    					<posy>10</posy>
    					<include>OverlayProgress</include>
  				  </control>	
  					<!-- Items in Music Library 
  					<control type="label">
  						<posx>85</posx>
  						<posy>-2</posy>
  						<width>1500</width>
  						<height>35</height>
  						<aligny>center</aligny>
  						<font>METF_TitleText</font>
  						<textcolor>TextNF</textcolor>
  						<selectedcolor>TextFO</selectedcolor>
  						<label>$INFO[ListItem.Label]</label>
  						<scroll>false</scroll>
  						<visible>Window.IsActive(502)</visible>
  					</control>-->
  					
  					<!-- Watched Overlay for Items NOT in Video Library -->
  					<control type="image">
  						<posx>4</posx>
  						<posy>5</posy>
  						<width>24</width>
  						<height>24</height>
  						<texture>$INFO[ListItem.Overlay]</texture>
  						<colordiffuse>WatchedOverlay</colordiffuse>
  						<visible>!window.isactive(10025) + string.isequal(listitem.overlay,overlaywatched.png)</visible>
  					</control>
  					<!-- Addon Progress/state -->
  					<control type="label">
  						<posx>630</posx>
  						<posy>-2</posy>
  						<width>220</width>
  						<height>35</height>
  						<align>right</align>
  						<aligny>center</aligny>
  						<label>$INFO[ListItem.Property(Addon.Status)]</label>
  						<font>METF_InfoText</font>
  						<textcolor>MediaDetailsEpisodes</textcolor>
  						<visible>Window.IsActive(addonbrowser)</visible>
  					</control>
  					
  					<!-- Episode Count for TVShows                  -->
  					<include content="EpisodesVus">
                <param name="PositionX">1080</param>
                <param name="PositionY">3</param>
            </include>
  					<!-- Episode Count for Seasons -->
  				
  					<!-- Star Rating -->
  					<control type="group">
  							<visible>!Window.IsActive(10025) + !String.Contains(Container.FolderPath,plugin)</visible>
  						<control type="label">
  							<posx>775</posx>
  							<posy>-2</posy>
  							<width>45</width>
  							<height>35</height>
  							<align>right</align>
  							<aligny>center</aligny>
  							<label>$INFO[ListItem.Rating]</label>
  							<font>METF_InfoText</font>
  							<textcolor>TextNF</textcolor>
  							<visible>!String.IsEmpty(ListItem.Rating)</visible>
  						</control>
  						<control type="image">
  							<posx>772</posx>
  							<posy>6</posy>
  							<width>20</width>
  							<height>20</height>
  							<texture>star.png</texture>
  							<colordiffuse>FFFFFFFF</colordiffuse>
  							<visible>!String.IsEmpty(ListItem.Rating)</visible>
  						</control>
  							
  				
  				
  		
  					</control>
					<visible>!String.IsEqual(ListItem.Label,..)+!String.IsEqual(ListItem.Title,..)</visible>
					</control>
					<control type="image">
				  <left>50</left>
				  <height>30</height>
				  <width>119</width>
				  <aspectratio>keep</aspectratio>
				  <texture>buttons/parent.png</texture>
				  <visible>String.IsEqual(ListItem.Label,..)|String.IsEqual(ListItem.Title,..)</visible>
				</control>
				</itemlayout>
				
				<!-------------------------------------------------------------------------------------------------------->
				<focusedlayout height="180">
				  <control type="group">
				    <visible>!String.IsEqual(ListItem.Label,..)+!String.IsEqual(ListItem.Title,..)</visible>
  					<include>ActiveClearArt</include>
  					<!-- List Line Item Divider -->
  				  	<control type="image">
  						<posx>1290</posx>
  						<posy>-18</posy>
  						<width>370</width>
  						<height>208</height>
  						<fadetime>100</fadetime>
  						<texture background="true" diffuse="frames/curvedframe.png">$INFO[ListItem.Icon]</texture>
  						<aspectratio scalediffuse="true">stretch</aspectratio>
  						<visible>!String.Contains(ListItem.Icon,default)+[Container.Content(episodes)|Container.Content(albums)]</visible>
  					</control>
  					<control type="image">
  						<posx>1290</posx>
  						<posy>-18</posy>
  						<width>370</width>
  						<height>208</height>
  						<fadetime>100</fadetime>
  						<texture background="true" diffuse="frames/curvedframe.png">$INFO[ListItem.Icon]</texture>
  						<aspectratio scalediffuse="true">stretch</aspectratio>
  					<visible>!String.IsEmpty(ListItem.Icon)+!Container.Content(actors)+!Container.Content(directors)+ !Container.Content(episodes)+!Container.Content(tvshows)+!Container.Content(seasons)+!Container.Content(movies)+!Container.Content(sets)+!Window.IsActive(pictures)</visible>
					 </control>
  					<control type="image">
  						<posx>1290</posx>
  						<posy>-18</posy>
  						<width>370</width>
  						<height>208</height>
  						<fadetime>100</fadetime>
  						<texture background="true" diffuse="frames/curvedframe.png">$INFO[ListItem.Art(fanart)]</texture>
  						<aspectratio scalediffuse="true">stretch</aspectratio>
  						<visible>!String.Contains(ListItem.Art(fanart),default)+!Container.Content(episodes)+!Container.Content(albums)</visible>
  					</control>
  					
  					<control type="image">
				
				
			<posx>1290</posx>
  						<posy>-18</posy>
  						<width>370</width>
  						<height>208</height>
  						<fadetime>100</fadetime>
  						<texture background="true" diffuse="frames/curvedframe.png" fallback="defaultactor.png">$VAR[PosterThumbActeurs]</texture>
					<aspectratio scalediffuse="true">keep</aspectratio>
				<!-- <texture>$INFO[ListItem.Icon]</texture> -->
				
				<visible>Container.Content(actors)|Container.Content(directors)</visible>
			</control>

					</control>
					<control type="image">
						<posx>-10</posx>
						<posy>-20</posy>
						<width>1670</width>
						<height>210</height>
						<fadetime>100</fadetime>
				    <texture>frames/banner_frame2t.png</texture>
						<aspectratio scalediffuse="false">stretch</aspectratio>
						<visible>[!String.IsEmpty(ListItem.Title) | !String.IsEmpty(ListItem.Label)] + [!String.Contains(ListItem.Art(fanart),default)|!String.Contains(ListItem.Icon,default)]</visible>
					</control>
					
							
					<control type="group">
					<!-- Items in Video Library -->
  					<control type="label">
  						<posx>55</posx>
  						<posy>55</posy>
  						<width>1200</width>
  						<height>35</height>
  						<aligny>center</aligny>
  						<scrollout>false</scrollout>
  						<pauseatend>1800</pauseatend>
  						<scrollspeed>40</scrollspeed>
  						<scroll>true</scroll>
  						<font>impact</font>
  						<textcolor>FocusBarText</textcolor>
  						<selectedcolor>FocusBarText</selectedcolor>
  						<label>$VAR[ListItemTitle]</label>
  						<visible>Window.IsActive(10025)|Window.IsActive(502)</visible>
  					</control>

					
  					<!-- Watched Overlay -->
  					
  					<!-- Watched Overlay for In-Progress Items in Video Library -->
  					<control type="group">
    					<posx>47</posx>
    					<posy>120</posy>
    					<include>OverlayProgress</include>
  					</control>
  					<!-- Items in Music Library -->
		
					<!-- Watched Overlay for Items NOT in Video Library -->
  					<control type="image">
  						<posx>1090</posx>
  						<posy>5</posy>
  						<width>24</width>
  						<height>24</height>
  						<texture>$INFO[ListItem.Overlay]</texture>
  						<colordiffuse>WatchedOverlay</colordiffuse>
  						<visible>!window.isactive(10025) + string.isequal(listitem.overlay,overlaywatched.png)</visible>
  					</control>
					<!-- Addon Progress/state -->
  					<control type="label">
  						<posx>630</posx>
  						<posy>-2</posy>
  						<width>220</width>
  						<height>35</height>
  						<align>right</align>
  						<aligny>center</aligny>
  						<label>$INFO[ListItem.Property(Addon.Status)]</label>
  						<font>METF_InfoText</font>
  						<textcolor>MediaDetailsEpisodes</textcolor>
  						<visible>Window.IsActive(addonbrowser)</visible>
  					</control>
					
					<!-- Episode Count for TVShows -->
  				<include content="EpisodesVus">
                <param name="PositionX">1080</param>
                <param name="PositionY">120</param>
            </include>
					<!-- Star Rating -->
  					<control type="group">
  						<!-- XXX: temporarily commented out for videos until I figure out exactly how I'd like to implement this
  						<visible>!Window.IsActive(10025) | [Window.IsActive(10025) + [Container.Content(movies) | Container.Content(tvshows) | Container.Content(episodes)]]</visible>
  						<include>VisibleIfNotMovieSet</include>
  						-->
  						<visible>!Window.IsActive(10025) + !String.Contains(Container.FolderPath,plugin)</visible>
  						<control type="label">
  							<posx>775</posx>
  							<posy>-2</posy>
  							<width>45</width>
  							<height>35</height>
  							<align>right</align>
  							<aligny>center</aligny>
  							<label>$INFO[ListItem.Rating]</label>
  							<font>METF_InfoText</font>
  							<textcolor>TextNF</textcolor>
  							<visible>!String.IsEmpty(ListItem.Rating)</visible>
  						</control>
  						<control type="image">
  							<posx>772</posx>
  							<posy>6</posy>
  							<width>20</width>
  							<height>20</height>
  							<texture>star.png</texture>
  							<colordiffuse>$VAR[RatingColor]</colordiffuse>
  							<visible>!String.IsEmpty(ListItem.Rating)</visible>
  						</control>
  					</control>
						<visible>!String.IsEqual(ListItem.Label,..)+!String.IsEqual(ListItem.Title,..)</visible>
				  </control>
				<control type="image">
				  <left>50</left>
				  <top>50</top>
				  <height>60</height>
				  <width>200</width>
				  <aspectratio>keep</aspectratio>
				  <texture>buttons/parent.png</texture>
				  <visible>String.IsEqual(ListItem.Label,..)|String.IsEqual(ListItem.Title,..)</visible>
				</control>
		
			
			
				</focusedlayout>
			</control>
			<!-- Thumbnails --
			<control type="image">
				
				
			<posx>5</posx>
				<posy>250</posy>
				<width>300</width>
				<height>440</height>
				<bordersize>30</bordersize>
							<bordertexture border="30" colordiffuse="FFFFFFFF">frames/menu_glass2b.png</bordertexture>
					<texture background="true" fallback="home_art/movies.jpg">$VAR[PosterThumbActeurs]</texture>
					<aspectratio scalediffuse="true">keep</aspectratio>
				
				<visible>Container.Content(actors)|Container.Content(directors)</visible>
			</control>
      -->
			<!-- Sets button -->
			<control type="button" id="997">
				<onup>906</onup>
				<ondown>906</ondown>
				<onleft>906</onleft>
				<onright>998</onright>
				<description>sets</description>
				<posx>745</posx>
				<posy>5</posy>
				<width>32</width>
				<height>24</height>
				<label></label>
				<onclick>ActivateWindow(10025,"videodb://movies/sets/$INFO[ListItem.SetId]/?setid=$INFO[ListItem.SetId]",return)</onclick>
				<visible>Window.IsActive(10025) + !Container.Content(sets) + !String.IsEmpty(ListItem.Set)</visible>
			</control>			
			<!-- Browser label and flags -->
		

			
			<!-- Scroll Bar -->
			<control type="scrollbar" id="998">
				<include>Animation_OpenCloseFade</include>
				
				<posx>1270</posx>
				<posy>128</posy>
				<width>22</width>
				<height>376</height>
				<visible allowhiddenfocus="true">Control.HasFocus(998) | Container.Scrolling</visible>
				<texturesliderbackground>-</texturesliderbackground>
				<textureslidernib>scrollbarv_nib_focus.png</textureslidernib>
				<textureslidernibfocus>scrollbarv_nib_focus.png</textureslidernibfocus>
				<onleft>997</onleft>
				<onright>noop</onright>
				<showonepage>true</showonepage>
				<orientation>vertical</orientation>
				<animation effect="fade" start="0" end="100" time="400" condition="Control.HasFocus(998) | Container.Scrolling">Conditional</animation>
			</control>
			<include>showacteurinfo</include>
		</control>
		
	</include>
	<include name="Viewtype_ListSobre">
		<control type="group">
		  <left>-250</left>
			
			<visible>Control.IsVisible(508)</visible>
			<!-- Browser 
			<control type="label">
				<label>***$INFO[Window(Home).Property(MoviePlayerArt)]</label>
			</control>-->
			<control type="list" id="508">
				<animation type="Conditional" condition="Window.IsActive(addoninformation)">
					<effect type="zoom" time="600" center="640,360" start="100" end="50" tween="cubic" easing="out" />
					<effect type="fade" time="400" start="100" end="0" />
				</animation>
		
				<posx>300</posx>
				<posy>60</posy>
				<height>770</height>
				<width>1650</width>
				<onup>508</onup>
				<ondown>508</ondown>
				<oninfo condition="Container.Content(actors|Container.Content(directors)">SetProperty(ActorThumb,$VAR[PosterThumb],Home)</oninfo>
				<oninfo condition="Container.Content(actors)|Container.Content(directors)">SetProperty(IconmixShowInfo,55,Home)</oninfo>
				
				<include condition="!Skin.HasSetting(ViewLockdown)">OnLeft7000</include>
				<!-- <onright>60</onright> -->
				<scrolltime>160</scrolltime>
				<viewtype label="31800">list</viewtype>
				<orientation>vertical</orientation>
				<preloaditems>2</preloaditems>
				<aligny>top</aligny>
				<pagecontrol>60</pagecontrol>
				<include>Animation_OpenCloseFade</include>
				
				<include>Animation_HiddenByInfo</include>
				<itemlayout height="45">
				  <control type="group">
					<!-- Items in Video Library -->
  					<control type="label">
  					  <include>isWatched</include>
  						<posx>87</posx>
  						<posy>0</posy>
  						<width>1500</width>
  						<height>35</height>
  						<aligny>center</aligny>
  						<font>impact</font>
  						<textcolor>FF000000</textcolor>
  						<label>$VAR[ListItemTitle]</label>
  						<scroll>false</scroll>
  					</control>
  					<control type="label">
  					  <include>isWatched</include>
  						<posx>85</posx>
  						<posy>-2</posy>
  						<width>1500</width>
  						<height>35</height>
  						<aligny>center</aligny>
  						<font>impact</font>
  						<textcolor>TextNF</textcolor>
  						<selectedcolor>TextFO</selectedcolor>
  						<label>$VAR[ListItemTitle]</label>
  						<scroll>false</scroll>
  					</control>
  								
  					<!-- Watched Overlay for In-Progress Items in Video Library -->
  					<control type="group">
    					<posx>7</posx>
    					<posy>10</posy>
    					<include>OverlayProgress</include>
  				  </control>	
  					<!-- Items in Music Library 
  					<control type="label">
  						<posx>85</posx>
  						<posy>-2</posy>
  						<width>1500</width>
  						<height>35</height>
  						<aligny>center</aligny>
  						<font>METF_TitleText</font>
  						<textcolor>TextNF</textcolor>
  						<selectedcolor>TextFO</selectedcolor>
  						<label>$INFO[ListItem.Label]</label>
  						<scroll>false</scroll>
  						<visible>Window.IsActive(502)</visible>
  					</control>-->
  					
  					<!-- Watched Overlay for Items NOT in Video Library -->
  					<control type="image">
  						<posx>4</posx>
  						<posy>5</posy>
  						<width>24</width>
  						<height>24</height>
  						<texture>$INFO[ListItem.Overlay]</texture>
  						<colordiffuse>WatchedOverlay</colordiffuse>
  						<visible>!window.isactive(10025) + string.isequal(listitem.overlay,overlaywatched.png)</visible>
  					</control>
  					<!-- Addon Progress/state -->
  					<control type="label">
  						<posx>630</posx>
  						<posy>-2</posy>
  						<width>220</width>
  						<height>35</height>
  						<align>right</align>
  						<aligny>center</aligny>
  						<label>$INFO[ListItem.Property(Addon.Status)]</label>
  						<font>METF_InfoText</font>
  						<textcolor>MediaDetailsEpisodes</textcolor>
  						<visible>Window.IsActive(addonbrowser)</visible>
  					</control>
  					
  					<!-- Episode Count for TVShows                  -->
  					<include content="EpisodesVus">
                <param name="PositionX">1080</param>
                <param name="PositionY">3</param>
            </include>
  					<!-- Episode Count for Seasons -->
  				
  					<!-- Star Rating -->
  					<control type="group">
  							<visible>!Window.IsActive(10025) + !String.Contains(Container.FolderPath,plugin)</visible>
  						<control type="label">
  							<posx>775</posx>
  							<posy>-2</posy>
  							<width>45</width>
  							<height>35</height>
  							<align>right</align>
  							<aligny>center</aligny>
  							<label>$INFO[ListItem.Rating]</label>
  							<font>METF_InfoText</font>
  							<textcolor>TextNF</textcolor>
  							<visible>!String.IsEmpty(ListItem.Rating)</visible>
  						</control>
  						<control type="image">
  							<posx>772</posx>
  							<posy>6</posy>
  							<width>20</width>
  							<height>20</height>
  							<texture>star.png</texture>
  							<colordiffuse>FFFFFFFF</colordiffuse>
  							<visible>!String.IsEmpty(ListItem.Rating)</visible>
  						</control>
  							
  				
  				
  		
  					</control>
					<visible>!String.IsEqual(ListItem.Label,..)+!String.IsEqual(ListItem.Title,..)</visible>
					</control>
					<control type="image">
				  <left>50</left>
				  <height>40</height>
				  <width>119</width>
				  <aspectratio>keep</aspectratio>
				  <texture>buttons/parent.png</texture>
				  <visible>String.IsEqual(ListItem.Label,..)|String.IsEqual(ListItem.Title,..)</visible>
				</control>
				</itemlayout>
				
				<!-------------------------------------------------------------------------------------------------------->
				<focusedlayout height="75">
				 
					<!-- Items in Video Library -->
					<control type="image">
                <posx>0</posx>
                <posy>0</posy>
                <width>1500</width>
                <height>70</height>
                <texture>focusline.png</texture>
                <colordiffuse>A02F2F2F</colordiffuse>
                <!-- <visible>!String.IsEqual(ListItem.Label,..)+!String.IsEqual(ListItem.Title,..)</visible> -->
            </control>
  					<control type="group">
  					  <control type="label">
  					  <include>isWatched</include>
  						<posx>87</posx>
  						<width>1500</width>
  						<aligny>center</aligny>
  						<font>impact</font>
  						<textcolor>yellow</textcolor>
  						<label>$VAR[ListItemTitle]</label>
  						<scroll>false</scroll>
  					</control>
  					<control type="label">
  					  <include>isWatched</include>
  						<posx>85</posx>
  						<width>1500</width>
  						<aligny>center</aligny>
  						<font>impact</font>
  						<textcolor>yellow</textcolor>
  						<label>$VAR[ListItemTitle]</label>
  						<scroll>false</scroll>
  					</control>
  								
  					<!-- Watched Overlay for In-Progress Items in Video Library -->
  					<control type="group">
    					<posx>7</posx>
    					<posy>10</posy>
    					<include>OverlayProgress</include>
  				  </control>	
  					<!-- Items in Music Library 
  					<control type="label">
  						<posx>85</posx>
  						<posy>-2</posy>
  						<width>1500</width>
  						<height>35</height>
  						<aligny>center</aligny>
  						<font>METF_TitleText</font>
  						<textcolor>TextNF</textcolor>
  						<selectedcolor>TextFO</selectedcolor>
  						<label>$INFO[ListItem.Label]</label>
  						<scroll>false</scroll>
  						<visible>Window.IsActive(502)</visible>
  					</control>-->
  					
  					<!-- Watched Overlay for Items NOT in Video Library -->
  					<control type="image">
  						<posx>4</posx>
  						<posy>5</posy>
  						<width>24</width>
  						<height>24</height>
  						<texture>$INFO[ListItem.Overlay]</texture>
  						<colordiffuse>WatchedOverlay</colordiffuse>
  						<visible>!window.isactive(10025) + string.isequal(listitem.overlay,overlaywatched.png)</visible>
  					</control>
  					<!-- Addon Progress/state -->
  					<control type="label">
  						<posx>630</posx>
  						<posy>-2</posy>
  						<width>220</width>
  						<height>35</height>
  						<align>right</align>
  						<aligny>center</aligny>
  						<label>$INFO[ListItem.Property(Addon.Status)]</label>
  						<font>METF_InfoText</font>
  						<textcolor>MediaDetailsEpisodes</textcolor>
  						<visible>Window.IsActive(addonbrowser)</visible>
  					</control>
  					
  					<!-- Episode Count for TVShows                  -->
  					<include content="EpisodesVus">
                <param name="PositionX">1080</param>
                <param name="PositionY">3</param>
            </include>
  					<!-- Episode Count for Seasons -->
  				
  					<!-- Star Rating -->
  					<control type="group">
  							<visible>!Window.IsActive(10025) + !String.Contains(Container.FolderPath,plugin)</visible>
  						<control type="label">
  							<posx>775</posx>
  							<posy>-2</posy>
  							<width>45</width>
  							<height>35</height>
  							<align>right</align>
  							<aligny>center</aligny>
  							<label>$INFO[ListItem.Rating]</label>
  							<font>METF_InfoText</font>
  							<textcolor>TextNF</textcolor>
  							<visible>!String.IsEmpty(ListItem.Rating)</visible>
  						</control>
  						<control type="image">
  							<posx>772</posx>
  							<posy>6</posy>
  							<width>20</width>
  							<height>20</height>
  							<texture>star.png</texture>
  							<colordiffuse>FFFFFFFF</colordiffuse>
  							<visible>!String.IsEmpty(ListItem.Rating)</visible>
  						</control>
  							
  				
  				
  		
  					</control>
					<visible>!String.IsEqual(ListItem.Label,..)+!String.IsEqual(ListItem.Title,..)</visible>
					</control>
					<control type="image">
				  <left>50</left>
				  <height>45</height>
				  <width>119</width>
				  <aspectratio>keep</aspectratio>
				  <texture>buttons/parent.png</texture>
				  <visible>String.IsEqual(ListItem.Label,..)|String.IsEqual(ListItem.Title,..)</visible>
				</control>
			
				</focusedlayout>
			</control>
		
			
		
			
			<include>showacteurinfo</include>
		</control>
		
	</include>
</includes>
