<?xml version="1.0" encoding="UTF-8"?>
<includes>
  <!------------------------------------------------------------------------------------------------------------->



  <include name="BannerViewCommon_Browser">

    <itemlayout width="560" height="120">
      

      <control type="group">
        <visible>!String.IsEqual(ListItem.Label,..)+!String.IsEqual(ListItem.Title,..)</visible>
        <control type="image">
          <posx>12</posx>
          <posy>15</posy>
          <width>502</width>
          <height>96</height>
          <texture>frames/banner_diffuse.png</texture>
          <colordiffuse>FrameBackgroundDiffuse</colordiffuse>

        </control>
        <include>isWatched</include>
        
        <control type="image">
          <posx>12</posx>
          <posy>15</posy>
          <width>502</width>
          <height>96</height>
          <texture background="true" diffuse="frames/banner_diffuse.png">$INFO[ListItem.Thumb]</texture>
          <aspectratio scalediffuse="true">scale</aspectratio>
          <colordiffuse>FFFFFFFF</colordiffuse>
          <visible>Container.Content(artists)</visible>
        </control>
        <control type="image">
          <posx>12</posx>
          <posy>15</posy>
          <width>502</width>
          <height>96</height>
          <texture background="true" diffuse="frames/banner_diffuse.png">$VAR[artistlogo]</texture>
          <aspectratio scalediffuse="true">keep</aspectratio>
          <colordiffuse>FFFFFFFF</colordiffuse>
          <visible>Container.Content(artists)</visible>
        </control>

        <control type="image">
          <posx>12</posx>
          <posy>15</posy>
          <width>502</width>
          <height>96</height>
          <texture background="true" diffuse="frames/banner_diffuse.png">$VAR[artistbanner]</texture>
          <colordiffuse>FFFFFFFF</colordiffuse>
          <aspectratio scalediffuse="true">keep</aspectratio>
          <visible>Container.Content(artists)</visible>
        </control>

        <control type="image">
          <posx>12</posx>
          <posy>15</posy>
          <width>502</width>
          <height>96</height>
          <texture background="true" fallback="default_banner.png" diffuse="frames/banner_diffuse.png">$INFO[ListItem.Art(banner)]</texture>
          <aspectratio scalediffuse="true">stretch</aspectratio>
          <visible>[Container.Content(movies)|Container.Content(sets)|Container.Content(tvshows)|Container.Content(seasons)]+!String.IsEmpty(ListItem.Title)</visible>
        </control>

        <control type="image">
          <posx>12</posx>
          <posy>15</posy>
          <width>502</width>
          <height>96</height>
          <texture background="true" fallback="default_banner.png" diffuse="frames/banner_diffuse.png">$INFO[ListItem.Art(tvshow.banner)]</texture>
          <aspectratio scalediffuse="true">stretch</aspectratio>
          <visible>[Container.Content(tvshows)|Container.Content(seasons)]+!String.IsEmpty(ListItem.Title)+String.IsEmpty(ListItem.Art(banner))</visible>
        </control>
        <control type="label">
          <posx>12</posx>
          <posy>55</posy>
          <width>502</width>
          <height>96</height>
          <font>impact</font>
          <align>center</align>

          <label>$INFO[ListItem.Label]</label>
          <visible>[Container.Content(movies)|Container.Content(sets)|Container.Content(tvshows)|Container.Content(seasons)]+!String.IsEmpty(ListItem.Title)+String.IsEmpty(ListItem.Art(banner))</visible>
        </control>

        <control type="image">
          <posx>4</posx>
          <posy>7</posy>
          <width>518</width>
          <height>114</height>
          <texture background="true">frames/banner_frame2.png</texture>
          <aspectratio scalediffuse="true">stretch</aspectratio>
        </control>
        <control type="group">
          <posx>20</posx>
          <posy>90</posy>
          <include content="OverlayProgress">
            <param name="Hauteur">25</param>
            <param name="Largeur">100</param>
          </include>
        </control>
        <include content="EpisodesVus">
          <param name="PositionX">310</param>
          <param name="PositionY">20</param>
        </include>
        <include>AnimationCacheNonSelect</include>
      </control>
      <control type="group">
        <visible>String.IsEqual(ListItem.Label,..)|String.IsEqual(ListItem.Title,..)</visible>
        <control type="image">
          <posx>12</posx>
          <posy>15</posy>
          <width>502</width>
          <height>96</height>
          <texture background="true" diffuse="frames/banner_diffuse.png">frames/banner_diffuse.png</texture>
          <aspectratio scalediffuse="true">scale</aspectratio>
          
          <colordiffuse>FrameBackgroundDiffuse</colordiffuse>

        </control>
        <control type="image">
          <posx>4</posx>
          <posy>7</posy>
          <width>518</width>
          <height>114</height>
          <texture background="true">frames/banner_frame2.png</texture>
          <aspectratio scalediffuse="true">stretch</aspectratio>
        </control>
      <control type="image">
    <left>20</left>
    <top>25</top>
    <height>80</height>
    <width>300</width>
    <aspectratio>keep</aspectratio>
    <texture>buttons/parent.png</texture>
    
  </control>
  </control>
    </itemlayout>

    <focusedlayout width="560" height="120">
      <include>ActiveClearArt</include>
      <control type="group">
        <visible>!String.IsEqual(ListItem.Label,..)+!String.IsEqual(ListItem.Title,..)</visible>
        <animation reversible="false" effect="zoom" center="auto" start="100" end="135" time="200" tween="bounce" >focus</animation>
        <animation reversible="false" effect="zoom" center="auto" start="135" end="100" time="200" tween="bounce" >unfocus</animation>
        
        <control type="image">
          <posx>12</posx>
          <posy>15</posy>
          <width>502</width>
          <height>96</height>
          <texture>frames/banner_diffuse.png</texture>
          <colordiffuse>FrameBackgroundDiffuse</colordiffuse>
        </control>

        <control type="image">
          <posx>12</posx>
          <posy>15</posy>
          <width>502</width>
          <height>96</height>
          <texture background="true" diffuse="frames/banner_diffuse.png">$INFO[ListItem.Thumb]</texture>
          <aspectratio scalediffuse="true">scale</aspectratio>
          <colordiffuse>FFFFFFFF</colordiffuse>
          <visible>Container.Content(artists)</visible>
        </control>

        <control type="image">
          <posx>12</posx>
          <posy>15</posy>
          <width>502</width>
          <height>96</height>
          <texture background="true" diffuse="frames/banner_diffuse.png">$VAR[artistlogo]</texture>
          <aspectratio scalediffuse="true">keep</aspectratio>
          <colordiffuse>FFFFFFFF</colordiffuse>
          <visible>Container.Content(artists)</visible>
        </control>


        <control type="image">
          <posx>12</posx>
          <posy>15</posy>
          <width>502</width>
          <height>96</height>
          <texture background="true" diffuse="frames/banner_diffuse.png">$VAR[artistbanner]</texture>
          <colordiffuse>FFFFFFFF</colordiffuse>
          <aspectratio scalediffuse="true">keep</aspectratio>
          <visible>Container.Content(artists)</visible>
        </control>


        <control type="image">
          <posx>12</posx>
          <posy>15</posy>
          <width>502</width>
          <height>96</height>
          <texture background="true" fallback="default_banner.png" diffuse="frames/banner_diffuse.png">$INFO[ListItem.Art(banner)]</texture>
          <aspectratio scalediffuse="true">stretch</aspectratio>
          <visible>[Container.Content(movies)|Container.Content(sets)|Container.Content(tvshows)|Container.Content(seasons)]+!String.IsEmpty(ListItem.Title)</visible>
        </control>

        <control type="image">
          <posx>12</posx>
          <posy>15</posy>
          <width>502</width>
          <height>96</height>
          <texture background="true" fallback="default_banner.png" diffuse="frames/banner_diffuse.png">$INFO[ListItem.Art(tvshow.banner)]</texture>
          <aspectratio scalediffuse="true">stretch</aspectratio>
          <visible>[Container.Content(tvshows)|Container.Content(seasons)]+!String.IsEmpty(ListItem.Title)+String.IsEmpty(ListItem.Art(banner))</visible>
        </control>
        <control type="label">
          <posx>12</posx>
          <posy>55</posy>
          <width>502</width>
          <height>96</height>
          <align>center</align>
          <font>impact</font>
          <label>$INFO[ListItem.Label]</label>
          <visible>[Container.Content(movies)|Container.Content(sets)|Container.Content(tvshows)|Container.Content(seasons)]+!String.IsEmpty(ListItem.Title)+String.IsEmpty(ListItem.Art(banner))</visible>
        </control>


        <control type="image">
          <posx>4</posx>
          <posy>7</posy>
          <width>518</width>
          <height>114</height>
          <texture background="true">frames/banner_frame2.png</texture>

          <aspectratio scalediffuse="true">stretch</aspectratio>
        </control>
        <control type="group">
          <posx>20</posx>
          <posy>90</posy>
          <include content="OverlayProgress">
            <param name="Hauteur">25</param>
            <param name="Largeur">100</param>
          </include>
        </control>


        <include content="EpisodesVus">
          <param name="PositionX">310</param>
          <param name="PositionY">20</param>
        </include>
      </control>
         <control type="group">
        <visible>String.IsEqual(ListItem.Label,..)|String.IsEqual(ListItem.Title,..)</visible>
         <animation reversible="false" effect="zoom" center="auto" start="100" end="135" time="200" tween="bounce" >focus</animation>
        <animation reversible="false" effect="zoom" center="auto" start="135" end="100" time="200" tween="bounce" >unfocus</animation>

        <control type="image">
          <posx>12</posx>
          <posy>15</posy>
          <width>502</width>
          <height>96</height>
          <texture background="true" diffuse="frames/banner_diffuse.png">frames/banner_diffuse.png</texture>
          <aspectratio scalediffuse="true">scale</aspectratio>
          
          <colordiffuse>FrameBackgroundDiffuse</colordiffuse>

        </control>
        <control type="image">
          <posx>4</posx>
          <posy>7</posy>
          <width>518</width>
          <height>114</height>
          <texture background="true">frames/banner_frame2.png</texture>
          <aspectratio scalediffuse="true">stretch</aspectratio>
        </control>
      <control type="image">
    <left>20</left>
    <top>25</top>
    <height>80</height>
    <width>300</width>
    <aspectratio>keep</aspectratio>
    <texture>buttons/parent.png</texture>
    
  </control>
  </control>
    </focusedlayout>
  </include>

  <!-- ---------------------------------------------------------------- -->

  <include name="Viewtype_Banner">
    <control type="group">
      <posy>50</posy>
      <visible>Control.IsVisible(511)</visible>
      <!-- Browser -->
      <control type="panel" id="511">
        <viewtype label="$LOCALIZE[31812]">wide</viewtype>
        <posx>130</posx>
        <posy>280</posy>
        <height>370</height>
        <width>1800</width>
        <ondown>Action(firstpage)</ondown>
        <onup>Action(lastpage)</onup>
        <onright>7000</onright>
        <onleft>7000</onleft>

        <orientation>vertical</orientation>
        <preloaditems>2</preloaditems>
        <scrolltime>200</scrolltime>
        <include>Animation_OpenCloseFade</include>
        
        <include>Animation_HiddenByInfo</include>
        <visible>!Skin.HasSetting(NoViewBanner)</visible>
        
        <include>BannerViewCommon_Browser</include>
      </control>

      
    </control>
  </include>
  <include name="Viewtype_BannerWall">
    <control type="group">
      <posy>50</posy>
      <visible>Control.IsVisible(514)</visible>
      <!-- Browser -->
      <control type="panel" id="514">
        <viewtype label="$LOCALIZE[31831]">wide</viewtype>
        <posx>130</posx>
        <height>720</height>
        <width>1800</width>
        <ondown>Action(firstpage)</ondown>
        <onup>Action(lastpage)</onup>
        <onright>7000</onright>
        <onleft>7000</onleft>
        



        <orientation>vertical</orientation>
        <preloaditems>2</preloaditems>
        <scrolltime>200</scrolltime>
        <include>Animation_OpenCloseFade</include>
        
        <include>Animation_HiddenByInfo</include>
        <visible>!Skin.HasSetting(NoViewBanner)</visible>

        <include>BannerViewCommon_Browser</include>
      </control>

      <!-- Arrows  -->
      
    </control>
  </include>

  <include name="Viewtype_BannerV">
    <control type="group">
      <visible>Control.IsVisible(513)</visible>
      <!-- Browser -->
      <control type="panel" id="513">
        <viewtype label="$LOCALIZE[31813]">wide</viewtype>
        <posx>95</posx>
        <posy>50</posy>
        <height>730</height>
        <width>550</width>
        <!--<onright>1999</onright> -->
        <include condition="!Skin.HasSetting(ViewLockdown)">OnLeft7000Inverse</include>
        
        
        <ondown>513</ondown>
        <onup>513</onup>
        <pagecontrol>-</pagecontrol>
        <orientation>vertical</orientation>
        <preloaditems>2</preloaditems>
        <scrolltime>200</scrolltime>
        <include>Animation_OpenCloseFade</include>
        
        <include>Animation_HiddenByInfo</include>
        <visible>!Skin.HasSetting(NoViewBanner)</visible>

        <include>BannerViewCommon_Browser</include>
      </control>
      
      <!--<include>ListeEpisodes</include> -->
    </control>
  </include>
</includes>
