<?xml version="1.0" encoding="UTF-8"?>
 <!-- ------------------------------------POLICES---------------------------------------------------------- -->
 <includes>

<include name="FontTitre">

  <include condition="String.IsEqual(Skin.String(titrepolice),1)" content="PPFont">
    <param name="id">1</param>
  </include>
  <include condition="String.IsEqual(Skin.String(titrepolice),2)" content="PPFont">
    <param name="id">2</param>
  </include>
  <include condition="String.IsEqual(Skin.String(titrepolice),3)" content="PPFont">
    <param name="id">3</param>
  </include>
  <include condition="String.IsEqual(Skin.String(titrepolice),4)" content="PPFont">
    <param name="id">4</param>
  </include>
  <include condition="String.IsEqual(Skin.String(titrepolice),5)" content="PPFont">
    <param name="id">5</param>
  </include>
  <include condition="String.IsEqual(Skin.String(titrepolice),6)" content="PPFont">
    <param name="id">6</param>
  </include>
  <include condition="String.IsEqual(Skin.String(titrepolice),7)" content="PPFont">
    <param name="id">7</param>
  </include>
  <include condition="String.IsEqual(Skin.String(titrepolice),8)" content="PPFont">
    <param name="id">8</param>
  </include>
  <include condition="String.IsEmpty(Skin.String(titrepolice))" content="PPFont">
    <param name="id">1</param>
  </include>
</include>
<include name="PPFont">
  <param name="id" default="1"/>
  <definition>
    <font>TitrePolice$PARAM[id]</font>
  </definition>
</include>

<include name="FontPlot">
  <include condition="String.IsEqual(Skin.String(Plotpolice),1)" content="PLFont">
    <param name="id">1</param>
  </include>
  <include condition="String.IsEqual(Skin.String(Plotpolice),2)" content="PLFont">
    <param name="id">2</param>
  </include>
  <include condition="String.IsEqual(Skin.String(Plotpolice),3)" content="PLFont">
    <param name="id">3</param>
  </include>
  <include condition="String.IsEqual(Skin.String(Plotpolice),4)" content="PLFont">
    <param name="id">4</param>
  </include>
  <include condition="String.IsEqual(Skin.String(Plotpolice),5)" content="PLFont">
    <param name="id">5</param>
  </include>
  <include condition="String.IsEqual(Skin.String(Plotpolice),6)" content="PLFont">
    <param name="id">6</param>
  </include>
  <include condition="String.IsEqual(Skin.String(Plotpolice),7)" content="PLFont">
    <param name="id">7</param>
  </include>
  <include condition="String.IsEqual(Skin.String(Plotpolice),8)" content="PLFont">
    <param name="id">8</param>
  </include>
  <include condition="String.IsEmpty(Skin.String(Plotpolice))" content="PLFont">
    <param name="id">1</param>
  </include>
</include>
<include name="PLFont">
  <param name="id" default="1"/>
  <definition>
    <font>PlotPolice$PARAM[id]</font>
  </definition>
</include>

<include name="PlotNoDialFont">
  <include condition="String.IsEqual(Skin.String(Plotpolice),1)" content="PLNFont">
    <param name="id">1</param>
  </include>
  <include condition="String.IsEqual(Skin.String(Plotpolice),2)" content="PLNFont">
    <param name="id">2</param>
  </include>
  <include condition="String.IsEqual(Skin.String(Plotpolice),3)" content="PLNFont">
    <param name="id">3</param>
  </include>
  <include condition="String.IsEqual(Skin.String(Plotpolice),4)" content="PLNFont">
    <param name="id">4</param>
  </include>
  <include condition="String.IsEqual(Skin.String(Plotpolice),5)" content="PLNFont">
    <param name="id">5</param>
  </include>
  <include condition="String.IsEqual(Skin.String(Plotpolice),6)" content="PLNFont">
    <param name="id">6</param>
  </include>
  <include condition="String.IsEqual(Skin.String(Plotpolice),7)" content="PLNFont">
    <param name="id">7</param>
  </include>
  <include condition="String.IsEqual(Skin.String(Plotpolice),8)" content="PLNFont">
    <param name="id">8</param>
  </include>
  <include condition="String.IsEmpty(Skin.String(Plotpolice))" content="PLNFont">
    <param name="id">1</param>
  </include>
</include>

<include name="PLNFont">
  <param name="id" default="0"/>
  <definition>
    <font>PlotNoDialPolice$PARAM[id]</font>
  </definition>
</include>


</includes>