<?xml version="1.0" encoding="UTF-8"?>
<includes>
   <include name="CommonFlowLeft">
    <param name="Poster">$VAR[PosterThumb]</param>
    <param name="AnimX">0</param>
    <param name="leftX">0</param>
  <definition>
    <control type="group">
      <width>300</width>
      <height>420</height>
      <top>0</top>
      <left>$PARAM[leftX]</left>
       <animation effect="rotatey" center="$PARAM[AnimX],0" start="-55" end="-55" time="0" condition="true">Conditional</animation>
    <!--  <animation effect="rotatey" center="380" start="55" end="55" time="0" condition="Integer.IsEqual($PARAM[Anim],1)">Conditional</animation> -->
      
    
			<control type="group">
				<posx>-10</posx>
				<posy>130</posy>
		<include>isWatched</include>
		    <include content="VuePosterChoix">
          <param name="Poster">$PARAM[Poster]</param>
        </include>
				
			
  </control>
  
		</control>
    </definition>
  </include>
  <include name="CommonFlowRight">
    <param name="Poster">$VAR[PosterThumb]</param>
    <param name="AnimX">0</param>
    <param name="leftX">0</param>
  <definition>
    <control type="group">
      <width>300</width>
      <height>420</height>
      <top>0</top>
      <left>$PARAM[leftX]</left>
     <animation effect="rotatey" center="$PARAM[AnimX],0" start="55" end="55" time="0" condition="true">Conditional</animation>
      <!--  <animation effect="rotatey" center="380" start="55" end="55" time="0" condition="Integer.IsEqual($PARAM[Anim],1)">Conditional</animation> -->
      
    
			<control type="group">
				<posx>-10</posx>
				<posy>130</posy>
		<include>isWatched</include>
		    <include content="VuePosterChoix">
          <param name="Poster">$PARAM[Poster]</param>
        </include>
				
				
  </control>
 
		</control>
    </definition>
  </include>
	<include name="Viewtype_Coverflow">
		<control type="group">
			<visible>Control.IsVisible(512)</visible>
			<include>Animation_OpenCloseFade</include>
			<include>Animation_FadedByMenu</include>
			<include>Animation_HiddenByInfo</include>
			<control type="group"> <!--- partie gauche --->
			  <left>0</left>
			  <top>-100</top>
			   <include content="CommonFlowLeft">
          <param name="Poster">$INFO[ListItem(-5).Art(poster)]</param>
          <param name="leftX">0</param>
          <param name="AnimX">-900</param>
        </include>
        <include content="CommonFlowLeft">
          <param name="Poster">$INFO[ListItem(-4).Art(poster)]</param>
          <param name="leftX">200</param>
          <param name="AnimX">-500</param>
        </include>
        <include content="CommonFlowLeft">
          <param name="Poster">$INFO[ListItem(-3).Art(poster)]</param>
          <param name="leftX">400</param>
          <param name="AnimX">-100</param>
        </include>
        <include content="CommonFlowLeft">
          <param name="Poster">$INFO[ListItem(-2).Art(poster)]</param>
          <param name="leftX">600</param>
          <param name="AnimX">300</param>
        </include>
			  <control type="group">
			  <animation reversible="false" type="Conditional" condition="Control.IsVisible(8787)" >
          <!-- <effect type="slide" end="-200,0" start="-200,0" time="0" /> -->
          <effect type="rotatey" center="600" start="55" end="-55" time="500" />
        </animation>
        <include content="CommonFlowLeft">
          <param name="Poster">$INFO[ListItem(-1).Art(poster)]</param>
          <param name="leftX">700</param>
          <param name="AnimX">600</param>
        </include>
      </control>
			  
			</control>
	
			
			<control type="group"><!--- partie droite --->
			  <left>920</left>
			  <top>-100</top>
			   <include content="CommonFlowRight">
          <param name="Poster">$INFO[ListItem(5).Art(poster)]</param>
          <param name="leftX">800</param>
          <param name="AnimX">2000</param>
        </include>
        <include content="CommonFlowRight">
          <param name="Poster">$INFO[ListItem(4).Art(poster)]</param>
          <param name="leftX">600</param>
          <param name="AnimX">1600</param>
        </include>
        <include content="CommonFlowRight">
          <param name="Poster">$INFO[ListItem(3).Art(poster)]</param>
          <param name="leftX">400</param>
          <param name="AnimX">1200</param>
        </include>
        <include content="CommonFlowRight">
          <param name="Poster">$INFO[ListItem(2).Art(poster)]</param>
          <param name="leftX">200</param>
          <param name="AnimX">800</param>
        </include>
			 <control type="group">
			    <!-- <visible>!Control.IsVisible(8787)</visible> -->
			    
			    <animation reversible="false" type="Conditional" condition="Control.IsVisible(8786)" >
          <effect type="slide" start="-200,0" end="0,0" time="0" />
          <effect type="rotatey" center="500" start="-55" end="55" time="500" />
        </animation>
        <!--
        <animation reversible="false" type="Conditional" condition="Control.IsVisible(8786)" >
          <effect type="slide" end="-200,0" start="-200,0" time="0" />
          <effect type="rotatey" center="500" start="-55" end="0" time="500" />
        </animation>
        -->
			  
        <include content="CommonFlowRight">
          <param name="Poster">$INFO[ListItem(1).Art(poster)]</param>
          <param name="leftX">100</param>
          <param name="AnimX">500</param>
        </include>
        </control>
        	  
			</control>
			
			<control type="group" id="8786">
        <visible>Container(512).OnPrevious</visible>
        <animation reversible="false" type="Hidden" >
          <effect type="slide" end="-200,0" time="250" />
          <effect type="rotatey" center="850" start="0" end="-55" time="250" />
        </animation>
      </control>
      
			<control type="group" id="8787">
        <visible>Container(512).OnNext</visible>
        <animation reversible="false" type="Hidden" >
          <effect type="slide" end="-200,0" time="250" />
          <effect type="rotatey" center="850" start="0" end="-55" time="250" />
        </animation>
      </control>
      
			<!--- partie centrale Next 
		<control type="group" id="8787">
        <visible>Container(512).OnNext</visible>
        <width>300</width>
        <height>420</height>
        <top>-100</top>
        <left>850</left>
        <animation reversible="false" type="Hidden" >
          <effect type="slide" end="-200,0" time="250" />
          <effect type="rotatey" center="850" start="0" end="-55" time="250" />
        </animation>

      
      <control type="group">
        <posx>-10</posx>
        <posy>130</posy>
        <include content="VuePosterChoix">
          <param name="Poster">$INFO[ListItem(-1).Art(poster)]</param>
        </include>


        <visible>!String.IsEqual(ListItem.Label,..)+!String.IsEqual(ListItem.Title,..)</visible>
      </control>

    </control>
    
    -->
    <!--- partie centrale Previous
    <control type="group" id="8786">
        <visible>Container(512).OnPrevious</visible>
        <width>300</width>
        <height>420</height>
        <top>-100</top>
        <left>850</left>
        <animation reversible="false" type="Hidden" >
          <effect type="slide" end="200,0" time="200" />
          <effect type="rotatey" center="1100" start="0" end="55" time="200" />
        </animation>

      
      <control type="group">
        <posx>-10</posx>
        <posy>130</posy>
        <include content="VuePosterChoix">
          <param name="Poster">$INFO[ListItem(1).Art(poster)]</param>
        </include>


        <visible>!String.IsEqual(ListItem.Label,..)+!String.IsEqual(ListItem.Title,..)</visible>
      </control>

    </control>--->
    <!--- partie centrale normal--->
    <control type="group" >
        <visible>!Container(512).OnPrevious+!Container(512).OnNext</visible>
        <width>300</width>
        <height>420</height>
        <top>-100</top>
        <left>850</left>
        <animation reversible="false" type="Conditional" condition="Control.IsVisible(8786)" >
          <!-- <effect type="slide" end="-200,0" start="-200,0" time="0" /> -->
          <effect type="rotatey" center="850" start="-55" end="0" time="500" />
        </animation>
        <animation reversible="false" type="Conditional" condition="Control.IsVisible(8787)" >
          <!-- <effect type="slide" end="-200,0" start="-200,0" time="0" /> -->
          <effect type="rotatey" center="1136" start="55" end="0" time="500" />
        </animation>
        



      <control type="group">
        <posx>-10</posx>
        <posy>130</posy>
        <include content="VuePosterChoix">
          <param name="Poster">$INFO[ListItem(0).Art(poster)]</param>
        </include>


        <!-- <visible>!String.IsEqual(ListItem.Label,..)+!String.IsEqual(ListItem.Title,..)</visible> -->
      </control>

    </control>
			
			
			<control type="group">
				<control type="wraplist" id="512">
					<posx>0</posx>
					<posy>0</posy>
					<width>130</width>
					<height>10</height>
					<include condition="!Skin.HasSetting(ViewLockdown)">OnUp7000</include>
					<ondown>60</ondown>
					<viewtype label="33031">wrap</viewtype>
					<pagecontrol>60</pagecontrol>
					<orientation>horizontal</orientation>
					<scrolltime>250</scrolltime>
					<focusposition>3</focusposition>
					<visible>!Skin.HasSetting(NoViewCoverflow)</visible>
					<visible>Container.Content(movies) | Container.Content(sets) | Container.Content(tvshows) | Container.Content(seasons)</visible>
					<itemlayout height="10" width="10"/>
					<focusedlayout height="10" width="10"/>
				</control>
			</control>
			<include>ScrollBar_Horizontal</include>
		</control>
	</include>
</includes>
