<?xml version="1.0" encoding="UTF-8"?>
<includes>
	<include name="vueexperimentale">
		<control type="group"> <!-- vue experimentale -->
			<!-- -->
			
			<animation type="Conditional" condition="Control.HasFocus(7779)|Control.HasFocus(7781)" reversible="true">
				<effect type="fade" start="100" end="15" time="500"  />
			</animation>
			<posy>-990</posy> -->
			<visible>!String.StartsWith(ListItem.Label,..)+!Control.IsVisible(562)+!Control.IsVisible(563)</visible>	
			
			<control type="group">
			  <top>1977</top>
			  <height>80</height>
			
				<!---->
        <animation type="Conditional" condition="true">
  				<effect type="zoom" center="700,1985" start="100" end="70" time="1"  />
  			</animation>	
  			<animation type="Conditional" condition="[!Skin.HasSetting(ShowFilePath)|String.IsEmpty(ListItem.FilenameAndPath)]+[Skin.HasSetting(Hide_Plot)|Skin.HasSetting(ShowLargePlot)|Skin.HasSetting(ShowVeryLargePlot)]" reversible="false">
              <effect type="slide" end="0,50" time="0"  />
         </animation>
  			<animation type="Conditional" condition="[!Skin.HasSetting(ShowFilePath)|String.IsEmpty(ListItem.FilenameAndPath)]|[Skin.HasSetting(Hide_Plot)|Skin.HasSetting(ShowLargePlot)|Skin.HasSetting(ShowVeryLargePlot)]" reversible="false">
          <effect type="slide" end="0,30" time="0"  />
         </animation>
         
						 
			
				 <include>MediaInfoGroupUp</include>
				<!-- <visible>!Skin.HasSetting(Hide_ExtraMediaFlags)+Skin.HasSetting(ActeursAuCentre)+!Skin.HasSetting(HideCastFocus)</visible> -->
				<include>VisibleIfNotMovieSet</include>
				<visible>!Skin.HasSetting(Hide_ExtraMediaFlags)</visible>
				


			</control>
			
		<!-- PLOT -->
		<control type="group">
        <posy>2085</posy>
		        <include>VisibleIfNotMovieSet</include>
		         <animation reversible="false" type="Conditional" condition="!Container().OnNext+!Container().OnPrevious">
        <effect type="slide" end="0,-65" time="500" delay="500" />
      </animation>
      <animation type="Conditional" condition="!Skin.HasSetting(ShowFilePath)|String.IsEmpty(ListItem.FilenameAndPath)" reversible="false">
          <effect type="slide" end="0,25" time="0"  />
     </animation>
		        <visible>!Skin.HasSetting(Hide_Plot)+!Skin.HasSetting(ShowLargePlot)+!Skin.HasSetting(ShowVeryLargePlot)+!Control.HasFocus(2999)+!Control.HasFocus(2998)+!Control.HasFocus(2996)+!Control.HasFocus(2666)+!Control.IsVisible(2667)</visible>

			<width>1920</width>
				<height>25</height>
			<control type="image">
          <texture  colordiffuse="OSDBackgroundColor">osd/OSDdialogback.png</texture>
          <aspectratio>stretch</aspectratio>
          <visible>!String.IsEmpty(Control.GetLabel(1777))</visible>
      </control>
			<control type="fadelabel" id="1777">
			  <height>30</height>
			  <top>-5</top>
				<resetonlabelchange>true</resetonlabelchange>
				<scrollspeed>80</scrollspeed>
				<pauseatend>1500</pauseatend>
				<scrollout>false</scrollout>
				<left>10</left>
				<width>1900</width>
				<aligny>top</aligny>
				<align>center</align>
				<include>PlotNoDialFont</include>
				<wrapmultiline>false</wrapmultiline>
				<textcolor>yellow</textcolor>
				<textoffsetx>1500</textoffsetx>
				<label>[UPPERCASE]$VAR[PlotBox_Text][/UPPERCASE]</label>
				<scrollout>false</scrollout>
				<shadowcolor>FF000000</shadowcolor>
			</control>
			
			
					
		</control>	
		<!-- FILEPATH-->	
		<control type="group">
		  <posy>2085</posy>
		        <include>VisibleIfNotMovieSet</include>
		        <visible>!String.IsEmpty(ListItem.FilenameAndPath)+Skin.HasSetting(ShowFilePath)</visible>
		         <animation reversible="false" type="Conditional" condition="!Container().OnNext+!Container().OnPrevious+!Control.HasFocus(2999)">
        <effect type="slide" end="0,-40" time="500" delay="500" />
      </animation>
      <width>1920</width>
				<height>25</height>
		    <control type="image">
          <texture colordiffuse="OSDBackgroundColor">osd/OSDdialogback.png</texture>
          <aspectratio>stretch</aspectratio>
        </control>
        <control type="grouplist">
          <width>1920</width>
				<height>30</height>
          <orientation>horizontal</orientation>
          <align>center</align>
          <top>-3</top>
        <control type="image">
            <width>25</width>
            <height>25</height>
            <aspectratio>stretch</aspectratio>
            <texture>flags/explorer.png</texture>
          </control>
        <control type="label">
          <width>auto</width>
          
            <scroll>true</scroll>
            <scrollout>false</scrollout>
            <font>METF_HomeMenuSmall</font>
            <textcolor>lightgrey</textcolor>
            <label>[I]$INFO[ListItem.FilenameAndPath][/I]</label>
          </control>
        </control>
          
     </control>
		<control type="group">
				<animation type="Conditional" condition="Control.HasFocus(1999)+!String.IsEqual(ListItem.DbType,tvshow)" reversible="false">
					<effect type="slide" end="-1550,850" time="0"  />
				</animation>
				<top>340</top>
				<left>50</left>
				<include>ClearLogoArt</include>
			</control>
		
		<control type="group">
			  <posy>1200</posy>
			   <include>SpecialPlotBox</include>
			   <visible>!Skin.HasSetting(Hide_Plot)+[Skin.HasSetting(ShowLargePlot)|Skin.HasSetting(ShowVeryLargePlot)]</visible>
			</control>
			
	
			

		
			

			<visible>!Window.IsVisible(movieinformation)</visible>
		</control>
		
	</include>


</includes>
