<?xml version="1.0" encoding="UTF-8"?>
 <!-- ------------------------------------BOITIERS SAGAS/MUSIQUE/....---------------------------------------------------------- -->
 <includes>
<!-- ---------------------------------------------------------------------------------------------- -->
<include name="boitiersmusicanim">
  <control type="group">
    <posy>300</posy>
    <posx>-600</posx>
    <visible>Window.IsActive(502)</visible>
    <visible>[Control.HasFocus(2997)]+!Container(1999).OnPrevious+!Container(1999).OnNext+[[Container.Content(genres)+!Skin.HasSetting(MusicGenreAucun)]|[Container.Content(artists)+!Skin.HasSetting(MusicAucun)]]</visible>
    <animation type="Visible">
      <effect type="slide"  end="1500,0" time="300" delay="1600" reversible="false"/>
      <effect type="zoom" start="100" end="350" time="1" delay="1" reversible="false"/>
    </animation>

    <control type="group">
      <control type="image">
        <left>10</left>
        <top>0</top>
        <width>155</width>
        <height>140</height>
        <texture>frames/cdcasexback.png</texture>
        <aspectratio>keep</aspectratio>
      </control>

      <control type="image">
        <top>150</top>
        <left>85</left>
        <width>60</width>
        <height>35</height>
        <texture>$VAR[MediaFlag_AudioCodec]</texture>
        <aspectratio>keep</aspectratio>
        <colordiffuse>MediaFlagDiffuse</colordiffuse>
      </control>
      <control type="image">
        <left>29</left>
        <top>6</top>
        <width>127</width>
        <height>127</height>
        <aspectratio scalediffuse="true" aligny="center">stretch</aspectratio>
        <texture fallback="cdorg.png" background="true" diffuse="frames/cdart-mask.png">$VAR[discartSpinning]</texture>
        <bordersize>2</bordersize>
        <bordertexture>frames/cdart-mask.png</bordertexture>
        <animation effect="rotate"  center="auto" end="-360" time="1000" delay="2400" condition="System.IdleTime(2)" reversible="false">Conditional</animation>
      </control>
      <control type="image">
        <visible>Container.Content(genres)</visible>
        <top>59</top>
        <left>83</left>
        <width>20</width>
        <height>20</height>
        <texture>buttons/button_browsefo.png</texture>
        <animation effect="zoom"  center="auto" start="95" end="110" time="1000" pulse="true" reversible="false" condition="true">Conditional</animation>
      </control>
      <control type="image">
        <visible>!Container.Content(genres)</visible>
        <top>59</top>
        <left>83</left>
        <width>20</width>
        <height>20</height>
        <texture>buttons/button_playfo.png</texture>
        <animation effect="zoom"  center="auto" start="95" end="110" time="1000" pulse="true" reversible="false" condition="true">Conditional</animation>
      </control>
    </control>
    <control type="group">
      <animation effect="rotatey" center="18,top"  end="180" time="800" delay="1400" condition="System.IdleTime(1)" reversible="false">Conditional</animation>
      <control type="image">
        <posx>27</posx>
        <posy>3</posy>
        <width>135</width>
        <height>135</height>
        <texture fallback="DefaultThumb.png">$VAR[HomeWidgetPosterVar1999]</texture>
        <aspectratio>stretch</aspectratio>
      </control>

      <control type="image">
        <posx>10</posx>
        <posy>0</posy>
        <width>155</width>
        <height>140</height>
        <texture>frames/cdcasexup.png</texture>
        <aspectratio scalediffuse="true">stretch</aspectratio>
      </control>
    </control>
  </control>
</include>

<!-- ---------------------------------------------------------------------------------------------- -->
<include name="VertHoriz">

  <movement>6</movement>
  <height>177</height>
  <width>1920</width>
  <align>center</align>
  <posx>410</posx>
  <posy>890</posy>
  <orientation>vertical</orientation>
  <itemgap>10</itemgap>
</include>

<!-- ---------------------------------------------------------------------------------------------- -->

<include name="HorizVert">
  <posy>850</posy>
  <posx>25</posx>
  <height>260</height>
  <width>1800</width>
  
<align>center</align>
  <movement>9</movement>
  <orientation>horizontal</orientation>
</include>
<!-- ---------------------------------------------------------------------------------------------- -->
<include name="ManqueAlAppel">
  <control type="group">
    <posy>100</posy>
    <posx>-30</posx>
    <height>50</height>
    <control type="label">
      <width>250</width>
      <posx>10</posx>
      <posy>3</posy>
      <aligny>center</aligny>
      <align>center</align>
      <font>lcdep</font>
      <textcolor>black</textcolor>
      <label>$LOCALIZE[31917][CR]$INFO[ListItem.Property(DateSortie),( , )]</label>
      <angle>49</angle>
    </control>
    <control type="label">
      <width>250</width>
      <posx>7</posx>
      <aligny>center</aligny>
      <align>center</align>
      <font>lcdep</font>
      <textcolor>yellow</textcolor>
      <label>$LOCALIZE[31917][CR]$INFO[ListItem.Property(DateSortie),( , )]</label>
      <angle>49</angle>
    </control>
    <visible>!String.IsEmpty(ListItem.Property(DateSortie))</visible>
  </control>
</include>

<!-- ---------------------------------------------------------------------------------------------- -->
<include name="VueElementsBoitiersInfo">

  <itemlayout width="180" height="240" condition="!Skin.HasSetting(SagaDetailsClearArt)+!Skin.HasSetting(SagaDetailsDisc)">
    <control type="group">

      <control type="image">
        <posx>0</posx>
        <posy>-2</posy>
        <width>180</width>
        <height>212</height>
        <texture border="10" diffuse="showcase_matte.png">frames/casefondbleu.png</texture>
        <aspectratio align="center">stretch</aspectratio>

      </control>
      <control type="image">
        <posx>20</posx>
        <posy>8</posy>
        <width>146</width>
        <height>190</height>
        <aspectratio align="center">stretch</aspectratio>
        <bordersize>2</bordersize>
        <texture diffuse="showcase_matte.png">$INFO[ListItem.Icon]</texture>
        <animation effect="fade" end="50" condition="!String.IsEmpty(ListItem.Property(DateSortie))">Conditional</animation>
      </control>
      <control type="image">
        <description>Glass overlay</description>
        <posx></posx>
        <posy>-2</posy>
        <width>180</width>
        <height>212</height>
        <texture border="10" diffuse="showcase_matte.png">frames/case1.png</texture>
        <aspectratio align="center">stretch</aspectratio>
      </control>
      <include>ManqueAlAppel</include>
    </control>
  </itemlayout>
  <focusedlayout width="180" height="240" condition="!Skin.HasSetting(SagaDetailsClearArt)+!Skin.HasSetting(SagaDetailsDisc)">
    <control type="group">

      <animation type="Conditional" condition="Control.HasFocus(2008)|Control.HasFocus(1999)">

        <effect type="zoom" center="100" start="100" end="110" time="400" easy="out" tween="bounce" delay="1" reversible="false"/>

      </animation>
      <control type="image">
        <posx>0</posx>
        <posy>-2</posy>
        <width>180</width>
        <height>212</height>
        <texture border="10">frames/casefondbleu.png</texture>
        <aspectratio align="center">stretch</aspectratio>

      </control>
      <control type="image">
        <posx>20</posx>
        <posy>8</posy>
        <width>146</width>
        <height>190</height>
        <aspectratio align="center">stretch</aspectratio>
        <bordersize>2</bordersize>
        <texture diffuse="showcase_matte.png">$INFO[ListItem.Icon]</texture>
        <animation effect="fade" end="50" condition="!String.IsEmpty(ListItem.Property(DateSortie))">Conditional</animation>
      </control>
      <control type="image">
        <description>Glass overlay</description>
        <posx></posx>
        <posy>-2</posy>
        <width>180</width>
        <height>212</height>
        <texture border="10">frames/case1.png</texture>
        <aspectratio align="center">stretch</aspectratio>

      </control>
      <include>ManqueAlAppel</include>
    </control>

  </focusedlayout>

  <itemlayout width="240" height="280" condition="Skin.HasSetting(SagaDetailsClearArt)">
    <control type="group">
      <posy>15</posy>
      <control type="image">
        <left>0</left>
        <top>10</top>
        <width>200</width>
        <height>200</height>
        <aspectratio>keep</aspectratio>
        <texture background="true">$VAR[ListClearartClear]</texture>
      </control>
      <control type="image">
        <left>0</left>
        <top>170</top>
        <width>200</width>
        <height>120</height>
        <aligny>top</aligny>

        <texture background="true" flipy="true" diffuse="frames/reflect_poster2.png" >$VAR[ListClearartClear]</texture>
        <aspectratio scalediffuse="true">stretch</aspectratio>
        <colordiffuse>70FFFFFF</colordiffuse>
      </control>
      <control type="image">
        <left>0</left>
        <top>50</top>
        <width>120</width>
        <height>120</height>
        <aspectratio scalediffuse="true" aligny="center">stretch</aspectratio>
        <texture background="true" diffuse="frames/cdart-mask.png">$INFO[ListItem.Icon]</texture>
        <bordersize>2</bordersize>
        <bordertexture>frames/cdart-mask.png</bordertexture>
        <animation effect="fade" end="50" condition="true">Conditional</animation>
        <visible>!String.IsEmpty(ListItem.Property(DateSortie))</visible>
      </control>
      <control type="image">
        <left>0</left>
        <top>170</top>
        <width>120</width>
        <height>120</height>
        <aspectratio scalediffuse="true"  aligny="center">stretch</aspectratio>
        <texture background="true" flipy="true" diffuse="frames/cdart-mask_reflect.png">$INFO[ListItem.Icon]</texture>
        <bordersize>2</bordersize>
        <colordiffuse>70FFFFFF</colordiffuse>

        <visible>!String.IsEmpty(ListItem.Property(DateSortie))</visible>
      </control>
    </control>
    <include>ManqueAlAppel</include>
  </itemlayout>
  <focusedlayout width="240" height="280" condition="Skin.HasSetting(SagaDetailsClearArt)">

    <control type="group">
      <posy>15</posy>
      <animation type="Conditional" condition="Control.HasFocus(1999)|Control.HasFocus(2008)">

        <effect type="zoom" center="100" start="100" end="110" time="400" easy="out" tween="bounce" delay="1" reversible="false"/>

      </animation>

      <control type="image">
        <left>0</left>
        <top>10</top>
        <width>200</width>
        <height>200</height>
        <aspectratio>keep</aspectratio>
        <texture background="true">$VAR[ListClearartClear]</texture>

      </control>
      <control type="image">
        <left>0</left>
        <top>170</top>
        <width>200</width>
        <height>120</height>
        <aligny>top</aligny>

        <texture background="true" flipy="true" diffuse="frames/reflect_poster2.png" >$VAR[ListClearartClear]</texture>
        <aspectratio scalediffuse="true">stretch</aspectratio>
        <colordiffuse>70FFFFFF</colordiffuse>
      </control>
      <control type="image">
        <left>0</left>
        <top>50</top>
        <width>120</width>
        <height>120</height>
        <aspectratio scalediffuse="true" aligny="center">stretch</aspectratio>
        <texture background="true" diffuse="frames/cdart-mask.png">$INFO[ListItem.Icon]</texture>
        <bordersize>2</bordersize>
        <bordertexture>frames/cdart-mask.png</bordertexture>
        <animation effect="fade" end="50" condition="true">Conditional</animation>
        <visible>!String.IsEmpty(ListItem.Property(DateSortie))</visible>
      </control>
      <control type="image">
        <left>0</left>
        <top>170</top>
        <width>120</width>
        <height>120</height>
        <aspectratio scalediffuse="true"  aligny="center">stretch</aspectratio>
        <texture background="true" flipy="true" diffuse="frames/cdart-mask_reflect.png">$INFO[ListItem.Icon]</texture>
        <bordersize>2</bordersize>
        <colordiffuse>70FFFFFF</colordiffuse>

        <visible>!String.IsEmpty(ListItem.Property(DateSortie))</visible>
      </control>
      <include>ManqueAlAppel</include>
    </control>

  </focusedlayout>

  <itemlayout    width="200" height="240" condition="Skin.HasSetting(SagaDetailsDisc)">
    <control type="group">

      <control type="image">
        <left>0</left>
        <top>40</top>
        <width>170</width>
        <height>170</height>
        <aspectratio>keep</aspectratio>
        <texture background="true">$INFO[ListItem.Art(discart)]</texture>
        <animation effect="fade" end="50" condition="!String.IsEmpty(ListItem.Property(DateSortie))">Conditional</animation>
      </control>
      <control type="image">
        <left>0</left>
        <top>40</top>
        <width>170</width>
        <height>170</height>
        <aspectratio scalediffuse="true" aligny="center">stretch</aspectratio>
        <texture background="true" diffuse="frames/cdart-mask.png">$INFO[ListItem.Icon]</texture>
        <animation effect="fade" end="50" condition="!String.IsEmpty(ListItem.Property(DateSortie))">Conditional</animation>
        <bordersize>2</bordersize>
        <bordertexture>frames/cdart-mask.png</bordertexture>
        <visible>String.IsEmpty(ListItem.Art(discart))</visible>
      </control>
      <include>ManqueAlAppel</include>
    </control>

  </itemlayout>
  <focusedlayout width="200" height="240" condition="Skin.HasSetting(SagaDetailsDisc)">
    <control type="group">


      <animation type="Conditional" condition="Control.HasFocus(1999)|Control.HasFocus(2008)">

        <effect type="zoom" center="100" start="100" end="110" time="400" easy="out" tween="bounce" delay="1" reversible="false"/>

      </animation>
      <control type="image">
        <left>0</left>
        <top>40</top>
        <width>170</width>
        <height>170</height>
        <aspectratio>keep</aspectratio>
        <texture background="true">$INFO[ListItem.Art(discart)]</texture>
        <animation effect="fade" end="50" condition="!String.IsEmpty(ListItem.Property(DateSortie))">Conditional</animation>
      </control>
      <control type="image">
        <left>0</left>
        <top>40</top>
        <width>170</width>
        <height>170</height>
        <aspectratio scalediffuse="true" aligny="center">stretch</aspectratio>
        <texture background="true" diffuse="frames/cdart-mask.png">$INFO[ListItem.Icon]</texture>
        <bordersize>2</bordersize>
        <bordertexture>frames/cdart-mask.png</bordertexture>
        <animation effect="fade" end="50" condition="!String.IsEmpty(ListItem.Property(DateSortie))">Conditional</animation>
        <visible>String.IsEmpty(ListItem.Art(discart))</visible>
      </control>
      <control type="image">
        <description>Glass overlay</description>
        <posx>0</posx>
        <posy>40</posy>
        <width>170</width>
        <height>170</height>
        <texture border="2" >frames/cdart-maskfo.png</texture>
        <aspectratio align="center">keep</aspectratio>

        <visible>Control.HasFocus(2999)</visible>
      </control>
      <include>ManqueAlAppel</include>
    </control>

  </focusedlayout>
  <itemlayout />
  <focusedlayout />
</include>
<!-- ---------------------------------------------------------------------------------------------- -->
<include name="doublon">
  <control type="image">
    <posx>105</posx>
    <posy>121</posy>
    <width>60</width>
    <height>50</height>
    <texture>flags/flag_frame2.png</texture>
    <aspectratio >stretch</aspectratio>
    <visible>Integer.IsGreater(ListItem.Property(doublons),1)+!Integer.IsGreater(ListItem.Property(doublons),9)</visible>
  </control>
  <control type="image">
    <posx>105</posx>
    <posy>121</posy>
    <width>90</width>
    <height>50</height>
    <texture>flags/flag_frame2.png</texture>
    <aspectratio >stretch</aspectratio>
    <visible>Integer.IsGreater(ListItem.Property(doublons),1)+Integer.IsGreater(ListItem.Property(doublons),9)</visible>
  </control>
  <control type="label">
    <posx>68</posx>
    <posy>115</posy>
    <font>doublon</font>
    <width>90</width>
    <align>right</align>
    <label>[COLOR=yellow]x$INFO[ListItem.Property(doublons)][/COLOR]</label>
    <visible>Integer.IsGreater(ListItem.Property(doublons),1)</visible>
  </control>
</include>

<variable name="doublonvar">
  <value condition="Integer.IsGreater(ListItem.Property(doublons),1)">[COLOR=yellow]$INFO[ListItem.Property(doublons), (x,)][/COLOR]</value>
</variable>
<variable name="Is50">
  <value condition="Control.HasFocus(50)|Control.HasFocus(505)">$INFO[Container(50).ListItem.Label]</value>
  <value></value>
</variable>
<variable name="Is1998ID">
  <value condition="Control.HasFocus(7781)|Control.HasFocus(7779)">$INFO[Container(1998).ListItem.Property(DBID)]</value>
  <value></value>
</variable>
<variable name="Is1998">
  <value condition="Control.HasFocus(7781)|Control.HasFocus(7779)">$INFO[Container(1998).ListItem.Label]</value>
  <value></value>
</variable>

<!-- ---------------------------------------------------------------------------------------------- -->
<include name="AnimationFocus1999">
  <animation type="Conditional" condition="Control.HasFocus(2997)|Control.HasFocus(2999)" reversible="true">
    <effect type="zoom" center="auto" start="100" end="80" time="100"  />
    <effect type="fade" start="100" end="60" time="100"  />
  </animation>
</include>
<!-- ---------------------------------------------------------------------------------------------- -->
<include name="VueElementsBoitiers">

  <animation type="Conditional" condition="Control.HasFocus(7779)|Control.HasFocus(7781)" reversible="true">
    <effect type="fade" start="100" end="70" time="100"  />
  </animation>

  <autoscroll time="6000">!Control.HasFocus(2997)+!Control.HasFocus(2999)+!Control.HasFocus(7781)+!Control.HasFocus(7779)</autoscroll>
  <!-- TEXTE-->
  <itemlayout width="970" height="30" condition="[!Control.IsVisible(562)+Window.IsActive(10025)+[[Skin.HasSetting(GenreDetailsTexte)+Container.Content(Genres)] |[Skin.HasSetting(directorTexte)+[Container.Content(directors)|Container.Content(actors)]] | [Skin.HasSetting(SagaDetailsTexte)+String.IsEqual(ListItem.DBTYPE,set)]]] | [Window.IsActive(502)+[[Skin.HasSetting(MusicGenreTexte)+Container.Content(Genres)]|[Skin.HasSetting(MusicTexte)+!Container.Content(Genres)]]]">

    <control type="label">
      <align>center</align>
      <font>comic24</font>
      <label>$INFO[ListItem.Label]$VAR[doublonvar]</label>
      <visible>!String.IsEmpty(ListItem.Property(DateSortie))|Window.IsActive(502)</visible>
    </control>
    <control type="label">
      <align>center</align>
      <font>comic24</font>
      <label>[COLOR=red][I]$INFO[ListItem.Label][/I][/COLOR]</label>
      <visible>String.IsEmpty(ListItem.Property(DateSortie))+!Window.IsActive(502)</visible>
    </control>

  </itemlayout>
  <focusedlayout width="970" height="30" condition="[!Control.IsVisible(562)+Window.IsActive(10025)+[[Skin.HasSetting(GenreDetailsTexte)+Container.Content(Genres)] |[Skin.HasSetting(directorTexte)+[Container.Content(directors)|Container.Content(actors)]] | [Skin.HasSetting(SagaDetailsTexte)+String.IsEqual(ListItem.DBTYPE,set)]]] | [Window.IsActive(502)+[[Skin.HasSetting(MusicGenreTexte)+Container.Content(Genres)]|[Skin.HasSetting(MusicTexte)+!Container.Content(Genres)]]]">
    <include>boitiersmusicanim</include>
    <control type="group">

      <width>970</width>
      <control type="label">
        <visible>!Control.HasFocus(2997)+!Control.HasFocus(2999)</visible>
        <align>center</align>
        <font>comic24</font>
        <label>$INFO[ListItem.Label]$VAR[doublonvar]</label>
        <visible>!String.IsEmpty(ListItem.Property(DateSortie))|Window.IsActive(502)</visible>
      </control>
      <control type="label">
        <visible>!Control.HasFocus(2997)+!Control.HasFocus(2999)</visible>
        <align>center</align>
        <font>comic24</font>
        <label>[COLOR=red][I]$INFO[ListItem.Label][/I][/COLOR]</label>
        <visible>String.IsEmpty(ListItem.Property(DateSortie))+!Window.IsActive(502)</visible>
      </control>

      <control type="label">
        <visible>Control.HasFocus(2997)|Control.HasFocus(2999)</visible>
        <align>center</align>
        <font>comic24</font>
        <label>[I][COLOR=yellow]$INFO[ListItem.Label][/COLOR][/I]$VAR[doublonvar]</label>
        <visible>!String.IsEmpty(ListItem.Property(DateSortie))|Window.IsActive(502)</visible>

      </control>
      <control type="label">
        <visible>Control.HasFocus(2997)|Control.HasFocus(2999)</visible>
        <align>center</align>
        <font>comic24</font>
        <label>[I][COLOR=blue]$INFO[ListItem.Label][/COLOR][/I]</label>
        <visible>String.IsEmpty(ListItem.Property(DateSortie))+!Window.IsActive(502)</visible>
      </control>
    </control>
  </focusedlayout>

  <!-- BOITIERS-->
  <itemlayout width="180" height="240" condition="[[Skin.HasSetting(SagaDetailsBoitier)+String.IsEqual(ListItem.DBTYPE,set)] | [Skin.HasSetting(directorBoitier)+[Container.Content(directors)|Container.Content(actors)]] |[Skin.HasSetting(GenreDetailsBoitier)+Container.Content(Genres)]]+Window.IsActive(10025)">
    <control type="group">
      <include>AnimationFocus1999</include>
      <top>30</top>
      <control type="image">
        <left>0</left>
        <top>-2</top>
        <width>180</width>
        <height>212</height>
        <texture background="true"  border="10" diffuse="showcase_matte.png">frames/casefondbleu.png</texture>
        <aspectratio align="center">stretch</aspectratio>
      </control>

      <control type="image">
        <left>20</left>
        <top>8</top>
        <width>146</width>
        <height>190</height>
        <aspectratio align="center">stretch</aspectratio>
        <bordersize>2</bordersize>
        <texture background="true"  diffuse="showcase_matte.png">$VAR[PosterThumb]</texture>
        <animation effect="fade" end="50" condition="!String.IsEmpty(ListItem.Property(DateSortie))">Conditional</animation>
      </control>

      <control type="image">
        <description>Glass overlay</description>
        <left></left>
        <top>-2</top>
        <width>180</width>
        <height>212</height>
        <texture background="true"  border="10" diffuse="showcase_matte.png">frames/case1.png</texture>
        <aspectratio align="center">stretch</aspectratio>
      </control>
      <include>inforole</include>

      <include>ManqueAlAppel</include>
      <include>VideoType</include>

    </control>
    <control type="group">
      <left>100</left>
      <top>200</top>
      <include>OverlayProgress</include>
    </control>
    <include>doublon</include>

  </itemlayout>
  <focusedlayout width="180" height="240" condition="[[Skin.HasSetting(SagaDetailsBoitier)+String.IsEqual(ListItem.DBTYPE,set)] | [Skin.HasSetting(directorBoitier)+[Container.Content(directors)|Container.Content(actors)]] |[Skin.HasSetting(GenreDetailsBoitier)+Container.Content(Genres)]]+Window.IsActive(10025)">
    <control type="group">
      <top>30</top>
      <control type="image">
        <left>0</left>
        <top>-2</top>
        <width>180</width>
        <height>212</height>
        <texture background="true"  border="10" diffuse="showcase_matte.png">frames/casefondbleu.png</texture>
        <aspectratio align="center">stretch</aspectratio>
      </control>
      <control type="image">
        <left>20</left>
        <top>8</top>
        <width>146</width>
        <height>190</height>
        <aspectratio align="center">stretch</aspectratio>
        <bordersize>2</bordersize>
        <texture background="true"  diffuse="showcase_matte.png">$VAR[PosterThumb]</texture>
        <animation effect="fade" end="50" condition="!String.IsEmpty(ListItem.Property(DateSortie))">Conditional</animation>
      </control>
      <control type="image">
        <description>Glass overlay</description>
        <left></left>
        <top>-2</top>
        <width>180</width>
        <height>212</height>
        <texture background="true"  border="10" diffuse="showcase_matte.png">frames/case1.png</texture>
        <aspectratio align="center">stretch</aspectratio>
      </control>
      <include>inforole</include>
      <include>ManqueAlAppel</include>
      <include>VideoType</include>
    </control>
    <include>doublon</include>
    <control type="group">
      <left>100</left>
      <top>200</top>
      <include>OverlayProgress</include>
    </control>
  </focusedlayout>
  <!-- CLEARART-->
  <itemlayout width="240" height="280" condition="[[Skin.HasSetting(SagaDetailsClearArt)+String.IsEqual(ListItem.DBTYPE,set)] | [Skin.HasSetting(directorClearArt)+[Container.Content(directors)|Container.Content(actors)]] |[Skin.HasSetting(GenreDetailsClearArt)+Container.Content(Genres)]]+Window.IsActive(10025)">
    <control type="group">
      <include>AnimationFocus1999</include>
      <control type="image">
        <left>0</left>
        <top>10</top>
        <width>200</width>
        <height>200</height>
        <aspectratio>keep</aspectratio>
        <texture background="true">$VAR[ListClearartClear]</texture>
      </control>
      <control type="image">
        <left>0</left>
        <top>170</top>
        <width>200</width>
        <height>120</height>
        <aligny>top</aligny>

        <texture background="true" flipy="true" diffuse="frames/reflect_poster2.png" >$VAR[ListClearartClear]</texture>
        <aspectratio scalediffuse="true">stretch</aspectratio>
        <colordiffuse>70FFFFFF</colordiffuse>
        <visible>!Skin.HasSetting(VueExperimentale)</visible>
      </control>
      <control type="image">
        <left>0</left>
        <top>50</top>
        <width>120</width>
        <height>120</height>
        <aspectratio scalediffuse="true" aligny="center">stretch</aspectratio>
        <texture background="true" diffuse="frames/cdart-mask.png">$VAR[PosterThumb]</texture>
        <bordersize>2</bordersize>
        <bordertexture>frames/cdart-mask.png</bordertexture>
        <animation effect="fade" end="50" condition="true">Conditional</animation>
        <visible>!String.IsEmpty(ListItem.Property(DateSortie))</visible>
      </control>
      <control type="image">
        <left>0</left>
        <top>170</top>
        <width>120</width>
        <height>120</height>
        <aspectratio scalediffuse="true"  aligny="center">stretch</aspectratio>
        <texture background="true" flipy="true" diffuse="frames/cdart-mask_reflect.png">$VAR[PosterThumb]</texture>
        <bordersize>2</bordersize>
        <colordiffuse>70FFFFFF</colordiffuse>
        <visible>!Skin.HasSetting(VueExperimentale)</visible>
        <visible>!String.IsEmpty(ListItem.Property(DateSortie))</visible>
      </control>
    </control>
    <include>doublon</include>
    <include>inforole</include>
    <include>ManqueAlAppel</include>
    <include>VideoType</include>
    <control type="group">
      <posx>100</posx>
      <posy>200</posy>
      <include>OverlayProgress</include>
    </control>
  </itemlayout>
  <focusedlayout width="240" height="280" condition="[[Skin.HasSetting(SagaDetailsClearArt)+String.IsEqual(ListItem.DBTYPE,set)] | [Skin.HasSetting(directorClearArt)+[Container.Content(directors)|Container.Content(actors)]] |[Skin.HasSetting(GenreDetailsClearArt)+Container.Content(Genres)]]+Window.IsActive(10025)">

    <control type="group">
      <control type="image">
        <left>0</left>
        <top>10</top>
        <width>200</width>
        <height>200</height>
        <aspectratio>keep</aspectratio>
        <texture background="true">$VAR[ListClearartClear]</texture>

      </control>
      <control type="image">
        <left>0</left>
        <top>170</top>
        <width>200</width>
        <height>120</height>
        <aligny>top</aligny>

        <texture background="true" flipy="true" diffuse="frames/reflect_poster2.png" >$VAR[ListClearartClear]</texture>
        <aspectratio scalediffuse="true">stretch</aspectratio>
        <colordiffuse>70FFFFFF</colordiffuse>
        <visible>!Skin.HasSetting(VueExperimentale)</visible>
      </control>
      <control type="image">
        <left>0</left>
        <top>50</top>
        <width>120</width>
        <height>120</height>
        <aspectratio scalediffuse="true" aligny="center">stretch</aspectratio>
        <texture background="true" diffuse="frames/cdart-mask.png">$VAR[PosterThumb]</texture>
        <bordersize>2</bordersize>
        <bordertexture>frames/cdart-mask.png</bordertexture>
        <animation effect="fade" end="50" condition="true">Conditional</animation>
        <visible>!String.IsEmpty(ListItem.Property(DateSortie))</visible>
      </control>
      <control type="image">
        <left>0</left>
        <top>170</top>
        <width>120</width>
        <height>120</height>
        <aspectratio scalediffuse="true"  aligny="center">stretch</aspectratio>
        <texture background="true" flipy="true" diffuse="frames/cdart-mask_reflect.png">$VAR[PosterThumb]</texture>
        <bordersize>2</bordersize>
        <colordiffuse>70FFFFFF</colordiffuse>
        <visible>!Skin.HasSetting(VueExperimentale)</visible>
        <visible>!String.IsEmpty(ListItem.Property(DateSortie))</visible>
      </control>
      <include>doublon</include>
      <include>inforole</include>
      <include>ManqueAlAppel</include>
      <include>VideoType</include>
      <control type="group">
        <posx>100</posx>
        <posy>200</posy>
        <include>OverlayProgress</include>
      </control>
    </control>

  </focusedlayout>
  <!-- DISQUES-->
  <itemlayout    width="200" height="240" condition="[[Skin.HasSetting(SagaDetailsDisc)+String.IsEqual(ListItem.DBTYPE,set)] | [Skin.HasSetting(directorDisc)+[Container.Content(directors)|Container.Content(actors)]] |[Skin.HasSetting(GenreDetailsDisc)+Container.Content(Genres)]]+Window.IsActive(10025)">
    <control type="group">
      <include>AnimationFocus1999</include>

      <control type="image">
        <left>0</left>
        <top>40</top>
        <width>170</width>
        <height>170</height>
        <aspectratio>keep</aspectratio>
        <texture background="true">$INFO[ListItem.Art(discart)]</texture>
        <animation effect="fade" end="50" condition="!String.IsEmpty(ListItem.Property(DateSortie))">Conditional</animation>
      </control>
      <control type="image">
        <left>0</left>
        <top>40</top>
        <width>170</width>
        <height>170</height>
        <aspectratio scalediffuse="true" aligny="center">stretch</aspectratio>
        <texture background="true" diffuse="frames/cdart-mask.png">$VAR[PosterThumb]</texture>
        <animation effect="fade" end="50" condition="!String.IsEmpty(ListItem.Property(DateSortie))">Conditional</animation>
        <bordersize>2</bordersize>
        <bordertexture>frames/cdart-mask.png</bordertexture>
        <visible>String.IsEmpty(ListItem.Art(discart))</visible>
      </control>
      <include>doublon</include>
      <include>inforole</include>
      <include>ManqueAlAppel</include>
      <include>VideoType</include>
      <control type="group">
        <posx>100</posx>
        <posy>200</posy>
        <include>OverlayProgress</include>
      </control>
    </control>

  </itemlayout>
  <focusedlayout width="200" height="240" condition="[[Skin.HasSetting(SagaDetailsDisc)+String.IsEqual(ListItem.DBTYPE,set)] | [Skin.HasSetting(directorDisc)+[Container.Content(directors)|Container.Content(actors)]] |[Skin.HasSetting(GenreDetailsDisc)+Container.Content(Genres)]]+Window.IsActive(10025)">
    <control type="group">
      <control type="image">
        <left>0</left>
        <top>40</top>
        <width>170</width>
        <height>170</height>
        <aspectratio>keep</aspectratio>
        <texture background="true">$INFO[ListItem.Art(discart)]</texture>
        <animation effect="fade" end="50" condition="!String.IsEmpty(ListItem.Property(DateSortie))">Conditional</animation>
      </control>
      <control type="image">
        <left>0</left>
        <top>40</top>
        <width>170</width>
        <height>170</height>
        <aspectratio scalediffuse="true" aligny="center">stretch</aspectratio>
        <texture background="true" diffuse="frames/cdart-mask.png">$VAR[PosterThumb]</texture>
        <bordersize>2</bordersize>
        <bordertexture>frames/cdart-mask.png</bordertexture>
        <animation effect="fade" end="50" condition="!String.IsEmpty(ListItem.Property(DateSortie))">Conditional</animation>
        <visible>String.IsEmpty(ListItem.Art(discart))</visible>
      </control>
      <control type="image">
        <description>Glass overlay</description>
        <posx>0</posx>
        <posy>40</posy>
        <width>170</width>
        <height>170</height>
        <texture background="true"  border="2" >frames/cdart-maskfo.png</texture>
        <aspectratio align="center">keep</aspectratio>

        <visible>Control.HasFocus(2999)</visible>
      </control>
      <include>doublon</include>
      <include>inforole</include>
      <include>ManqueAlAppel</include>
      <include>VideoType</include>
      <control type="group">
        <posx>100</posx>
        <posy>200</posy>
        <include>OverlayProgress</include>
      </control>
    </control>
  </focusedlayout>
  
  <!-- MUSIQUE BOITIERS-->
  <itemlayout width="180" height="240" condition="Window.IsActive(502)+[[Skin.HasSetting(MusicBoitier)+!Container.Content(Genres)]|[Skin.HasSetting(MusicGenreBoitier)+Container.Content(Genres)]]">
    <control type="group">
      <include>AnimationFocus1999</include>
      <control type="image">
        <posx>10</posx>
        <posy>50</posy>
        <width>155</width>
        <height>140</height>
        <texture>frames/cdcasexback.png</texture>
        <aspectratio scalediffuse="true">stretch</aspectratio>
      </control>
      <control type="image">
        <posx>10</posx>
        <posy>50</posy>
        <width>155</width>
        <height>140</height>
        <texture>frames/cdcasexup.png</texture>
        <aspectratio scalediffuse="true">stretch</aspectratio>
      </control>
      <control type="image">
        <posx>27</posx>
        <posy>53</posy>
        <width>135</width>
        <height>135</height>
        <texture fallback="DefaultThumb.png">$VAR[pochettemusic]</texture>
        <aspectratio>scale</aspectratio>
      </control>
    </control>
  </itemlayout>
  <focusedlayout width="180" height="240" condition="Window.IsActive(502)+[[Skin.HasSetting(MusicBoitier)+!Container.Content(Genres)]|[Skin.HasSetting(MusicGenreBoitier)+Container.Content(Genres)]]">
    <control type="group">
      <control type="image">
        <posx>10</posx>
        <posy>50</posy>
        <width>155</width>
        <height>140</height>
        <texture>frames/cdcasexback.png</texture>
        <aspectratio scalediffuse="true">stretch</aspectratio>
      </control>
      <control type="image">
        <posx>10</posx>
        <posy>50</posy>
        <width>155</width>
        <height>140</height>
        <texture>frames/cdcasexup.png</texture>
        <aspectratio scalediffuse="true">stretch</aspectratio>
      </control>
      <control type="image">
        <posx>27</posx>
        <posy>53</posy>
        <width>135</width>
        <height>135</height>
        <texture fallback="DefaultThumb.png">$VAR[pochettemusic]</texture>
        <aspectratio>scale</aspectratio>
      </control>
    </control>
  </focusedlayout>
  <!-- MUSIQUE DISQUES-->
  <itemlayout  width="200" height="240" condition="Window.IsActive(502)+[Skin.HasSetting(MusicDiscArt)+!Container.Content(Genres)]">
    <control type="group">
      <include>AnimationFocus1999</include>

      <control type="image">
        <left>0</left>
        <top>40</top>
        <width>170</width>
        <height>170</height>
        <aspectratio scalediffuse="true" aligny="center">stretch</aspectratio>
        <texture fallback="cd.png" background="true" diffuse="frames/cdart-mask.png">$INFO[ListItem.Icon]</texture>
        <bordersize>2</bordersize>
        <bordertexture>frames/cdart-mask.png</bordertexture>
        <visible>String.IsEmpty(ListItem.Property(AlbumCd))</visible>
      </control>

      <control type="image">
        <left>0</left>
        <top>40</top>
        <width>170</width>
        <height>170</height>
        <aspectratio scalediffuse="true" aligny="center">stretch</aspectratio>
        <texture fallback="cd.png" background="true" diffuse="frames/cdart-mask.png">$INFO[ListItem.Property(AlbumCd)]</texture>
        <bordersize>2</bordersize>
        <bordertexture>frames/cdart-mask.png</bordertexture>
      </control>
    </control>
    
  </itemlayout>
  <focusedlayout width="200" height="240" condition="Window.IsActive(502)+[Skin.HasSetting(MusicDiscArt)+!Container.Content(Genres)]">
    <control type="group">

      <control type="image">
        <left>0</left>
        <top>40</top>
        <width>170</width>
        <height>170</height>
        <aspectratio scalediffuse="true" aligny="center">stretch</aspectratio>
        <texture fallback="cd.png" background="true" diffuse="frames/cdart-mask.png">$INFO[ListItem.Icon]</texture>
        <bordersize>2</bordersize>
        <bordertexture>frames/cdart-mask.png</bordertexture>
        <visible>String.IsEmpty(ListItem.Art(discart))</visible>
      </control>
      <control type="image">
        <left>0</left>
        <top>40</top>
        <width>170</width>
        <height>170</height>
        <aspectratio scalediffuse="true" aligny="center">stretch</aspectratio>
        <texture fallback="cd.png" background="true" diffuse="frames/cdart-mask.png">$INFO[ListItem.Property(AlbumCd)]</texture>
        <bordersize>2</bordersize>
        <bordertexture>frames/cdart-mask.png</bordertexture>
      </control>
      <control type="image">
        <description>Glass overlay</description>
        <posx>0</posx>
        <posy>40</posy>
        <width>170</width>
        <height>170</height>
        <texture background="true"  border="2" >frames/cdart-maskfo.png</texture>
        <aspectratio align="center">keep</aspectratio>

        <visible>Control.HasFocus(2997)</visible>
      </control>
    </control>
  </focusedlayout>

  <!-- MUSIC LOGO ARTISTES GENRE -->
  <itemlayout  width="210" height="240" condition="Window.IsActive(502)+[Skin.HasSetting(MusicGenreDiscArt)+Container.Content(Genres)]">
    <control type="group">
      <include>AnimationFocus1999</include>

      <control type="image">
        <left>0</left>
        <top>160</top>
        <width>210</width>
        <aspectratio scalediffuse="true" align="center" aligny="center">keep</aspectratio>
        <texture  background="true" >$INFO[ListItem.Property(ArtistLogo)]</texture>
        <animation effect="rotate"  center="0,160" end="45"  condition="True" reversible="false">Conditional</animation>
      </control>
      <control type="label">
        <left>0</left>
        <top>160</top>
        <width>210</width>
        <font>impact35</font>
        <label>$INFO[ListItem.Label]</label>
        <animation effect="rotate"  center="0,160" end="45"  condition="True" reversible="false">Conditional</animation>
        <visible>String.IsEmpty(ListItem.Property(ArtistLogo))</visible>
      </control>
    </control>

  </itemlayout>
  <focusedlayout width="210" height="240" condition="Window.IsActive(502)+[Skin.HasSetting(MusicGenreDiscArt)+Container.Content(Genres)]">
    <control type="group">
      <control type="image">
        <left>0</left>
        <top>160</top>
        <width>210</width>
        <aspectratio scalediffuse="true" aligny="center" align="center">keep</aspectratio>
        <texture background="true" >$INFO[ListItem.Property(ArtistLogo)]</texture>
        <animation effect="rotate"  center="0,160" end="45"  condition="True" reversible="false">Conditional</animation>
      </control>
      <control type="label">
        <left>0</left>
        <top>160</top>
        <width>210</width>
        <font>impact35</font>
        <label>$INFO[ListItem.Label]</label>
        <animation effect="rotate"  center="0,160" end="45"  condition="True" reversible="false">Conditional</animation>
        <visible>String.IsEmpty(ListItem.Property(ArtistLogo))</visible>
      </control>
    </control>

  </focusedlayout>

  <itemlayout  width="450" height="240" condition="Window.IsActive(502)+[Skin.HasSetting(MusicGenreBanner)+Container.Content(Genres)]">
    <control type="group">
      <include>AnimationFocus1999</include>

      <control type="image">
        <left>0</left>
        <top>70</top>
        <width>440</width>
        <aspectratio scalediffuse="true" align="center" aligny="top">keep</aspectratio>
        <texture  background="true" diffuse="dialog-background2.png">$INFO[ListItem.Property(ArtistBanner)]</texture>

      </control>
      <control type="image">
        <left>0</left>
        <top>70</top>
        <width>440</width>
        <height>81</height>
        <aspectratio scalediffuse="true" align="center" aligny="top">stretch</aspectratio>
        <texture  background="true" >dialog-background3.png</texture>
        <visible>String.IsEmpty(ListItem.Property(ArtistBanner))</visible>

      </control>
      <control type="label">
        <left>30</left>
        <top>70</top>
        <width>380</width>
        <font>impact</font>
        <align>center</align>
        <label>$INFO[ListItem.Label]</label>
        <visible>String.IsEmpty(ListItem.Property(ArtistBanner))</visible>
      </control>
    </control>

  </itemlayout>
  <focusedlayout width="450" height="240" condition="Window.IsActive(502)+[Skin.HasSetting(MusicGenreBanner)+Container.Content(Genres)]">
    <control type="group">
      <control type="image">
        <left>0</left>
        <top>70</top>
        <width>440</width>
        <aspectratio scalediffuse="true" aligny="top" align="center">keep</aspectratio>
        <texture background="true" diffuse="dialog-background2.png">$INFO[ListItem.Property(ArtistBanner)]</texture>

      </control>
      <control type="image">
        <left>0</left>
        <top>70</top>
        <width>440</width>
        <height>81</height>
        <aspectratio scalediffuse="true" align="center" aligny="top">stretch</aspectratio>
        <texture  background="true" >dialog-background3.png</texture>
        <visible>String.IsEmpty(ListItem.Property(ArtistBanner))</visible>

      </control>
      <control type="label">
        <left>30</left>
        <top>70</top>
        <width>380</width>
        <font>impact</font>
        <align>center</align>
        <label>$INFO[ListItem.Label]</label>
        <visible>String.IsEmpty(ListItem.Property(ArtistBanner))</visible>
      </control>

    </control>
  </focusedlayout>
  <itemlayout />
  <focusedlayout />
</include>
<!-- ---------------------------------------------------------------------------------------------- -->
<include name="focusboitiers">
  <include>boitiersmusicanim</include>
  <include>PanelActeursSaga</include>
  <control type="group"> <!-- fond gral -->
    <visible>!Window.IsVisible(502)+String.IsEmpty(Window(Home).Property(IconmixShowInfo))</visible>
    <control type="group">
      <posx>-70</posx>
      <top>-10</top>
      <animation type="Conditional" condition="true" reversible="false">
        <effect type="zoom" end="105" time="1" delay="0" />
      </animation>

      <control type="image">
        <left>13</left>
        <top>12</top>
        <width>550</width>
        <height>550</height>
        <texture>frames/back_1080p.png</texture>
        <aspectratio>keep</aspectratio>
      </control>
      <control type="label">
        <top>23</top>
        <left>158</left>
        <font>comic24</font>
        <width>290</width>
        <align>center</align>
        <label>[COLOR=grey][B]$INFO[Container(1999).ListItem.Year,,][/B][/COLOR]</label>
      </control>
      <control type="label">
        <top>20</top>
        <left>155</left>
        <font>comic24</font>
        <width>290</width>
        <align>center</align>
        <label>[B]$INFO[Container(1999).ListItem.Year,,][/B]</label>
      </control>
      <control type="image">
        <top>50</top>
        <left>229</left>
        <width>162</width>
        <height>94</height>
        <texture>$VAR[MediaFlag_VideoCodecSet]</texture>
        <aspectratio>keep</aspectratio>
        <colordiffuse>MediaFlagDiffuse</colordiffuse>
      </control>
      <include>drapeauxlangues</include>
      <control type="group">
        <top>440</top>
        <left>170</left>
        <width>420</width>
        <align>center</align>
        <include>chronotools</include>
      </control>
      <control type="group">
        <visible>!String.IsEmpty(Container(1999).ListItem.Property(Rating))+!String.IsEqual(Container(1999).ListItem.Property(Rating),0)</visible>
        <top>18</top>
        <left>140</left>
        <width>112</width>
        <height>80</height>
        <control type="image">
          <top>1</top>
          <include>MediaFlagsVarsSquare</include>
          <texture>flags/notation/notefilm.png</texture>
          <aspectratio>stretch</aspectratio>
          <visible>String.IsEqual(Container(1999).ListItem.DBTYPE,movie)|String.IsEqual(Container(1999).ListItem.DBTYPE,set)|String.IsEqual(Container(1999).ListItem.Property(dbtype),movie)</visible>
        </control>
        <control type="image">
          <include>MediaFlagsVarsSquare</include>
          <texture>flags/notation/notetv.png</texture>
          <aspectratio>stretch</aspectratio>
          <visible>[String.IsEqual(Container(1999).ListItem.DBTYPE,tvshow)|String.IsEqual(Container(1999).ListItem.DBTYPE,episode)]|[!Container.Content(movies)+!Container.Content(sets)+!String.IsEqual(Container(1999).ListItem.Property(dbtype),movie)]</visible>
        </control>
        <control type="label">
          <posy>11</posy>
          <include>MediaFlagsVarsSquare</include>
          <align>center</align>
          <aligny>center</aligny>
          <label>$INFO[Container(1999).ListItem.Property(Rating)]</label>
          <textcolor>grey</textcolor>
          <font>METF_StarRating</font>
          <angle>5</angle>
        </control>
      </control>

      <control type="image">
        <top>15</top>
        <left>395</left>
        <align>center</align>
        <width>80</width>
        <height>80</height>
        <texture>flags/notation/pnote$INFO[Container(1999).ListItem.Property(UserRating)].png</texture>
        <aspectratio>keep</aspectratio>
        <visible>!String.IsEmpty(Container(1999).ListItem.Property(UserRating))</visible>
      </control>

      <control type="group"><!-- slide du fond + disc --->

        <left>161</left>
        <top>138</top>
        <width>280</width>
        <height>280</height>
        <control type="image">
          <aspectratio>keep</aspectratio>
          <texture background="true">$INFO[Container(1999).ListItem.Art(discart)]</texture>
          <animation type="Conditional" condition="System.IdleTime(3)" reversible="false">
            <effect type="rotate"  center="auto" end="-360" time="700" delay="100" />
          </animation>
        </control>

        <control type="image">
          <aspectratio scalediffuse="true" aligny="center">stretch</aspectratio>
          <texture background="true" diffuse="frames/cdart-mask.png">$VAR[PosterThumb1999]</texture>
          <bordersize>2</bordersize>
          <bordertexture>frames/cdart-mask.png</bordertexture>
          <visible>String.IsEmpty(Container(1999).ListItem.Art(discart))</visible>
          <animation type="Conditional" condition="System.IdleTime(3)" reversible="false">
            <effect type="rotate"  center="auto" end="-360" time="700" delay="100" />
          </animation>
        </control>
        <control type="image">
          <left>110</left>
          <top>110</top>
          <height>60</height>
          <width>60</width>
          <texture>buttons/button_cherchefo.png</texture>
          <visible>!Player.HasVideo</visible>
          <animation effect="zoom"  center="auto" start="95" end="110" time="1000" pulse="true" reversible="false" condition="true">Conditional</animation>
        </control>
      </control>
    </control>

    <control type="group"> <!--- animation couvercle -->
      <animation type="Conditional" condition="[System.IdleTime(2)|!String.IsEmpty(Window(Home).Property(FenetreListeChoix))]+![Skin.HasSetting(BAFenetre)+Player.HasVideo+String.IsEmpty(VideoPlayer.DBID)]" reversible="false">
        <effect type="rotatey" center="50,0" end="180" time="800" delay="100" />
      </animation>

      <control type="image">
        <posx>0</posx>
        <posy>0</posy>
        <width>456</width>
        <height>572</height>
        <texture border="10">frames/casefondbleu.png</texture>
        <aspectratio align="center">stretch</aspectratio>
      </control>
      <control type="image">
        <posx>40</posx>
        <posy>12</posy>
        <width>397</width>
        <height>536</height>
        <aspectratio align="center">stretch</aspectratio>
        <bordersize>2</bordersize>
        <texture diffuse="showcase_matte2.png">$VAR[PosterThumb1999]</texture>
      </control>
      <control type="image">
        <posx>40</posx>
        <posy>12</posy>
        <width>397</width>
        <height>536</height>
        <aspectratio align="center">stretch</aspectratio>
        <bordersize>2</bordersize>
        <texture>showcase_matte2-manquant.png</texture>
        <visible>!String.IsEmpty(Container(1999).ListItem.Property(DateSortie))</visible>
      </control>
      <control type="group">
        <posy>165</posy>
        <height>50</height>
        <control type="label">
          <width>350</width>
          <posx>5</posx>
          <posy>15</posy>
          <aligny>center</aligny>
          <align>center</align>
          <font>impact</font>
          <textcolor>black</textcolor>
          <label>$LOCALIZE[31917]</label>
          <angle>49</angle>
        </control>
        <control type="label">
          <width>350</width>
          <posx>7</posx>
          <aligny>center</aligny>
          <align>center</align>
          <font>impact</font>
          <textcolor>white</textcolor>
          <label>$LOCALIZE[31917]</label>
          <angle>49</angle>
        </control>
        <visible>!String.IsEmpty(Container(1999).ListItem.Property(DateSortie))</visible>
      </control>

      <control type="image">
        <description>Glass overlay</description>
        <posx>0</posx>
        <posy>-2</posy>
        <width>456</width>
        <height>572</height>
        <texture border="10">frames/case1.png</texture>
        <aspectratio align="center">stretch</aspectratio>
      </control>
      <control type="label">
        <posx>-41</posx>
        <posy>290</posy>
        <width>100</width>
        <heigth>20</heigth>
        <angle>90</angle>
        <align>center</align>
        <label>[B]$INFO[Container(1999).ListItem.VideoResolution][/B]</label>
        <font>impactsongs</font>
        <textcolor>yellow</textcolor>
      </control>

      <control type="group">
        <visible>[System.IdleTime(2)|!String.IsEmpty(Window(Home).Property(FenetreListeChoix))]+!Skin.HasSetting(Hide_Plot)+![Skin.HasSetting(BAFenetre)+Player.HasVideo+String.IsEmpty(VideoPlayer.DBID)]</visible>

        <animation type="Visible" reversible="false">
          <effect type="fade" start="0" end="100" time="2000" delay="0" />

        </animation>

        <control type="image">
          <texture>frames/postermattenf.png</texture>
          <posx>15</posx>
          <posy>11</posy>
          <width>427</width>
          <height>544</height>
          <aspectratio align="center">stretch</aspectratio>
          <colordiffuse>B0303030</colordiffuse>
        </control>
        <control type="textbox">
          <posx>30</posx>
          <posy>14</posy>
          <width>370</width>
          <height>520</height>
          <aligny>top</aligny>
          <align>center</align>
          <font>comic24</font>
          <autoscroll delay="12000" time="2500" repeat="10000">Skin.HasSetting(AutoScroll)</autoscroll>
          <label>$VAR[PlotBox_Text] </label>
          <animation type="Conditional" condition="true" reversible="false">
            <effect type="rotatey" center="225,0" end="-180" time="1" delay="1" />
          </animation>
          <shadowcolor>FF000000</shadowcolor>
          <textcolor>yellow</textcolor>
        </control>
        
      </control>

    </control>
    <control type="grouplist">
       <visible>[System.IdleTime(2)|!String.IsEmpty(Window(Home).Property(FenetreListeChoix))]+![Skin.HasSetting(BAFenetre)+Player.HasVideo+String.IsEmpty(VideoPlayer.DBID)]</visible>

        <animation type="Visible" reversible="false">
          <effect type="fade" start="0" end="100" time="2000" delay="0" />

        </animation>
   <left>-300</left>
          <top>560</top>
          <width>1100</width>
          <height>80</height>
          <align>center</align>
          <orientation>horizontal</orientation>
  <control type="button">
          
          <width max="1010">auto</width>
          <height>55</height>
          <include>FontTitre</include>
          <shadowcolor>FF000000</shadowcolor>
          <textcolor>FF7FAFAF</textcolor>
          <textoffsetx>25</textoffsetx>
			<texturenofocus colordiffuse="CFFFFFFF">frames/fondtitre2.png</texturenofocus>
          <label>$INFO[Container(1999).ListItem.Label]</label>

        </control>
  </control>
  </control>
  
  
</include>
<!-- ---------------------------------------------------------------------------------------------- -->
<include name="inforole">
  <control type="label">
    <top>200</top>
    <width>150</width>
    <left>15</left>
    <align>center</align>
    <aligny>center</aligny>
    <scroll>true</scroll>
    <font>lcdep</font>
    <label>$INFO[ListItem.Label2]</label>
  </control>
</include>

</includes>