<?xml version="1.0" encoding="UTF-8"?>
<window id="601">
	<defaultcontrol always="true">7</defaultcontrol>
	<controls>
		<include>Global_Background</include>

		<control type="group">
			<posx>440</posx>
			<posy>80</posy>
			<control type="label">
				<description>Channel Title Label</description>
				<posx>0</posx>
				<posy>0</posy>
				<width>650</width>
				<height>30</height>
				<align>left</align>
				<aligny>center</aligny>
				<include>SettingsLabelLeft</include>
				<info>ListItem.Title</info>
			</control>
			<control type="label">
				<description>Start Date Header Label</description>
				<posx>0</posx>
				<posy>50</posy>
				<width>120</width>
				<height>25</height>
				<align>left</align>
				<aligny>center</aligny>
				<include>SettingsLabel</include>
				<label>$LOCALIZE[552] :</label>
			</control>
			<control type="label">
				<description>Start Date Label</description>
				<posx>130</posx>
				<posy>50</posy>
				<width>470</width>
				<height>25</height>
				<align>left</align>
				<aligny>center</aligny>
				<include>SettingsLabel</include>
				<info>ListItem.StartDate</info>
			</control>
			<control type="label">
				<description>Start Time Header Label</description>
				<posx>0</posx>
				<posy>85</posy>
				<width>120</width>
				<height>25</height>
				<align>left</align>
				<aligny>center</aligny>
				<include>SettingsLabel</include>
				<label>$LOCALIZE[142]</label>
			</control>
			<control type="label">
				<description>Start Time Label</description>
				<posx>130</posx>
				<posy>85</posy>
				<width>470</width>
				<height>25</height>
				<align>left</align>
				<aligny>center</aligny>
				<include>SettingsLabel</include>
				<info>ListItem.StartTime</info>
			</control>
			<control type="label">
				<description>Channel Name Header Label</description>
				<posx>0</posx>
				<posy>120</posy>
				<width>120</width>
				<height>25</height>
				<align>left</align>
				<aligny>center</aligny>
				<include>SettingsLabel</include>
				<label>$LOCALIZE[19148] :</label>
			</control>
			<control type="label">
				<description>Channel Name Label</description>
				<posx>130</posx>
				<posy>120</posy>
				<width>470</width>
				<height>25</height>
				<align>left</align>
				<aligny>center</aligny>
				<include>SettingsLabel</include>
				<info>ListItem.ChannelName</info>
			</control>
			<control type="label">
				<description>Duration Header Label</description>
				<posx>0</posx>
				<posy>155</posy>
				<width>120</width>
				<height>25</height>
				<align>left</align>
				<aligny>center</aligny>
				<include>SettingsLabel</include>
				<label>$LOCALIZE[180] :</label>
			</control>
			<control type="label">
				<description>Duration Label</description>
				<posx>130</posx>
				<posy>155</posy>
				<width>470</width>
				<height>25</height>
				<align>left</align>
				<aligny>center</aligny>
				<include>SettingsLabel</include>
				<info>ListItem.Duration</info>
			</control>
			<control type="label">
				<description>Genre Header Label</description>
				<posx>0</posx>
				<posy>190</posy>
				<width>120</width>
				<height>25</height>
				<align>left</align>
				<aligny>center</aligny>
				<include>SettingsLabel</include>
				<label>$LOCALIZE[135] :</label>
			</control>
			<control type="label">
				<description>Genre Label</description>
				<posx>130</posx>
				<posy>190</posy>
				<width>470</width>
				<height>25</height>
				<align>left</align>
				<aligny>center</aligny>
				<include>SettingsLabel</include>
				<label fallback="161">$INFO[ListItem.Genre]</label>
			</control>
			<control type="textbox" id="400">
				<description>TV Channel Plot</description>
				<posx>20</posx>
				<posy>240</posy>
				<width>730</width>
				<height>200</height>
				<align>justify</align>
				<font>METF_PlotTextMedium</font>
				<textcolor>TextNF</textcolor>
				<info>ListItem.Plot</info>
				<include condition="!Skin.HasSetting(AutoScrollFast)">AutoScrollLong</include>
				<include condition="Skin.HasSetting(AutoScrollFast)">AutoScrollLongFast</include>
			</control>
		</control>

		<!-- Menu group -->
		<control type="grouplist" id="9000">
			<posx>0</posx>
			<posy>200</posy>
			<itemgap>20</itemgap>
			<orientation>vertical</orientation>
			<control type="button" id="7">
				<description>OK Button</description>
				<include>SettingsLabelLeft</include>
				<label>$LOCALIZE[186]</label>
			</control>
			<control type="button" id="5">
				<description>Switch To Channel Button</description>
				<include>SettingsLabelLeft</include>
				<label>$LOCALIZE[19165]</label>
			</control>
			<control type="button" id="8">
				<description>Play recording</description>
				<include>SettingsLabelLeft</include>
				<label>19687</label>
			</control>
			<control type="button" id="6">
				<description>Record Button</description>
				<include>SettingsLabelLeft</include>
				<label></label>
			</control>
		</control>

		<!-- Header group --> 
		<control type="group">
			<posx>30</posx>
			<posy>10</posy>
			<include>Animation_SlideDownFadeOut</include>
			<control type="label">
				<label>$LOCALIZE[31601]</label>
				<include>Global_HeadingSectionVars</include>
			</control>
			<control type="label">
				<label>$LOCALIZE[19047]</label>
				<include>Global_HeadingDetailVars</include>
			</control>
		</control>

		<!-- Time, weather and debug options -->
		
 		
		
	</controls>
</window>
