<?xml version="1.0" encoding="UTF-8"?>
<includes>
  <!-- GAUCHE -->



  <include name="commonlistitem2Trio">
    <param name="Fond" default="FocusLine.png"/>
    <param name="Ligne" default="VideoInfoLine.png"/>
    <definition>
      <!-- List Line Item Divider -->
      <control type="image">
        <posx>0</posx>
        <posy>0</posy>
        <width>650</width>
        <height>40</height>
        <texture>$PARAM[Fond]</texture>
        <colordiffuse>A02F2F2F</colordiffuse>
        <visible>!String.IsEqual(ListItem.Label,..)+!String.IsEqual(ListItem.Title,..)</visible>
      </control>
      <control type="image">
        <posx>38</posx>
        <posy>38</posy>
        <width>645</width>
        <height>2</height>
        <aligny>center</aligny>
        <texture>$PARAM[Ligne]</texture>
        <colordiffuse>FilesDividerDiffuse</colordiffuse>
      </control>

      <!-- Watched Overlay for In-Progress Items in Video Library -->
      <control type="group">
        <posx>470</posx>
      <!-- <posx>5</posx> -->
      <posy>10</posy>
      <include content="OverlayProgress">
        <param name="Hauteur">25</param>
        <param name="Largeur">120</param>
        <param name="PositionX">100</param>
        <param name="PositionY">0</param>
        <param name="PositionXVU">180</param>
        <param name="PositionYVU">-6</param>
      </include>
    </control>


    <!-- Addon Progress/state -->
    <control type="label">
      <posx>430</posx>
      <posy>-2</posy>
      <width>220</width>
      <height>35</height>
      <align>right</align>
      <aligny>center</aligny>
      <label>$INFO[ListItem.Property(Addon.Status)]</label>
      <font>METF_InfoText</font>
      <textcolor>MediaDetailsEpisodes</textcolor>
      <visible>Window.IsActive(addonbrowser)</visible>
    </control>

    <include content="EpisodesVus">
      <param name="PositionX">530</param>
      <param name="PositionY">3</param>
    </include>
    <!-- Star Rating -->
    <control type="group">

      <visible>!Window.IsActive(10025) + !String.Contains(Container.FolderPath,plugin)</visible>
      <control type="label">
        <posx>575</posx>
        <posy>-2</posy>
        <width>45</width>
        <height>35</height>
        <align>left</align>
        <aligny>center</aligny>
        <label>$INFO[ListItem.Rating]</label>
        <font>METF_InfoText</font>
        <textcolor>TextNF</textcolor>
        <visible>!String.IsEmpty(ListItem.Rating)</visible>
      </control>
      <control type="image">
        <posx>572</posx>
        <posy>6</posy>
        <width>20</width>
        <height>20</height>
        <texture>star.png</texture>
        <colordiffuse>FFFFFFFF</colordiffuse>
        <visible>!String.IsEmpty(ListItem.Rating)</visible>
      </control>
    </control>
    <include content="MediaInfoMini">
      <param name="PosX">705</param>
      <param name="PosY">2</param>
    </include>
  </definition>
</include>

<include name="CommonListIdTrio">
  <animation type="Conditional" condition="Window.IsActive(addoninformation)">
    <effect type="zoom" time="600" center="640,360" start="100" end="50" tween="cubic" easing="out" />
    <effect type="fade" time="400" start="100" end="0" />
  </animation>

  <posx>5</posx>
  <posy>60</posy>
  <height>715</height>
  <width>1350</width>


  <oninfo condition="Container.Content(actors)|Container.Content(directors)">SetProperty(ActorThumb,$VAR[PosterThumb],Home)</oninfo>
<!-- <oninfo condition="Container.Content(actors)|Container.Content(directors)">SetFocus(8889)</oninfo> -->
<oninfo condition="Container.Content(actors)|Container.Content(directors)">SetProperty(IconmixShowInfo,55,Home)</oninfo>
<include condition="!Skin.HasSetting(ViewLockdown)">OnLeft7000</include>



<!-- <onright>60</onright> -->
<scrolltime>160</scrolltime>
<orientation>vertical</orientation>
<preloaditems>2</preloaditems>
<aligny>top</aligny>
<pagecontrol>60</pagecontrol>
<include>Animation_OpenCloseFade</include>

<include>Animation_HiddenByInfo</include>
<itemlayout width="0" height="40">
  <include content="commonlistitem2Trio"></include>

  <control type="label">

    <left>10</left>
    <posy>-2</posy>
    <width>638</width>
    <height>35</height>
    <aligny>center</aligny>
    <align>left</align>
    <font>exptext</font>
    <shadowcolor>FF5F5F5F</shadowcolor>
    <textcolor>white</textcolor>
    <label>$VAR[ListItemVu]</label>
    <scroll>false</scroll>
    <visible>!String.IsEqual(ListItem.Label,..)+!String.IsEqual(ListItem.Title,..)</visible>
  </control>
  <control type="image">
    <left>20</left>
    <top>2</top>
    <height>35</height>
    <width>119</width>
    <aspectratio>keep</aspectratio>
    <texture>buttons/parent.png</texture>
    <visible>String.IsEqual(ListItem.Label,..)|String.IsEqual(ListItem.Title,..)</visible>
  </control>


</itemlayout>
<focusedlayout width="0" height="40">
  <include>ActiveClearArt</include>
  <control type="image">
    <posx>-1</posx>
    <width>705</width>
    <height>42</height>
    <aligny>center</aligny>
    <texture>buttonfo2wide2.png</texture>
    <aspectratio>stretch</aspectratio>
    <colordiffuse>FocusBar</colordiffuse>
  </control>

  <include content="commonlistitem2Trio">
    <param name="Fond"></param>
    <param name="Ligne"></param>
  </include>
  <control type="label">
    <!--   <include>isWatched</include>
    <posx>110</posx> -->
    <left>10</left>
    <posy>-2</posy>
    <width>638</width>
    <height>35</height>
    <aligny>center</aligny>
    <align>left</align>
    <font>exptext</font>
    <shadowcolor>FF5F5F5F</shadowcolor>
    <textcolor>white</textcolor>
    <label>$VAR[ListItemVu]</label>
    <scroll>false</scroll>
    <visible>!String.IsEqual(ListItem.Label,..)+!String.IsEqual(ListItem.Title,..)</visible>
  </control>
  <control type="image">
    <left>20</left>
    <top>2</top>
    <height>35</height>
    <width>119</width>

    <aspectratio>keep</aspectratio>
    <texture>buttons/parent.png</texture>
    <align>left</align>
    <visible>String.IsEqual(ListItem.Label,..)|String.IsEqual(ListItem.Title,..)</visible>
  </control>

</focusedlayout>
</include>
<include name="mediainfominiactiftrio">
  <width>928</width>
  <posx>1435</posx>
</include>
<include name="Viewtype_ListTrio">
  <control type="group">
    <left>-20</left>
    <top>0</top>
    <visible>Control.IsVisible(557)</visible>

   <!-- fond de la liste -->
    <control type="image">
      <posx>10</posx>
      <posy>15</posy>
      <height>805</height>
      <include condition="Skin.HasSetting(MiniInfos)">mediainfominiactiftrio</include>
      <width>828</width>
      <texture>frames/menu_glass2b.png</texture>
      <colordiffuse>902F2F2F</colordiffuse>
    </control>
    <!--- Liste --->
   <control type="list" id="557">
    <animation type="Conditional" condition="Window.IsActive(addoninformation)">
      <effect type="zoom" time="600" center="640,360" start="100" end="50" tween="cubic" easing="out" />
      <effect type="fade" time="400" start="100" end="0" />
    </animation>


    <posx>65</posx>
    <posy>58</posy>
    <height>717</height>
    <width>1350</width>

    <onup>557</onup>

    <ondown>557</ondown>


    <oninfo condition="Container.Content(actors)|Container.Content(directors)">SetProperty(ActorThumb,$VAR[PosterThumb],Home)</oninfo>
    <oninfo condition="Container.Content(actors)|Container.Content(directors)">SetFocus(8889)</oninfo>
    <include condition="!Skin.HasSetting(ViewLockdown)">OnLeft7000</include>
  <!-- <onright>60</onright> -->
  <scrolltime>160</scrolltime>
  <viewtype label="31834">trio list</viewtype>
  <orientation>vertical</orientation>
  <preloaditems>2</preloaditems>
  <aligny>top</aligny>
  <pagecontrol>60</pagecontrol>
  <include>Animation_OpenCloseFade</include>

  <include>Animation_HiddenByInfo</include>
  <include>CommonListIdTrio</include>

</control>


   
 
<!-- Thumbnails -->
 <control type="group">
      <posy>-220</posy>

      <include condition="Skin.HasSetting(MiniInfos)">mediainfominiactiftrio</include>
      <posx>1395</posx>
      <animation effect="fade" start="100" end="0" time="0" condition="Container(557).OnPrevious+Container(557).OnNext" reversible="false">conditional</animation>
     <!--  <animation effect="slide" start="0,0" end="0,-245" time="0" condition="Skin.HasSetting(VueExperimentale)" reversible="false">conditional</animation> -->
      <!-- fanarts saga -->
      <control type="wraplist" id="5555">
        <visible>String.IsEqual(ListItem.DBTYPE,set)</visible>
        <height>1480</height>
        <scrolltime tween="linear" easing="in">8500</scrolltime>
        <autoscroll>True</autoscroll>
        <itemgap>20</itemgap>
        <itemlayout width="520" height="300">
          <control type="image">
            <bordersize>30</bordersize>
            <bordertexture border="30" colordiffuse="FFFFFFFF">frames/menu_glass2b.png</bordertexture>
            <texture>$INFO[ListItem.Property(fanart)]</texture>
            <aspectratio scalediffuse="false">keep</aspectratio>
          </control>
        </itemlayout>
        <focusedlayout width="520" height="300">
          <control type="image">
            <bordersize>30</bordersize>
            <bordertexture border="30" colordiffuse="FFFFFFFF">frames/menu_glass2b.png</bordertexture>
            <texture>$INFO[ListItem.Property(fanart)]</texture>
            <aspectratio scalediffuse="false">keep</aspectratio>
          </control>
        </focusedlayout>

      </control>
      <!--- fanarts non saga -->
      <control type="wraplist" id="5554">
        <visible>!String.IsEqual(ListItem.DBTYPE,set)</visible>
        <height>1480</height>
        <scrolltime tween="linear" easing="inout">8500</scrolltime>
        <autoscroll>True</autoscroll>
        <content target="Pictures">$VAR[GlobalFanart]</content>
        <itemgap>20</itemgap>
        <itemlayout width="520" height="300">
          <control type="image">
            <bordersize>30</bordersize>
            <bordertexture border="30" colordiffuse="FFFFFFFF">frames/menu_glass2b.png</bordertexture>
            <texture>$INFO[ListItem.Icon]</texture>
            <aspectratio scalediffuse="false">keep</aspectratio>
          </control>
        </itemlayout>
        <focusedlayout width="520" height="300">
          <control type="image">
            <bordersize>30</bordersize>
            <bordertexture border="30" colordiffuse="FFFFFFFF">frames/menu_glass2b.png</bordertexture>
            <texture>$INFO[ListItem.Icon]</texture>
            <aspectratio scalediffuse="false">keep</aspectratio>
          </control>
        </focusedlayout>

      </control>
      <control type="group">

        <animation type="Conditional" condition="Window.IsActive(addoninformation)">
          <effect type="fade" time="400" start="100" end="0" />
        </animation>
        <include>Animation_OpenCloseFade</include>
        <include>Animation_HiddenByInfo</include>
        <!-- Movie, TVShow and Season Posters -->
        <left>-550</left>
        <top>240</top>
        <control type="group">
          <visible>Window.IsActive(10025) + [Container.Content(movies) | Container.Content(sets) | Container.Content(tvshows) | Container.Content(seasons)]</visible>
          <posx>20</posx>
          <control type="image">
            <posx>17</posx>
            <posy>15</posy>
            <width>550</width>
            <height>770</height>
            <fadetime>100</fadetime>
            <texture background="true" diffuse="postermatte.png">$INFO[ListItem.Icon]</texture>
            <aspectratio scalediffuse="false">keep</aspectratio>
            <visible>String.IsEmpty(ListItem.Title)</visible>
          </control>
          <control type="image">
            <posx>17</posx>
            <posy>15</posy>
            <width>550</width>
            <height>770</height>
            <fadetime>100</fadetime>
            <bordersize>35</bordersize>
            <bordertexture border="35" colordiffuse="FFFFFFFF">frames/menu_glass2b.png</bordertexture>
            <texture background="true" fallback="DefaultThumb.png">$VAR[PosterThumb]</texture>
            <aspectratio scalediffuse="false">stretch</aspectratio>
            <visible>!String.IsEmpty(ListItem.Title)</visible>
          </control>

        </control>
        <!-- Episode Posters -->
        <control type="group">
          <visible>Window.IsActive(10025) + Container.Content(episodes)</visible>
          <posx>25</posx>
          <posy>45</posy>
          <control type="image">
            <posx>22</posx>
            <posy>112</posy>
            <width>493</width>
            <height>465</height>
            <fadetime>100</fadetime>
            <texture background="true" diffuse="episodematte.png">$INFO[ListItem.Icon]</texture>
            <aspectratio scalediffuse="false">keep</aspectratio>
            <visible>String.IsEmpty(ListItem.Title) | String.Contains(ListItem.Icon,default)</visible>
          </control>
          <control type="image">
            <posx>22</posx>
            <posy>162</posy>
            <width>493</width>
            <height>365</height>
            <fadetime>100</fadetime>
            <texture background="true">$INFO[ListItem.Icon]</texture>
            <aspectratio scalediffuse="false">scale</aspectratio>
            <visible>!String.IsEmpty(ListItem.Title) + !String.Contains(ListItem.Icon,default)</visible>
          </control>

          <control type="image">
            <posx>-10</posx>
            <posy>124</posy>
            <width>554</width>
            <height>443</height>
            <texture>frames/classicframe_fanartsmall.png</texture>
            <fadetime>100</fadetime>
            <visible>!String.IsEmpty(ListItem.Title) + !String.Contains(ListItem.Icon,default)</visible>
          </control>
        </control>
        <!-- Images for All Items NOT in Video Library -->
        <control type="image">
          <posx>37</posx>
          <posy>45</posy>
          <width>550</width>
          <height>770</height>
          <bordersize>30</bordersize>
          <bordertexture border="30" colordiffuse="FFFFFFFF">frames/menu_glass2b.png</bordertexture>
          <texture background="true" fallback="home_art/movies.jpg">$VAR[PosterThumbActeurs]</texture>
          <aspectratio scalediffuse="true">keep</aspectratio>
        <!-- <texture>$INFO[ListItem.Icon]</texture> -->

        <visible>Container.Content(actors)|Container.Content(directors)</visible>
      </control>
      <control type="image">
        <posx>37</posx>
        <posy>45</posy>
        <width>550</width>
        <height>770</height>
        <fadetime>100</fadetime>
        <aspectratio align="center" aligny="center">keep</aspectratio>
        <texture fallback="DefaultFolder.png">resource://resource.images.studios.white/$INFO[ListItem.Label].png</texture>
        <visible>Window.IsActive(10025) + !String.Contains(Container.FolderPath,videodb://musicvideos/) + Container.Content(studios)</visible>
      </control>
      <control type="image">
        <posx>37</posx>
        <posy>45</posy>
        <width>550</width>
        <height>770</height>
        <fadetime>100</fadetime>
        <aspectratio align="right" aligny="center">keep</aspectratio>
        <texture fallback="DefaultMovieGenre.png">moviegenres/$INFO[ListItem.Label].jpg</texture>
        <visible>Window.IsActive(10025) + !String.Contains(Container.FolderPath,videodb://musicvideos/) + Container.Content(genres)</visible>
      </control>
      <control type="image">
        <posx>37</posx>
        <posy>45</posy>
        <width>550</width>
        <height>770</height>
        <fadetime>100</fadetime>
        <aspectratio align="right" aligny="center">keep</aspectratio>
        <texture fallback="DefaultMusicGenre.png">musicgenres/$INFO[ListItem.Label].jpg</texture>
        <visible>[Window.IsActive(502) | [Window.IsActive(10025) + String.Contains(Container.FolderPath,videodb://musicvideos/)]] + Container.Content(genres)</visible>
      </control>
    </control>
  </control>

<include>showacteurinfo</include>
</control>

</include>
</includes>
