<?xml version='1.0' encoding='UTF-8'?>
<shortcuts>
	<shortcut>
		<label>344</label>
		<label2>32009</label2>
		<icon>DefaultProgram.png</icon>
		<action>RunScript(script.globalsearch,actors=true)</action>
	</shortcut>
	<shortcut>
		<label>342</label>
		<label2>32009</label2>
		<icon>DefaultProgram.png</icon>
		<action>RunScript(script.globalsearch,movies=true)</action>
	</shortcut>
	<shortcut>
		<label>20343</label>
		<label2>32009</label2>
		<icon>DefaultProgram.png</icon>
		<action>RunScript(script.globalsearch,tvshows=true)</action>
	</shortcut>
	<shortcut>
		<label>20360</label>
		<label2>32009</label2>
		<icon>DefaultProgram.png</icon>
		<action>RunScript(script.globalsearch,episodes=true)</action>
	</shortcut>
	<shortcut>
		<label>20389</label>
		<label2>32009</label2>
		<icon>DefaultProgram.png</icon>
		<action>RunScript(script.globalsearch,musicvideos=true)</action>
	</shortcut>
	<shortcut>
		<label>133</label>
		<label2>32009</label2>
		<icon>DefaultProgram.png</icon>
		<action>RunScript(script.globalsearch,artists=true)</action>
	</shortcut>
	<shortcut>
		<label>132</label>
		<label2>32009</label2>
		<icon>DefaultProgram.png</icon>
		<action>RunScript(script.globalsearch,albums=true)</action>
	</shortcut>
	<shortcut>
		<label>134</label>
		<label2>32009</label2>
		<icon>DefaultProgram.png</icon>
		<action>RunScript(script.globalsearch,songs=true)</action>
	</shortcut>
</shortcuts>
