<?xml version="1.0" encoding="UTF-8"?>

<window type="dialog" id="1100">
  <defaultcontrol always="true">7003</defaultcontrol>
  <onload>SetFocus(7003,1)</onload>
  <onload>SetProperty(IconMixUpdateActeurs,"1",10000)</onload>
  <onload>SetProperty(IconMixUpdateSagas,"1",10000)</onload>
  <onunload>SetProperty(IconMixUpdateActeurs,"",10000)</onunload>
  <onload>SetProperty(showgenre,,10000)</onload>
  <onload>SetProperty(showsaga,,10000)</onload>
  <onload>SetProperty(IconMixDialogInfo,"1",10000)</onload>
  <onunload>ClearProperty(IconMixDialogInfo)</onunload>
  <onunload>SetProperty(IconMixDirector,,Home)</onunload>
  <onload>SetProperty(IconMixAide,"",10000)</onload>
  <onunload>SetProperty(showgenre,,10000)</onunload>
  <onunload>SetProperty(showsaga,,10000)</onunload>
  


  <controls>



    <control type="group">
      <posx>40</posx>
      <posy>5</posy>
      <animation type="Conditional"  condition="Control.HasFocus(5052)|Control.HasFocus(7778)|Control.HasFocus(7779)|Control.HasFocus(7781)" reversible="false">
        <effect type="fade" end="0"   time="500" delay="10" />
      </animation>
      <!--
      <animation type="Conditional"  condition="!Window.IsTopMost(10000)+!Window.IsVisible(	10107)" reversible="false">
      <effect type="fade" end="50"   time="500" delay="500" />
      </animation>
      -->
<!-- Control Buttons -->

      <control type="group">
        <left>-50</left>
        <animation type="Focus"  reversible="false">
          <effect type="slide" start="-250" end="0" tween="easy" easy="out"  time="500" delay="200" />
        </animation>
        <animation type="UnFocus"  reversible="false">
          <effect type="slide" start="0" end="-250" tween="easy" easy="out"  time="500" delay="200" />
        </animation>
        
     



      <control type="grouplist" id="7003"> <!--- boutons -->
        <width>210</width>
        <posx>1710</posx>
        <aligny>top</aligny>

        <include>VideoInfoButtonText</include>
        <itemgap>5</itemgap>

        <orientation>vertical</orientation>
        <onleft condition="Integer.IsGreater(Container(5051).NumItems,0)+!String.IsEmpty(Window(10000).Property(showgenre))+System.HasAddon(script.iconmixtools)+Control.HasFocus(5005)">5001</onleft>
        <onleft condition="Integer.IsGreater(Container(1999).NumItems,0)+!String.IsEmpty(Window(10000).Property(showsaga))+System.HasAddon(script.iconmixtools)+Control.HasFocus(5006)">1999</onleft>
        <onleft condition="!String.IsEmpty(Container(1990).ListItem.Director)+!Control.HasFocus(5005)+!Control.HasFocus(5006)">7777</onleft>
        <onleft condition="String.IsEmpty(Container(1990).ListItem.Director)+!Container(1998).IsUpdating+!Control.HasFocus(5005)+!Control.HasFocus(5006)">7781</onleft>
        


        <!-- accéder à la série -->
        <control type="group" id="2099">
         <visible>Integer.IsGreater(Container(1990).ListItem.DBID,0)+String.Contains(Container(1990).ListItem.DbType,tvshow)</visible>
          <include>videoinfobuttonfond</include>
          <control type="button" id="500">
            <ondown>2100</ondown>
            <onup>2110</onup>
            <onfocus>SetProperty(ICDBID,$INFO[Container(1990).ListItem.DBID],10000)</onfocus>
            <include>VideoInfoButton</include>
            <onleft condition="!String.IsEmpty(Container(1990).ListItem.Director)">7777</onleft>
            <onleft condition="String.IsEmpty(Container(1990).ListItem.Director)+!Container(1998).IsUpdating">7781</onleft>
            <texturenofocus>buttons/button_browse.png</texturenofocus> -->
            <texturefocus>buttons/button_browseFO.png</texturefocus>
            <onfocus>SetProperty(showsaga,,10000)</onfocus>
            <onfocus>SetProperty(showgenre,,10000)</onfocus>
            <onfocus>SetProperty(IconmixAide,$LOCALIZE[32017],10000)</onfocus>
            

            <include>Animation_ButtonFocus</include>
          </control>
        </control>

        <!-- Play -->
        <control type="group" id="2100">
          <visible>Integer.IsGreater(Container(1990).ListItem.DBID,0)+!String.IsEmpty(Container(1990).ListItem.Label2)</visible>
          <include>videoinfobuttonfond</include>
          <control type="button" id="8">
          <ondown>2101</ondown>
            <onup>2099</onup>
            <include>VideoInfoButton2</include>
            <texturenofocus>buttons/button_play.png</texturenofocus> -->
            <texturefocus>buttons/button_playFO.png</texturefocus>
             <onfocus>SetProperty(IconmixAide,$LOCALIZE[31244],10000)</onfocus>
            <onfocus>SetProperty(showsaga,,10000)</onfocus>
            <onfocus>SetProperty(showgenre,,10000)</onfocus>
            <include>Animation_ButtonFocus</include>
          </control>
        </control>

        <!-- Trailer -->
        <control type="group" id="2101">
         <visible>!System.HasAddon(script.iconmixtools)+!String.IsEmpty(Container(1990).ListItem.Trailer)+!Player.HasVideo</visible>
          <include>videoinfobuttonfond</include>
          <control type="button" id="11">
            <include>VideoInfoButton2</include>
            <texturenofocus>buttons/button_trailer.png</texturenofocus> -->
            <texturefocus>buttons/button_trailerFO.png</texturefocus>
            <include>Animation_ButtonFocus</include>
            <onfocus>SetProperty(showsaga,,10000)</onfocus>
            <onfocus>SetProperty(showgenre,,10000)</onfocus>
          </control>
        </control>
        <control type="group" id="2102">
         <visible>!System.HasAddon(script.iconmixtools)+String.IsEmpty(Container(1990).ListItem.Trailer)+!Player.HasVideo</visible>
          <include>videoinfobuttonfond</include>
          <control type="button" id="440">
            <include>VideoInfoButton2</include>
            <texturenofocus>buttons/button_cherche.png</texturenofocus> -->
            <texturefocus>buttons/button_chercheFO.png</texturefocus>
            <include>Animation_ButtonFocus</include>
            <onclick>Action(Close)</onclick>
            <onfocus>SetProperty(showsaga,,10000)</onfocus>
            <onfocus>SetProperty(showgenre,,10000)</onfocus>
            <onclick>SetFocus(9999)</onclick>
            <onclick>ActivateWindow(videos,plugin://plugin.video.youtube/kodion/search/query/?q=$INFO[ListItem.Label]+Trailer,return)</onclick>

          </control>
        </control>
        <control type="group" id="2103">
          <visible>System.HasAddon(script.iconmixtools)+!Player.HasVideo</visible>
          <include>videoinfobuttonfond</include>
          <control type="grouplist" id="442">
            <top>15</top>
            <height>90</height>
            <width>200</width>
            <itemgap>1</itemgap>
            <align>right</align>
            <orientation>horizontal</orientation>
            <visible>Skin.HasSetting(BAfenetre)</visible>

            <!-- Fullscreen -->
            <control type="button" id="1001">
              <onup>8</onup>
              <ondown>119</ondown>
              <label></label>
              <altlabel>-</altlabel>
              <height>60</height>
              <width>60</width>
              <aspectratio>stretch</aspectratio>
              <align>center</align>
              <aligny>center</aligny>
              <texturenofocus>buttons/bawin.png</texturenofocus>
              <texturefocus>buttons/bawinFO.png</texturefocus>
              <include>Animation_ButtonFocus</include>
              <onfocus>SetProperty(showsaga,,10000)</onfocus>
              <onfocus>SetProperty(showgenre,,10000)</onfocus>
              <onclick condition="!Skin.HasSetting(BAfenetre)">Skin.ToggleSetting(BAfenetre)</onclick>
              <onclick>SetFocus(9999)</onclick>
              <onfocus>SetProperty(IconmixAide,$LOCALIZE[31335],10000)</onfocus>

            </control>
            <control type="button" id="1000">
              <onup>8</onup>
              <ondown>119</ondown>
              <label></label>
              <altlabel>-</altlabel>
              <height>60</height>
              <width>60</width>
              <aspectratio>stretch</aspectratio>
              <align>center</align>
              <aligny>center</aligny>
              <texturenofocus>buttons/bafull.png</texturenofocus>
              <texturefocus>buttons/bafullFO.png</texturefocus>
              <onfocus>SetProperty(showsaga,,10000)</onfocus>
              <onfocus>SetProperty(showgenre,,10000)</onfocus>
              <include>Animation_ButtonFocus</include>
              <onclick condition="Skin.HasSetting(BAfenetre)">Skin.ToggleSetting(BAfenetre)</onclick>
              <onclick>SetFocus(9999)</onclick>
               <onfocus>SetProperty(IconmixAide,$LOCALIZE[32015],10000)</onfocus>
            </control>
            <!-- fenetre -->

          </control>


          <control type="grouplist" id="442">
            <top>15</top>
            <height>90</height>
            <width>200</width>
            <itemgap>1</itemgap>
            <align>right</align>
            <orientation>horizontal</orientation>
            <visible>!Skin.HasSetting(BAfenetre)</visible>


            <!-- Fullscreen -->
            <control type="button" id="1000">
              <onup>8</onup>
              <ondown>119</ondown>
              <label></label>
              <altlabel>-</altlabel>
              <height>60</height>
              <width>60</width>
              <aspectratio>stretch</aspectratio>
              <align>center</align>
              <aligny>center</aligny>
              <texturenofocus>buttons/bafull.png</texturenofocus>
              <texturefocus>buttons/bafullFO.png</texturefocus>
              <onfocus>SetProperty(showsaga,,10000)</onfocus>
              <onfocus>SetProperty(showgenre,,10000)</onfocus>
              <include>Animation_ButtonFocus</include>
              <onclick condition="Skin.HasSetting(BAfenetre)">Skin.ToggleSetting(BAfenetre)</onclick>
              <onclick>SetFocus(9999)</onclick>
              <onfocus>SetProperty(IconmixAide,$LOCALIZE[32015],10000)</onfocus>
            </control>
            <!-- fenetre -->

            <control type="button" id="1001">
              <onup>8</onup>
              <ondown>119</ondown>
              <label></label>
              <altlabel>-</altlabel>
              <height>60</height>
              <width>60</width>
              <aspectratio>stretch</aspectratio>
              <align>center</align>
              <aligny>center</aligny>
              <texturenofocus>buttons/bawin.png</texturenofocus>
              <texturefocus>buttons/bawinFO.png</texturefocus>
              <include>Animation_ButtonFocus</include>
              <onfocus>SetProperty(showsaga,,10000)</onfocus>
              <onfocus>SetProperty(showgenre,,10000)</onfocus>
              <onclick condition="!Skin.HasSetting(BAfenetre)">Skin.ToggleSetting(BAfenetre)</onclick>
              <onclick>SetFocus(9999)</onclick>
              <onfocus>SetProperty(IconmixAide,$LOCALIZE[31335],10000)</onfocus>

            </control>

          </control>
          <control type="image">
            <top>25</top>
            <left>80</left>
              <height>60</height>
              <width>60</width>
              <texture>buttons/check.png</texture>
            </control>
        </control>

        <!-- Artwork Downloader Button + Choose Art -->
        <control type="group" id="2105">
          <visible>Integer.IsGreater(Container(1990).ListItem.DBID,0)</visible>
       
        <include>videoinfobuttonfond</include>

        <control type="grouplist" id="445">
          <top>15</top>
          <height>90</height>
          <left>80</left>
          <width>120</width>
          <itemgap>-2</itemgap>
          <align>right</align>
          <orientation>horizontal</orientation>
        <ondown>2106</ondown>
        <onup>2103</onup>
        <!-- Artwork Downloader Button -->
        <control type="button" id="20">
          <visible>System.HasAddon(script.artwork.downloader) + [String.Contains(Container(1990).ListItem.DBTYPE,movie) | String.Contains(Container(1990).ListItem.DBTYPE,tvshow)]+Integer.IsGreater(Container(1990).ListItem.DBID,0)</visible>
          <label></label>
          <altlabel>-</altlabel>
          <height>60</height>
          <width>60</width>
          <aspectratio>stretch</aspectratio>
          <align>center</align>
          <aligny>center</aligny>         
          <texturenofocus>buttons/button_artwork.png</texturenofocus>
          <texturefocus>buttons/button_artworkFO.png</texturefocus>
          
          <onclick condition="String.Contains(Container(1990).ListItem.DBTYPE,tvshow)">RunScript(script.artwork.downloader, mode=gui, mediatype=tvshow, dbid=$INFO[Container(1990).ListItem.DBID])</onclick>
          <onclick condition="String.Contains(Container(1990).ListItem.DBTYPE,movie)">RunScript(script.artwork.downloader, mode=gui, mediatype=movie, dbid=$INFO[Container(1990).ListItem.DBID])</onclick>
          <include>Animation_ButtonFocus</include>
          <onfocus>SetProperty(showsaga,,10000)</onfocus>
          <onfocus>SetProperty(showgenre,,10000)</onfocus>
          <onfocus>SetProperty(IconmixAide,$LOCALIZE[31936],10000)</onfocus>
        </control>

         <!-- Artwork Downloader Button iconmix -->
        <control type="button" id="119">
          <visible>System.HasAddon(script.iconmixtools) + [String.Contains(Container(1990).ListItem.DBTYPE,movie) | String.Contains(Container(1990).ListItem.DBTYPE,tvshow)]+Integer.IsGreater(Container(1990).ListItem.DBID,0)</visible>
          <label></label>
          <altlabel>-</altlabel>
          <height>60</height>
          <width>60</width>
          <aspectratio>stretch</aspectratio>
          <align>center</align>
          <aligny>center</aligny>
          
          <texturenofocus>buttons/button_artworkiconmix.png</texturenofocus>
          <texturefocus>buttons/button_artworkiconmixFO.png</texturefocus>
          <onclick>RunScript(script.iconmixtools,mettreajour=True&id=$INFO[Container(1990).ListItem.DBID]&label=$INFO[Container(1990).ListItem.Title]&type=$INFO[Container(1990).ListItem.DBTYPE])</onclick>
         
          <include>Animation_ButtonFocus</include>
          <onfocus>SetProperty(showsaga,,10000)</onfocus>
          <onfocus>SetProperty(showgenre,,10000)</onfocus>
          <onfocus>SetProperty(IconmixAide,$LOCALIZE[31937],10000)</onfocus>
        </control>
        
        <!-- Choose Art  -->
        <control type="button" id="10">
          <label></label>
          <altlabel>-</altlabel>
          <height>60</height>
          <width>60</width>
          <aspectratio>stretch</aspectratio>
          <align>center</align>
          <aligny>center</aligny>
          <include>VideoInfoButton</include>
          <texturenofocus>buttons/button_fanart.png</texturenofocus> 
          <texturefocus>buttons/button_fanartFO.png</texturefocus>
          <include>Animation_ButtonFocus</include>
          <onfocus>SetProperty(showsaga,,10000)</onfocus>
          <onfocus>SetProperty(showgenre,,10000)</onfocus>
          <onfocus>SetProperty(IconmixAide,$LOCALIZE[13511],10000)</onfocus>
        </control>-->
      </control>



    </control>
        <!-- Video Extras -->
        
        <control type="group" id="2106">
          <!---- genres ---->
         <!--  <visible>Integer.IsGreater(Container(1990).ListItem.DBID,0)</visible> -->
          <visible>Integer.IsGreater(Container(5001).NumItems,0)+System.HasAddon(script.iconmixtools)+!String.Contains(Container(1990).ListItem.Filenameandpath,plugin:)+[String.Contains(Container(1990).ListItem.DBTYPE,movie) | String.Contains(Container(1990).ListItem.DBTYPE,tvshow) | String.IsEqual(Container(1990).ListItem.DBTYPE,episode) | String.Contains(Container(1990).ListItem.DBTYPE,musicvideo)]</visible>
          <include>videoinfobuttonfond</include>
          <control type="button" id="5005">
            <description>Extras</description>
            <include>VideoInfoButton2</include>
            <ondown>2107</ondown>
            <onup>2105</onup>
            <texturenofocus>buttons/button_genres.png</texturenofocus> -->
            <texturefocus>buttons/button_genresFO.png</texturefocus>
            <include>Animation_ButtonFocus</include>
            <onfocus>SetProperty(showgenre,1,10000)</onfocus>
            <onfocus>SetProperty(showsaga,,10000)</onfocus>
            <onfocus>SetProperty(IconmixAide,$LOCALIZE[32002],10000)</onfocus>
            <onclick>setfocus(5001)</onclick>
            <label></label>
            
          </control>
        </control>
        <control type="group" id="2107">
           <visible>Integer.IsGreater(Container(5002).NumItems,0)+System.HasAddon(script.iconmixtools)+!String.Contains(Container(1990).ListItem.Filenameandpath,plugin:)+[String.Contains(Container(1990).ListItem.DBTYPE,movie) | String.Contains(Container(1990).ListItem.DBTYPE,tvshow) | String.IsEqual(Container(1990).ListItem.DBTYPE,episode) | String.Contains(Container(1990).ListItem.DBTYPE,musicvideo)]</visible>
          <include>videoinfobuttonfond</include>
          <control type="button" id="5006">
            <ondown>2108</ondown>
            <onup>2106</onup>
            <description>Extras</description>
            <include>VideoInfoButton2</include>
            <texturenofocus>buttons/button_saga.png</texturenofocus> -->
            <texturefocus>buttons/button_sagaFO.png</texturefocus>
            <include>Animation_ButtonFocus</include>
            <onfocus>SetProperty(showsaga,1,10000)</onfocus>
            <onfocus>SetProperty(showgenre,,10000)</onfocus>
            <onfocus>SetProperty(IconmixAide,$LOCALIZE[31931],10000)</onfocus>
            <onclick>Dialog.Close(all,true)</onclick>
            <onclick condition="!String.IsEmpty(Container(5002).ListItem.setid)+String.Contains(Container(1990).ListItem.DBTYPE,movie)">ActivateWindow(Videos,videodb://movies/sets/$INFO[Container(5002).ListItem.setid],return)</onclick>
            <onclick condition="String.IsEmpty(Container(5002).ListItem.setid)+!String.IsEmpty(Container(5002).ListItem.Property(SetId))+String.Contains(Container(1990).ListItem.DBTYPE,movie)">ActivateWindow(Videos,videodb://movies/sets/$INFO[Container(5002).ListItem.Property(SetId)],return)</onclick>

            <!--<onclick>setfocus(5002)</onclick>-->
            <label></label>
           
          </control>
        </control>
        <!-- Refresh -->
        <control type="group" id="2108">
          <visible>!String.Contains(Container(1990).ListItem.Filenameandpath,plugin:)</visible>
          <visible>Integer.IsGreater(Container(1990).ListItem.DBID,0)</visible>
          <include>videoinfobuttonfond</include>
          <control type="button" id="6">
            <include>VideoInfoButton2</include>
            <texturenofocus>buttons/button_refresh.png</texturenofocus> -->
            <texturefocus>buttons/button_refreshFO.png</texturefocus>
            <include>Animation_ButtonFocus</include>
            <onfocus>SetProperty(showsaga,,10000)</onfocus>
            <onfocus>SetProperty(showgenre,,10000)</onfocus>
            <onfocus>SetProperty(IconmixAide,$LOCALIZE[184],10000)</onfocus>
            <ondown>2109</ondown>
            <onup>2107</onup>
          </control>
        </control>
        <control type="group" id="2109">
          <visible>Integer.IsGreater(Container(1990).ListItem.DBID,0)</visible>
         <include>videoinfobuttonfond</include>
          <control type="button" id="7">
            <include>VideoInfoButton2</include>
              <onfocus>SetProperty(IconmixAide,$LOCALIZE[31755],10000)</onfocus>
            <texturenofocus>buttons/button_rating.png</texturenofocus> -->
            <texturefocus>buttons/button_ratingFO.png</texturefocus>
            <include>Animation_ButtonFocus</include>
<ondown>2110</ondown>
<onup>2108</onup>
          </control>
        </control>
        <control type="group" id="2110">
          
          <include>videoinfobuttonfond</include>
          <control type="button" id="600">
            <include>VideoInfoButton2</include>
            <texturenofocus>buttons/button_exit.png</texturenofocus> -->
            <texturefocus>buttons/button_exitFO.png</texturefocus>
            <onfocus>SetProperty(showsaga,,10000)</onfocus>
            <onfocus>SetProperty(showgenre,,10000)</onfocus>
            <onfocus>SetProperty(IconmixAide,$LOCALIZE[15067],10000)</onfocus>
            <include>Animation_ButtonFocus</include>
            <onclick>Close</onclick>
            <ondown>2100</ondown>
            <onup>2109</onup>
          </control>
        </control>
         <!-- texte d'aide -->
    <control type="group" id="2120">

      <width>210</width>
      <height>100</height>

      <control type="image" id="888">
        <left>5</left>
        <colordiffuse>BackgroundColorWidget</colordiffuse>
        <texture>frames/fondbuttons.png</texture>
        <bordersize>8</bordersize>
        <bordertexture border="8">landscape.png</bordertexture>
      </control>
      <control type="label">
        <top>5</top>
        <height>80</height>
        <width>110</width>
        <left>90</left>
        <align>center</align>
        <aligny>center</aligny>
        <font>lcdep</font>
        <textcolor>yellow</textcolor>
        <wrapmultiline>true</wrapmultiline>
        <label>$INFO[Window(10000).Property(IconmixAide)]</label>

      </control>
      
  </control>
      </control>
    </control>

      <!-- FOND -->
      <control type="image">
        <posx>0</posx>
        <posy>0</posy>
        <width>1750</width>
        <height>1065</height>
        <colordiffuse>BackgroundColor</colordiffuse>
        <texture>frames/fondinfogris.png</texture>
        <aspectratio scalediffuse="false">stretch</aspectratio>
      </control>


      <!-- Control Buttons -->



<!-- ----------------------------- ---->
<!-- realisateur --
<control type="button" id="2008"> 

  <left>-3000</left>
  <label>FUCK</label>
  <onleft>Control.Move(5002,-1)</onleft>
  <onright>Control.Move(5002,1)</onright>
<onup condition="!String.IsEmpty(Container(1990).ListItem.Director)">7777</onup>
<onup condition="String.IsEmpty(Container(1990).ListItem.Director)">SetFocus(7003)</onup>
<ondown>SetFocus(7003)</ondown>
<onclick condition="!Player.HasVideo">RunScript(script.iconmixtools,trailer=True)</onclick>
<visible>Integer.IsGreater(Container(5002).NumItems,0)</visible>
</control>
-->


<!-- Titre et diverses infos -->
<control type="group">
  <posx>50</posx>
  <posy>0</posy>

  <!-- Title -->
  <control type="grouplist">
  <left>50</left>
  <top>4</top>
<width>1550</width>
<align>center</align>
<orientation>horizontal</orientation>
<control type="button">
  
<width max="1550" min="600">auto</width>
            <height>85</height>                       
            <texturefocus colordiffuse="BackgroundColor">frames/bandeautitre.png</texturefocus>
            <texturenofocus colordiffuse="BackgroundColor">frames/bandeautitre.png</texturenofocus>                   
          <align>center</align>
          <aligny>center</aligny>
          <include>FontTitre</include>
      <label>$INFO[Container(1990).ListItem.Title]</label>
          <focusedcolor></focusedcolor>
          <disabledcolor>TextDisabled</disabledcolor>
          <textoffsetx>25</textoffsetx>
          <textoffsety>8</textoffsety>
</control>
</control>



  <!-- telex debug--

  <control type="label">
    <posx>10</posx>
    <posy>700</posy>
    <width>1600</width>
    <label>Variable:$INFO[Container(1990).ListItem.Rating]</label>
  </control>
  <control type="label">
    <width max="1000">auto</width>
    <height>30</height>
    <left>0</left>
    <posy>930</posy>
    <label>dbtype=$INFO[Container(1990).ListItem.DBTYPE]&label=$INFO[Container(1990).ListItemAbsolute(0).Label]&year=$INFO[Container(1990).ListItem.Year]&dbid=$INFO[Container(1990).ListItem.DBID]&imdbnumber=$INFO[Container(1990).ListItem.Property(IMDBNumber)]&tmdbnumber=$INFO[Container(1990).ListItem.Property(TMDBNumber)][CR]$INFO[Container(1990).ListItem.FileNameandPath]*$INFO[Container(5001).NumItems]*$INFO[Container(1990).NumItems]</label>

  </control>
  -->
  

  <!-------------------------------partie gauche basse ----------------------------------------->

  <!-- Genre -->
   <!-- Genre et épisodes....-->
    <control type="grouplist">
      <posy>625</posy>
      <width>350</width>
      <height>400</height>
      <itemgap>2</itemgap>
     
     
          <control type="button">
            <visible>Integer.IsGreater(Container(5001).NumItems,0)</visible>
            <label>$INFO[Container(5001).ListItemAbsolute(0).Label]</label> 
            <include>commondialoggenrebutton</include>
          </control>
          <control type="button">
            <visible>Integer.IsGreater(Container(5001).NumItems,1)</visible>            
            <label>$INFO[Container(5001).ListItemAbsolute(1).Label]</label>
           <include>commondialoggenrebutton</include>
          </control>
          <control type="button">
            <visible>Integer.IsGreater(Container(5001).NumItems,2)</visible>            
            <label>$INFO[Container(5001).ListItemAbsolute(2).Label]</label>
            <include>commondialoggenrebutton</include>
          </control>
          <control type="button">
            <visible>Integer.IsGreater(Container(5001).NumItems,3)</visible>            
            <label>$INFO[Container(5001).ListItemAbsolute(3).Label]</label>
           <include>commondialoggenrebutton</include>
          </control>
          <control type="button">
            <visible>Integer.IsGreater(Container(5001).NumItems,4)</visible>            
            <label>$INFO[Container(5001).ListItemAbsolute(4).Label]</label>
            <include>commondialoggenrebutton</include>
          </control>
          
       
        
        
      
      


      <!--- total général des épisodes --->
      <control type="label">
        <width>415</width>
        <height>30</height>
        <align>left</align>
        <label>Total : $INFO[Container(1990).ListItem.Property(NumEpisodes)] $LOCALIZE[20360]</label>
        <font>METF_InfoTextLarger</font>
        <textcolor>MediaDetailsEpisodes</textcolor>
        <visible>[String.Contains(Container(1990).ListItem.DbType,tvshow) + !String.IsEmpty(Container(1990).ListItem.Property(NumEpisodes))] + !String.IsEmpty(Container(1990).ListItem.Property(UnWatchedEpisodes))</visible>
      </control>
      <!-- TVShows Number of Episodes -->
      <control type="label">
        <width>415</width>
        <height>30</height>
        <align>left</align>
        <font>METF_InfoTextLarger</font>
        <textcolor>MediaDetailsEpisodes</textcolor>
        <label>Total : $INFO[Container(1990).ListItem.Property(TotalEpisodes)] $LOCALIZE[20360]</label>
        <visible>String.Contains(Container(1990).ListItem.DbType,season) + !String.IsEmpty(Container(1990).ListItem.Property(TotalEpisodes))</visible>
      </control>
      <control type="label">
        <width>415</width>
        <height>30</height>
        <align>left</align>
        <font>METF_InfoTextLarger</font>
        <textcolor>MediaDetailsEpisodes</textcolor>
        <label>$INFO[Container(1990).ListItem.Property(WatchedEpisodes)] $LOCALIZE[16102] / $INFO[Container(1990).ListItem.Property(UnWatchedEpisodes)] $LOCALIZE[16101]</label>
        <visible>!String.IsEmpty(Container(1990).ListItem.Property(WatchedEpisodes))+[String.Contains(Container(1990).ListItem.DbType,season) | String.Contains(Container(1990).ListItem.DbType,tvshow)]</visible>
      </control>


      <!-- Episode Watched Status -->
      <control type="label">
        <height>30</height>
        <width>415</width>
        <align>left</align>
        <font>METF_InfoTextLarger</font>
        <textcolor>MediaDetailsEpisodes</textcolor>
        <label>Statut : [COLOR=white]$INFO[Window(Home).Property(IconMixTvStatus)][/COLOR]</label>
        <visible>!String.IsEmpty(Window(Home).Property(IconMixTvStatus))+[String.Contains(Container(1990).ListItem.DBTYPE,tvshow)|String.Contains(Container(1990).ListItem.DBTYPE,episode)]</visible>
      </control>

   
  </control>
  <!----------------------------------------------------------------------------------------------------->

 
 

<!------------------------------- emplacement de la vidéo ----------------------------------------->
<control type="group">
  <posy>927</posy>
  <posx>0</posx>
  <control type="image">
    <width>40</width>
    <height>40</height>
    <aspectratio>stretch</aspectratio>
    <texture>flags/explorer.png</texture>
  </control>
  <control type="fadelabel">
    <left>60</left>
    <width>1500</width>
    <height>40</height>
    <align>left</align>
    <aligny>center</aligny>
    <scroll>true</scroll>
    <scrollout>false</scrollout>
    <pauseatend>1000</pauseatend>
    <font>METF_PlotTextMedium</font>
    <textcolor>MPAADescription</textcolor>
    <label>$INFO[Container(1990).ListItem.FilenameAndPath]</label>
  </control>
  <visible> !String.IsEmpty(Container(1990).ListItem.FilenameAndPath)+Skin.HasSetting(ShowFilePath)</visible>
</control>
<!------------------------------- prochain épisode ----------------------------------------->
<control type="label">
  <posx>450</posx>
  <posy>950</posy>
  <width>950</width>
  <height>60</height>
  <align>center</align>
  <font>comic24</font>
  <textcolor>TextNF</textcolor>
  <label>[COLOR=MediaDetailsInfo]$LOCALIZE[31427] : [/COLOR]$INFO[Window(Home).Property(NextAired.NextTitle),, ][COLOR=red][I]($INFO[Window(Home).Property(NextAired.NextDate)])[/I][/COLOR]</label>
  <visible>String.Contains(Container(1990).ListItem.DBTYPE,tvshow) + !String.IsEmpty(Window(Home).Property(NextAired.NextDate))</visible>
</control>


</control>

<!-- FANART -->
 <control type="group">
      <posx>420</posx>
      <posy>90</posy>



      <control type="group">
        <width>1250</width>
        <height>760</height>

        <control type="multiimage" id="90007">
      <aspectratio>stretch</aspectratio>
      <fadetime>450</fadetime>
      <timeperimage>6000</timeperimage>
      <autoscroll time="6000" delay="500" repeat="6000">true</autoscroll>

      <randomize>true</randomize>
      <loop>yes</loop>
      <imagepath loop="true"  diffuse="shine.png"  background="true">$INFO[Window(Home).Property(IconMixExtraFanart)]</imagepath>

    </control>

      </control>

      <!---->


    </control>
<control type="group"> <!-- group 1 -->
  <posx>360</posx>
  <posy>0</posy>


  <!-- Plot -->
  <control type="textbox">

    <posx>60</posx>
    <posy>120</posy>
    <width>1250</width>
    <height>500</height>
    <align>left</align>
    <include>FontPlot</include>
    <shadowcolor>ff000000</shadowcolor>
    <textcolor>TextNF</textcolor>
    <label fallback="161">$INFO[Container(1990).ListItem.Plot]</label>
    <include>SpecialPlotBoxScroll</include>
  </control>
<!-- ACTEURS --->
   <!--- acteurs --->
  <control type="group">
    <visible>!ControlGroup(7003).HasFocus(5005)+!ControlGroup(7003).HasFocus(5006)+!Control.HasFocus(5001)+!Control.HasFocus(1999)+String.IsEmpty(Window(10000).Property(showgenre))+String.IsEmpty(Window(10000).Property(showsaga))</visible>
    <animation effect="fade" start="0" end="100" time="300" >Visible</animation>
    <animation effect="fade" start="100" end="0" time="300" >Hidden</animation>
    <posx>60</posx>
    <posy>612</posy>
    <width>1250</width>
    <height>380</height>

    <!-- acteurs -->
    <control type="group">
      <posx>10</posx>
      <posy>176</posy>
      <visible>Integer.IsGreater(Container(1998).NumItems,0)</visible>
      <control type="image">
        <posx>-70</posx>
        <width>1380</width>
        <height>130</height>
        <texture>frames/submenubar.png</texture>
        <colordiffuse>BackgroundColor</colordiffuse>
      </control>
      <control type="image">
        <posx>-75</posx>
        <posy>76</posy>
        <width>1375</width>
        <height>68</height>
        <bordersize>8</bordersize>
        <bordertexture border="8" colordiffuse="FF707070">landscape.png</bordertexture>
        <colordiffuse>BackgroundColor</colordiffuse>
        <texture>frames/fondinfogris.png</texture>
      </control>
    </control>

    <!-- -->
    <control type="image">
      <align>center</align>
      <posy>150</posy>
      <posx>1260</posx>
      <width>50</width>
      <height>50</height>
      <texture>sablier.gif</texture>
      <visible>Container(1998).IsUpdating</visible>
    </control>

    <control type="grouplist">
      <visible>String.IsEmpty(Container(1990).ListItem.Director)</visible>
      <visible>Integer.IsGreater(Container(1998).NumItems,0)</visible>
      <width>1250</width>
      <height>380</height>
      <onfocus>SetFocus(7781)</onfocus>
      <ondown>7003</ondown>
      <orientation>horizontal</orientation>
      <include content="PPActeurs">
        <param name="ItemId">0</param>
        <param name="Width1">250</param>
        <param name="reflet">True</param>
      </include>
      <include content="PPActeursListe">
        <param name="Width2">250</param>
        <param name="reflet">True</param>
      </include>
    </control>
    <control type="grouplist">
      <visible>!String.IsEmpty(Container(1990).ListItem.Director)</visible>
      <visible>Integer.IsGreater(Container(1998).NumItems,0)</visible>
      <width>1000</width>
      <height>380</height>
      <onfocus>SetFocus(7781)</onfocus>
      <ondown>7003</ondown>
      <orientation>horizontal</orientation>
      <include content="PPActeurs">
        <param name="ItemId">0</param>
        <param name="Width1">250</param>
        <param name="reflet">True</param>
      </include>
      <include content="PPActeursListe">
        <param name="Width2">250</param>
        <param name="reflet">True</param>
      </include>
    </control>
  </control>
    <!-- realisateur -->
  <control type="group">
      <visible>!String.IsEmpty(Container(1990).ListItem.Director)+!Control.HasFocus(5005)+!Control.HasFocus(5006)+!Control.HasFocus(5001)+!Control.HasFocus(1999)</visible>
      <animation effect="zoom"  center="1255,622" end="115" tween="cubic" time="500" condition="Control.HasFocus(13)|Control.HasFocus(7777)" >Conditional</animation>
      <animation effect="fade" start="0" end="100" time="300" >Visible</animation>
    <animation effect="fade" start="100" end="0" time="300" >Hidden</animation>
      <posy>622</posy>
      <posx>1130</posx>
      <control type="image">
          <top>5</top>
          <left>30</left>          
          <width>175</width>
          <height>220</height>
        <texture diffuse="acteurs/frame2.png" fallback="DefaultActor.png" default="DefaultActor.png">$INFO[Window(Home).Property(IconMixDirector)]</texture>
        <aspectratio scalediffuse="true">keep</aspectratio>
      </control>
      <control type="image">
          <description>Actor image</description>
          <top>220</top>
          <left>30</left> 
          <align>center</align>
          <width>175</width>
          <height>220</height>
          <texture flipy="true" diffuse="acteurs/reflect_poster2.png" fallback="DefaultActor.png" default="DefaultActor.png">$INFO[Window(Home).Property(IconMixDirector)]</texture>
        <aspectratio scalediffuse="true">keep</aspectratio>
      </control>
      <control type="image">
        <top>150</top>
        <left>-290</left>
        <height>100</height>
        <texture>flags/realisateur.png</texture>
        <aspectratio scalediffuse="true">keep</aspectratio>
      </control>
      <control type="image">
        <left>40</left>
        <top>45</top>
        <animation type="Conditional" loop="true" condition="true">
          <effect type="fade"  start="100" end="0"  time="1500" delay="1000" reversible="false"/>
        </animation>
        <height>25</height>
        <texture>buttons/okba.png</texture>
        
        <aspectratio>keep</aspectratio>
        <visible>Control.hasFocus(7777)</visible>
      </control>
      <control type="button" id="7778">
        <include>ControlesRealisateur</include>
      </control>
      <control type="button" id="7777">
        <top>250</top>
        <onleft condition="Integer.IsGreater(Container(1999).NumItems,0)+!String.IsEmpty(Window(10000).Property(showsaga))">setFocus(1999)</onleft>
        <onleft condition="!String.IsEmpty(Window(10000).Property(showgenre))">setFocus(5001)</onleft>
        <onleft condition="String.IsEmpty(Window(10000).Property(showsaga))+String.IsEmpty(Window(10000).Property(showgenre))">setFocus(7781)</onleft>

        <onright>7003</onright>
        <onup>7003</onup>
        <onback>7003</onback>
        <ondown condition="Integer.IsGreater(Container(1999).NumItems,0)+!String.IsEmpty(Window(10000).Property(showsaga))">setFocus(1999)</ondown>
        <ondown condition="Integer.IsGreater(Container(5001).NumItems,0)+!String.IsEmpty(Window(10000).Property(showgenre))">setFocus(5001)</ondown>
        <ondown condition="String.IsEmpty(Window(10000).Property(showsaga))+String.IsEmpty(Window(10000).Property(showgenre))">setFocus(7781)</ondown>
        <onclick>SetFocus(7778)</onclick>
        <left>5</left>
        <width>240</width>
        <height>88</height>
        <align>center</align>
        <aligny>top</aligny>
        <scroll>true</scroll>
        <scrollout>false</scrollout>
        <font>impact35</font>
        <textcolor>FFFFFFFF</textcolor>
        <focusedcolor>green</focusedcolor>
        <label>$INFO[Container(1990).ListItem.Director]</label>
      </control>
  </control>
   <!-------------------------------------GENRES ET SAGAS------------------------------------------------------------------------->
  <control type="group" id="5000">
    <animation effect="fade" start="0" end="100" time="300" >Visible</animation>
    <animation effect="fade" start="100" end="0" time="300" >Hidden</animation>

    <posx>60</posx>
    <posy>612</posy>
    <width>1250</width>
    <height>380</height>

    <control type="group">
      <posx>10</posx>
      <posy>176</posy>
      <visible>[[Integer.IsGreater(Container(5001).NumItems,0)+!String.IsEmpty(Window(10000).Property(showgenre))]|[Integer.IsGreater(Container(1999).NumItems,0)+!String.IsEmpty(Window(10000).Property(showsaga))]]</visible>
       <control type="image">
        <posx>-70</posx>
        <width>1380</width>
        <height>130</height>
        <texture>frames/submenubar.png</texture>
        <colordiffuse>BackgroundColor</colordiffuse>
      </control>
      <control type="image">
        <posx>-75</posx>
        <posy>76</posy>
        <width>1375</width>
        <height>68</height>
        <bordersize>8</bordersize>
        <bordertexture border="8" colordiffuse="FF707070">landscape.png</bordertexture>
        <colordiffuse>BackgroundColor</colordiffuse>
        <texture>frames/fondinfogris.png</texture>
      </control>


      <control type="label">
        <posy>110</posy>
        <width>1230</width>
        <height>30</height>
        <textcolor>white</textcolor>
        <align>right</align>
        <font>lcdn24</font>
        <label>$LOCALIZE[32002]</label>
        <visible>!String.IsEmpty(Window(10000).Property(showgenre))+!Control.HasFocus(5001)</visible>
      </control>
      <control type="label">
        <posy>110</posy>
        <width>1230</width>
        <height>30</height>
        <textcolor>white</textcolor>
        <align>right</align>
        <font>lcdn24</font>
        <label>$LOCALIZE[31909]</label>
        <visible>!String.IsEmpty(Window(10000).Property(showsaga))+!Control.HasFocus(1999)</visible>
      </control>
      <control type="group">
        <visible>!String.IsEmpty(Window(10000).Property(showgenre))+Control.HasFocus(5001)</visible>
        <control type="label">
          <posy>110</posy>
          <width>1230</width>
          <height>30</height>
          <textcolor>white</textcolor>
          <align>right</align>
          <font>lcdn24</font>
          <label>$LOCALIZE[32002] [I]($INFO[Container(5001).CurrentItem]/$INFO[Container(5001).NumItems])[/I]</label>
        </control>
        <control type="fadelabel">
          <posy>80</posy>
          <width>1230</width>
          <height>60</height>
          <align>center</align>
          <textcolor>yellow</textcolor>
          <font>chicken36</font>
          <scrollspeed>30</scrollspeed>
          <scroll>true</scroll>
          <label>[I][B]$INFO[Container(5001).ListItem.Label][/B][/I]</label>
          <shadowcolor>ff000000</shadowcolor>
        </control>
      </control>
      <control type="group">
        <visible>!String.IsEmpty(Window(10000).Property(showsaga))+Control.HasFocus(1999)</visible>
        <control type="label">
          <posy>110</posy>
          <width>1230</width>
          <height>30</height>
          <textcolor>white</textcolor>
          <align>right</align>
          <font>lcdn24</font>
          <label>[I]($INFO[Container(1999).CurrentItem]/$INFO[Container(1999).NumItems])[/I]</label>
        </control>
        <control type="fadelabel">
          <posy>80</posy>
          <width>1230</width>
          <height>60</height>
          <align>center</align>
          <textcolor>yellow</textcolor>
          <font>chicken36</font>
          <scrollspeed>30</scrollspeed>
          <scroll>true</scroll>
          <label>[I][B]$INFO[Container(1999).ListItem.Label][/B][/I] $INFO[Container(1999).ListItem.Year,(,)]</label>
          <shadowcolor>ff000000</shadowcolor>
        </control>
      </control>
    </control>


    <!-- GENRES -->
    <control type="fixedlist" id="5001">
      <animation effect="fade" start="100" end="0" time="0" condition="String.IsEmpty(Window(10000).Property(showgenre)) + !Control.HasFocus(5001)">Conditional</animation>

     <!--  <visible>!String.IsEmpty(ListItem.Genre)+!String.IsEmpty(Window(10000).Property(showgenre))</visible> -->
      <posy>-10</posy>
      <posx>25</posx>
      <width>1200</width>
      <height>266</height>
      <onclick>ClearProperty(IconmixFlagPanelEpisode,Home)</onclick>
      <onclick>Dialog.Close(all,true)</onclick>
      <onclick condition="String.Contains(ListItem.DbType,movie)">ActivateWindow(Videos,videodb://movies/genres/$INFO[ListItem.Label2],return)</onclick>
      <onclick condition="String.Contains(ListItem.DbType,tvshow)">ActivateWindow(Videos,videodb://tvshows/genres/$INFO[ListItem.Label2],return)</onclick>

      <ondown>7003</ondown>
      <onup>7777</onup>
      <onback>7003</onback>
      <movement>5</movement>
      <orientation>horizontal</orientation>
      <preloaditems>0</preloaditems>

      <itemlayout width="203" height="280" >
        <control type="group">
          <control type="image">
            <width>195</width>
            <height>240</height>
            <aspectratio scalediffuse="true"  align="center" aligny="center">keep</aspectratio>
            <bordersize>2</bordersize>
            <texture diffuse="showcase_matte.png">$INFO[ListItem.Icon]</texture>
          </control>
          <control type="label">
            <top>200</top>
            <left>25</left>
            <width>145</width>
            <font>lcdep</font>
            <align>center</align>
            <label>$INFO[ListItem.Label]</label>
            <visible>String.Contains(ListItem.Icon,vignette)</visible>
          </control>
          <control type="image">
            <top>237</top>
            <width>195</width>
            <height>240</height>
            <aspectratio scalediffuse="true"  align="center" flipy="true" aligny="top">keep</aspectratio>
            <bordersize>2</bordersize>
            <texture fallback="frames/iconvignette.png" flipy="true" diffuse="showcase_matte.png">$INFO[ListItem.Icon]</texture>
            <colordiffuse>A0FFFFFF</colordiffuse>
          </control>


        </control>

      </itemlayout>

      <focusedlayout width="203" height="280">
        <control type="group">
          <animation type="Focus" reversible="false">
            <effect type="zoom" center="90,10" start="98" end="115" time="500" tween="bounce" easy="out"  />
          </animation>
          <visible>Control.HasFocus(5001)</visible>
          <control type="image">
            <width>195</width>
            <height>240</height>
            <aspectratio scalediffuse="true" align="center" aligny="top">keep</aspectratio>
            <texture fallback="frames/iconvignette.png">$INFO[ListItem.Icon]</texture>
            <bordersize>8</bordersize>
            <bordertexture border="8">landscape.png</bordertexture>

          </control>
          <control type="label">
            <top>200</top>
            <left>25</left>
            <width>145</width>
            <font>lcdep</font>
            <align>center</align>
            <label>$INFO[ListItem.Label]</label>
            <visible>String.Contains(ListItem.Icon,vignette)</visible>
          </control>
        </control>
        <control type="group">
        <!-- <visible>!Control.HasFocus(5001)+!String.IsEmpty(ListItem.Icon)</visible> -->
        <visible>!Control.HasFocus(5001)</visible>
        <control type="image">
          <width>195</width>
          <height>240</height>
          <aspectratio scalediffuse="true"  align="center" aligny="top">keep</aspectratio>
          <bordersize>2</bordersize>
          <texture fallback="frames/iconvignette.png" diffuse="showcase_matte.png">$INFO[ListItem.Icon]</texture>
        </control>
        <control type="image">
          <top>237</top>
          <width>195</width>
          <height>240</height>
          <aspectratio scalediffuse="true"  align="center" flipy="true" aligny="top">keep</aspectratio>
          <bordersize>2</bordersize>
          <texture fallback="frames/iconvignette.png" flipy="true" diffuse="showcase_matte.png">$INFO[ListItem.Icon]</texture>
          <colordiffuse>A0FFFFFF</colordiffuse>
        </control>
        <control type="label">
          <top>200</top>
          <left>25</left>
          <width>145</width>
          <font>lcdep</font>
          <align>center</align>
          <label>$INFO[ListItem.Label]</label>
          <visible>String.Contains(ListItem.Icon,vignette)</visible>
        </control>
      </control>

    </focusedlayout>
  <content></content>
  <!-- <content>$VAR[genredialogvideoinfo]</content> -->
  <!-- <content>plugin://script.iconmixtools/?action=getgenrelist&id=$INFO[Window(10000).Property(id1990)]&genretype=$INFO[Window(10000).Property(genretype1990)]</content> -->


</control>

<!-- SAGAS -->
<control type="fixedlist" id="1999">
  <visible>Integer.IsGreater(Container(1999).NumItems,0)+!String.IsEmpty(Window(10000).Property(showsaga))</visible>
  <posy>30</posy>
  <posx>45</posx>
  <width>1200</width>
  <height>266</height>
  <onclick>ClearProperty(IconmixFlagPanelEpisode,Home)</onclick>
  <onclick>Dialog.Close(all,true)</onclick>
  <onclick>ActivateWindow(Videos,videodb://movies/sets/$INFO[ListItem.SetId]/?setid=$INFO[ListItem.SetId],return)</onclick>



  <ondown>7003</ondown>
  <onup>7777</onup>
  <onback>7003</onback>
  <movement>5</movement>
  <orientation>horizontal</orientation>
  <preloaditems>0</preloaditems>


  <include>VueElementsBoitiersInfo</include>
  <content sortby="year" sortorder="ascending"></content>

</control>


</control>

  
 <!--------------------------------------------------------------------------------------------------------------->

<!-- Year and Duration -->
<control type="image">
  <posx>1290</posx>
  <posy>23</posy>
  <align>center</align>
  <width>75</width>
  <height>75</height>
  <texture>flags/notation/pnote$INFO[Container(1990).ListItem.UserRating].png</texture>
  <aspectratio>keep</aspectratio>
  <visible>!String.IsEmpty(Container(1990).ListItem.UserRating)</visible>
</control>
<control type="image">
  <posx>1180</posx>
  <posy>28</posy>
  <visible>!String.IsEmpty(Window(Home).Property(ItemCountry1))+String.IsEmpty(Window(Home).Property(ItemCountry2))</visible>
  <width>100</width>
  <height>65</height>
  <texture background="true"  >$VAR[flagpath]$INFO[Window(Home).Property(ItemCountry1)]$VAR[flagpathext]</texture>
  <aspectratio aligny="center">scale</aspectratio>
</control>
<control type="label">
  <posx>980</posx>
  <posy>90</posy>
  <width>500</width>
  <align>center</align>
  <label>$INFO[Window(Home).Property(ItemCountry1)]</label>
  <visible>!String.IsEmpty(Window(Home).Property(ItemCountry1))+String.IsEmpty(Window(Home).Property(ItemCountry2))</visible>
</control>

<control type="group">
  <visible>!String.IsEmpty(Window(Home).Property(ItemCountry1))+!String.IsEmpty(Window(Home).Property(ItemCountry2))</visible>
  <posx>1180</posx>
  <posy>28</posy>
  <control type="image">
    <width>50</width>
    <height>32</height>
    <texture background="true"  >$VAR[flagpath]$INFO[Window(Home).Property(ItemCountry1)]$VAR[flagpathext]</texture>
    <aspectratio aligny="center">scale</aspectratio>
  </control>
  <control type="image">
    <top>40</top>
    <width>50</width>
    <height>32</height>
    <texture background="true"  >$VAR[flagpath]$INFO[Window(Home).Property(ItemCountry2)]$VAR[flagpathext]</texture>
    <aspectratio aligny="center">scale</aspectratio>
  </control>
  <control type="image">
    <width>50</width>
    <left>55</left>
    <height>32</height>
    <texture background="true"  >$VAR[flagpath]$INFO[Window(Home).Property(ItemCountry3)]$VAR[flagpathext]</texture>
    <aspectratio aligny="center">scale</aspectratio>
  </control>
  <control type="image">
    <top>40</top>
    <left>55</left>
    <width>50</width>
    <height>32</height>
    <texture background="true"  >$VAR[flagpath]$INFO[Window(Home).Property(ItemCountry4)]$VAR[flagpathext]</texture>
    <aspectratio aligny="center">scale</aspectratio>
  </control>

</control>


</control>


<!-- poster et fanart-->
<control type="group">
  <posx>35</posx>
  <posy>115</posy>
  <control type="group">

    <!-- Default Poster Image -->
    <control type="image" id="2000">
      <width>360</width>
      <height>500</height>
    <!-- <texture background="true" fallback="DefaultThumb.png">$VAR[PosterThumb1990]</texture> -->
    <aspectratio align="center" aligny="center">keep</aspectratio>
    <bordersize>10</bordersize>
    <bordertexture border="8" colordiffuse="FFFFFFFF">landscapeinfo.png</bordertexture>
    <aspectratio scalediffuse="true" align="center" aligny="center">keep</aspectratio>
    <animation effect="zoom" center="auto" start="40" end="100" time="400" tween="cubic" easing="inout">WindowOpen</animation>
    <animation effect="fade" start="0" end="0" time="0">WindowClose</animation>
  </control>

  <!-- Frame for poster (for Music Videos) -->
  <control type="image">
    <posx>-18</posx>
    <posy>-13</posy>
    <width>309</width>
    <height>309</height>
    <texture>frames/ClassicFrame_Poster.png</texture>
    <aspectratio scalediffuse="false">stretch</aspectratio>
    <animation effect="zoom" center="auto" start="40" end="100" time="400" tween="cubic" easing="inout">WindowOpen</animation>
    <animation effect="fade" start="0" end="0" time="0">WindowClose</animation>
    <visible>String.Contains(Container(1990).ListItem.DBTYPE,musicvideo)</visible>
  </control>
</control>


</control>




<control type="group">
  <posy>980</posy>
  <posx>15</posx>
  <width>1750</width>
  <animation type="Conditional" condition="true" reversible="true">
    <effect type="zoom" center="890,1020" start="100" end="80" time="10" />
  </animation>
    <include content="MediaInfoGroupUp">
      <param name="contid">Container(1990).</param>
    </include>

</control>
</control>


<control type="image">
  <posx>0</posx>
  <posy>0</posy>
  <width>1920</width>
  <height>1080</height>
  <texture>$VAR[GlobalFanartActeur]</texture>
  <visible>[Control.HasFocus(7778)|Control.HasFocus(7779)]+[!Player.HasVideo|[Player.HasVideo+!Skin.HasSetting(PlayVideoOverlay)]]</visible>
</control>
<include>PanelActeurs</include>
<include>DialogVideoInfoRealisateur</include>

<control type="list" id="1990">
  <posx>-2000</posx>
  <posy>-2000</posy>
  <onback>Action(Close)</onback>
  <onback condition="String.IsEqual(Window(home).Property(IconmixShowInfo),56)">SetFocus(55)</onback>
  <itemlayout>

  </itemlayout>
  <focusedlayout>

  </focusedlayout>
</control>
<control type="button" id="9999">
  <label></label>
  <onup>7003</onup>
  <ondown>7003</ondown>
  <onleft>7003</onleft>
  <onright>7003</onright>
  <onclick>7003</onclick>
</control>
<control type="image">
        	<animation type="Visible">
			<effect type="fade" time="100" start="0" end="80" />
		</animation>
       <posx>0</posx>
       <posy>0</posy>
       <width>1920</width>
       <height>1080</height>
       <texture>frames/eau.png</texture>
     <visible>Player.HasVideo+String.IsEqual(Window(Home).Property(annonceencours),window)</visible> 
      </control>
</controls>

</window>
