<?xml version='1.0' encoding='UTF-8'?>
<shortcuts>
	<shortcut>
		<label>31438</label>
		<label2>32018</label2>
		<icon>defaultrecentlyaddedmusicvideos.png</icon>
		<action>ActivateWindow(Videos,videodb://recentlyaddedmusicvideos/,Return)</action>
	</shortcut>
	<shortcut>
		<label>135</label>
		<label2>32018</label2>
		<icon>defaultmusicgenres.png</icon>
		<action>ActivateWindow(Videos,videodb://musicvideos/genres/,return)</action>
	</shortcut>
	<shortcut>
		<label>652</label>
		<label2>32018</label2>
		<icon>defaultmusicyears.png</icon>
		<action>ActivateWindow(Videos,videodb://musicvideos/years/,return)</action>
	</shortcut>
	<shortcut>
		<label>133</label>
		<label2>32018</label2>
		<icon>defaultmusicartists.png</icon>
		<action>ActivateWindow(Videos,videodb://musicvideos/artists/,return)</action>
	</shortcut>
	<shortcut>
		<label>132</label>
		<label2>32018</label2>
		<icon>defaultmusicalbums.png</icon>
		<action>ActivateWindow(Videos,videodb://musicvideos/albums/,return)</action>
	</shortcut>
	<shortcut>
		<label>134</label>
		<label2>32018</label2>
		<icon>defaultmusicsongs.png</icon>
		<action>ActivateWindow(Videos,videodb://musicvideos/titles/,Return)</action>
	</shortcut>
	<shortcut>
		<label>31289</label>
		<label2>32018</label2>
		<icon>defaultfolder.png</icon>
		<action>ActivateWindow(Videos,videodb://musicvideos/files/,return)</action>
	</shortcut>
	<shortcut>
		<label>31465</label>
		<label2>32034</label2>
		<icon>defaultshortcut.png</icon>
		<action>CleanLibrary(video)</action>
	</shortcut>
	<shortcut>
		<label>653</label>
		<label2>32034</label2>
		<icon>defaultshortcut.png</icon>
		<action>UpdateLibrary(video)</action>
	</shortcut>
</shortcuts>
