<?xml version="1.0" encoding="UTF-8"?>
 <!-- ------------------------------------OSD---------------------------------------------------------- -->
 <includes>
  <!-- Onscreen Displays -->
  <include name="ProgressBulle">
  <control type="button" id="2222">
    <left>-500</left>
    <width>100</width>
        <align>center</align>
        <height>35</height>
        <textoffsetx>3</textoffsetx>
        <textoffsety>2</textoffsety>
        <!--<label>$INFO[Player.Time]</label>-->
        <label></label>
        <font>led18</font>
        <textcolor>yellow</textcolor>
        <texturenofocus>osd/osd_progress_script.png</texturenofocus>
        <visible>Skin.HasSetting(NouveauProgress)</visible>

      </control>
  
    <control type="group" id="2223">
    <left>-2000</left>
  <width>125</width>
      <height>35</height>
   
    <control type="button" >
        <align>center</align>
        <aligny>center</aligny>
        <height>35</height>
        <textoffsetx>5</textoffsetx>
        <label>$INFO[Player.Duration]</label>
        <font>comic24</font>
        <texturenofocus>osd/osd_progress_script.png</texturenofocus>

      </control>
    </control>
</include>
<!-- -------------------------------OSD --------------------------------------------------------------- -->
<include name="OSD_Progress_Bar">
  <control type="group">
    <include>Animation_CommonFade</include>
    <include>Animation_FadedByOSDSettings</include>
    <control type="image">
      <posx>0</posx>
      <posy>545</posy>
      <width>1920</width>
      <height>135</height>
      <texture>osd/OSDdialogback.png</texture>
      <colordiffuse>OSDBackgroundColor</colordiffuse>
    </control>
    <control type="progress" id="23">
      <description>Progressbar</description>
      <posx>30</posx>
      <posy>565</posy>
      <width>1850</width>
      <height>35</height>
      <info>Player.Progress</info>
      <reveal>true</reveal>
      <texturebg>osd/osd_progress_back.png</texturebg>
      <lefttexture>osd/osd_progress_left4.png</lefttexture>
      <midtexture>osd/osd_progress_mid4.png</midtexture>
      <righttexture>osd/osd_progress_right4.png</righttexture>
    <overlaytexture></overlaytexture>
    </control>
    <control type="slider" id="87">
      <description>Seek Slider</description>
      <posx>30</posx>
      <posy>572</posy>
      <width>1850</width>
      <height>18</height>
      <action>seek</action>
      <visible>![Window.IsVisible(SliderDialog)]</visible>
    </control>
    <include>OSD_PLayer_Plot</include>

  </control>

</include>
<!-- ---------------------------------------------------------------------------------------------- -->
<include name="OSD_Progress_Bar2">
  <control type="group">

    <posy>300</posy>
     <include>Animation_CommonFade</include>
    
    <include>Animation_FadedByOSDSettings</include>
    <control type="image">
      <posx>0</posx>
      <posy>545</posy>
      <width>1920</width>
      <height>250</height>
      <texture>osd/OSDdialogback.png</texture>
      <colordiffuse>OSDBackgroundColor</colordiffuse>
    </control>
    <!-- Title -->
    <control type="fadelabel">
      <posx>300</posx>
      <posy>550</posy>
      <width>950</width>
      <height>40</height>
      <font>debutfin</font>
      <textcolor>TitleText</textcolor>
      <align>center</align>
      <aligny>center</aligny>
      <scrollout>false</scrollout>
      <pauseatend>3800</pauseatend>
      <scrollspeed>40</scrollspeed>
      <scroll>true</scroll>
      <label>$VAR[VideoPlayerTitle]</label>
      <animation effect="slide" end="0,25" condition="[!VideoPlayer.Content(MusicVideos) + String.IsEmpty(VideoPlayer.Tagline) + !Integer.IsGreater(Player.ChapterCount,1)] | [VideoPlayer.Content(MusicVideos) + String.IsEmpty(VideoPlayer.Artist) + String.IsEmpty(VideoPlayer.Album)]">Conditional</animation>
    </control>
    <control type="group">
      <posy>10</posy>
      <!-- Current position / Total Time -->
      <control type="grouplist">
        <posx>270</posx>
        <posy>623</posy>
        <width>1000</width>
        <height>40</height>
        <orientation>horizontal</orientation>
        <align>center</align>
        <itemgap>40</itemgap>
      <!---->
      <control type="button"> 
        <width>235</width>       
        <font>impact35</font>
        <texturenofocus>osd/osd_progress_script.png</texturenofocus>
        <textcolor>yellow</textcolor>        
        <label>$LOCALIZE[31483]:$VAR[PlayerTime]</label>
        <visible>!Skin.HasSetting(NouveauProgress)</visible>
      </control>
      
      <control type="button"> 
        <width>220</width>       
        <font>impact35</font>
        <texturenofocus>osd/osd_progress_script.png</texturenofocus>
        <textcolor>TextNF</textcolor>
        <label>$LOCALIZE[180]:$VAR[PlayerDuration]</label>
      </control>
      <control type="button"> 
        <width>210</width>       
        <font>impact35</font>
        <texturenofocus>osd/osd_progress_script.png</texturenofocus>
        <textcolor>yellow</textcolor>
        <label>$LOCALIZE[31484]:$VAR[PlayerTimeRemaining]</label>
      </control>
      <control type="button"> 
        <width>180</width>       
        <font>impact35</font>
        <texturenofocus>osd/osd_progress_script.png</texturenofocus>
        <textcolor>ddc890FF</textcolor>
        <label>$LOCALIZE[31409]:$VAR[PlayerFinishTime]</label>
      </control>
      
      </control>
      <control type="progress" id="23">
        <description>Progressbar</description>
        <posx>295</posx>
        <posy>670</posy>
        <width>960</width>
        <height>30</height>
        <info>Player.Progress</info>
        <reveal>true</reveal>
        
      <texturebg>osd/osd_progress_back.png</texturebg>
      <lefttexture>osd/osd_progress_left4.png</lefttexture>
      <midtexture>osd/osd_progress_mid4.png</midtexture>
      <visible>Skin.HasSetting(NouveauProgress)</visible>
    <overlaytexture></overlaytexture>
    
      </control>
         <control type="progress" id="23">
        <description>Progressbar</description>
        <posx>295</posx>
        <posy>665</posy>
        <width>960</width>
        <height>30</height>
        <info>Player.Progress</info>
        <reveal>true</reveal>
        
      <texturebg>osd/osd_progress_back.png</texturebg>
      <lefttexture>osd/osd_progress_left4.png</lefttexture>
      <midtexture>osd/osd_progress_mid4.png</midtexture>
      <righttexture>osd/osd_progress_right4.png</righttexture>
      <visible>!Skin.HasSetting(NouveauProgress)</visible>
    <overlaytexture></overlaytexture>
    
      </control>
      <include>ProgressBulle</include>
      
      <!-- Finish Time -->
      <!-- Chapter Info, Movie Tagline, or Music Video Artist/Album -->
      <control type="fadelabel">
        <posx>300</posx>
        <posy>593</posy>
        <width>950</width>
        <height>30</height>
        <font>debutfin</font>
        <textcolor>White</textcolor>
        <align>center</align>
        <aligny>center</aligny>
        <scroll>true</scroll>
        <scrollout>false</scrollout>
        <pauseatend>3800</pauseatend>
        <scrollspeed>40</scrollspeed>
        <label>$VAR[VideoPlayerTitle2]</label>
      </control>
    </control>
    <control type="group">
      <visible>!String.Contains(Player.FolderPath,http)</visible>
    
    <control type="image">
      <posx>1550</posx>
      <posy>370</posy>
      <width>300</width>
      <height>183</height>
      <texture background="true">$VAR[OSDClearart]</texture>
      <fadetime>200</fadetime>
      <aspectratio aligny="center">keep</aspectratio>
      	<animation type="Conditional" condition="!Skin.HasSetting(ShowVideoPlotFullscreen) | String.IsEmpty(VideoPlayer.Plot)">
       <effect type="slide"  start="0,0" end="0,195" time="800" delay="1" reversible="false"/>
     </animation>
    
    </control>
    <!-- Movie Poster -->
    <control type="group">
      <visible>VideoPlayer.Content(Movies)|VideoPlayer.Content(episodes)</visible>

      <posx>19</posx>
      <posy>327</posy>
      <control type="image">
        <posx>21</posx>
        <posy>26</posy>
        <width>204</width>
        <height>300</height>
        <texture background="true">$VAR[videoplayerposter]</texture>
        <bordersize>20</bordersize>
							<bordertexture border="20" colordiffuse="FFFFFFFF">frames/Menu_Glass2b.png</bordertexture>
          <aspectratio scalediffuse="true">stretch</aspectratio>
      </control>
      <!--
      <control type="image">
        <description>Movie Poster Frame</description>
        <width>253</width>
        <height>346</height>
        <texture>frames/ClassicFrame_PosterSmall.png</texture>
      </control>
      -->

    </control>
    <!-- Music Video Thumbnail -->
    <control type="image">
      <description>Music Video Thumbnail</description>
      <posx>25</posx>
      <posy>564</posy>
      <width>250</width>
      <height>140</height>
      <aspectratio align="right" aligny="center">keep</aspectratio>
      <bordertexture border="6">frames/thumb_border.png</bordertexture>
      <bordersize>6</bordersize>
      <texture diffuse="frames/EpisodeMatte.png">$INFO[VideoPlayer.Cover]</texture>
      <visible>VideoPlayer.Content(MusicVideos) + !String.Contains(VideoPlayer.Cover,default)</visible>
    </control>
    <!-- LiveTV Channel Icon -->
    <control type="image">
      <description>LiveTV Channel</description>
      <posx>70</posx>
      <posy>560</posy>
      <width>150</width>
      <height>150</height>
      <aspectratio aligny="bottom">keep</aspectratio>
      <info>VideoPlayer.Cover</info>
      <visible>VideoPlayer.Content(LiveTV)</visible>
    </control>
  </control>
  <control type="group">
    <visible>String.Contains(Player.FolderPath,http)</visible>
    <!-- Default Thumbnail -->
    <control type="image">
      <description>Default Thumbnail</description>
      <posx>25</posx>
      <posy>564</posy>
      <width>250</width>
      <height>140</height>
      <aspectratio align="right" aligny="center">keep</aspectratio>
      <bordertexture border="6">frames/thumb_border.png</bordertexture>
      <bordersize>6</bordersize>
      <texture diffuse="frames/EpisodeMatte.png">$INFO[VideoPlayer.Cover]</texture>
      <visible>!String.Contains(VideoPlayer.Cover,default)</visible>
    </control>
  </control>
  <include>OSD_PLayer_Plot</include>
</control>
</include>
<!-- ---------------------------------------------------------------------------------------------- -->
<include name="OSD_SeekBar">

  <control type="group">
    <include>Animation_CommonFade</include>
    <posy>800</posy>
    <include>Animation_FadedByOSDSettings</include>
     <control type="image">
      <posx>0</posx>
      <posy>00</posy>
      <width>1920</width>
      <height>80</height>
      <texture>osd/OSDdialogback.png</texture>
      <colordiffuse>OSDBackgroundColor</colordiffuse>
    </control>
    
    <control type="progress" id="23">
      <top>36</top>
      <width>1320</width>
      <left>240</left>
      <height>40</height>
      <info>Player.Progress</info>
      <reveal>true</reveal>
      <texturebg>osd/osd_progress_back.png</texturebg>
      <lefttexture>osd/osd_progress_left4.png</lefttexture>
      <midtexture>osd/osd_progress_mid4.png</midtexture>
      <righttexture>osd/osd_progress_right4.png</righttexture>
      <visible>!Skin.HasSetting(NouveauProgress)</visible>
    <overlaytexture></overlaytexture>
    </control>
    <control type="progress" id="23">
      <top>41</top>
      <width>1320</width>
      <left>240</left>
      <height>40</height>
      <info>Player.Progress</info>
      <reveal>true</reveal>
      <texturebg>osd/osd_progress_back.png</texturebg>
      <lefttexture>osd/osd_progress_left4.png</lefttexture>
      <midtexture>osd/osd_progress_mid4.png</midtexture>
      <visible>Skin.HasSetting(NouveauProgress)</visible>
    <overlaytexture></overlaytexture>
    </control>
    <include>ProgressBulle</include>
     
      
      <!-- Current position / Total Time -->
    <control type="button">
      <left>85</left>
      <posy>33</posy>
      <height>40</height>
      <width>150</width>
      <texturenofocus>osd/osd_progress_script.png</texturenofocus>
      <font>impact35</font>
      <label>$VAR[PlayerTime]</label>
      <visible>!Skin.HasSetting(NouveauProgress)</visible>
    </control>
   
     
     <control type="button">
      <height>40</height>
      <width>280</width>
      <left>1565</left>
      <posy>33</posy>
      <texturenofocus>osd/osd_progress_script.png</texturenofocus>
      <font>impact35</font>
      <label>$VAR[PlayerDuration][COLOR=yellow]   [LIGHT] ($LOCALIZE[31409]:$VAR[PlayerFinishTime])[/COLOR][/LIGHT]</label>
      <visible>!Skin.HasSetting(NouveauProgress)</visible>
    </control>
    <control type="button">
      <height>73</height>
      <width>150</width>
      <left>1625</left>
      <posy>3</posy>
      <texturenofocus>osd/osd_progress_script.png</texturenofocus>
      <font>impact35</font>
      <label>$VAR[PlayerDuration][CR][COLOR=yellow][LIGHT] ($LOCALIZE[31409]:$VAR[PlayerFinishTime])[/COLOR][/LIGHT]</label>
      <visible>Skin.HasSetting(NouveauProgress)</visible>
    </control>

    
             
<control type="group">
      <left>300</left>
      <width>1320</width>
   
    
     <control type="label">
      <posy>3</posy>
      <height>40</height>
      <font>debutfin</font>
      <textcolor>white</textcolor>
      <align>center</align>
      <aligny>center</aligny>
      <shadowcolor>FF000000</shadowcolor>
      
      <label>$VAR[VideoPlayerTitle]</label>
     
    </control>
    <!-- Finish Time -->
   
   </control>
   <control type="image">
      <posx>1600</posx>
      <posy>-185</posy>
      <width>300</width>
      <height>183</height>
      <texture background="true">$VAR[OSDClearart]</texture>
      <fadetime>200</fadetime>
      <aspectratio aligny="center">keep</aspectratio>

    </control>
    <!-- <include>OSD_PLayer_Plot</include> -->
  </control>

</include>
<!-- ---------------------------------------------------------------------------------------------- -->
<include name="OSD_Player_Labels">
  <posx>0</posx>

  <width>1920</width>

  <height>1080</height>
  <font>OsdD</font>
  <textcolor>white</textcolor>
  <align>center</align>
  <aligny>center</aligny>
  <include>Animation_FadedByOSDSettings</include>
</include>
<!-- ---------------------------------------------------------------------------------------------- -->
<include name="OSD_Player_Labels_Left">
  <posx>25</posx>
  <posy>12</posy>
  <width>450</width>
  <height>40</height>
  <font>METF_OSDPlayerStatus</font>
  <textcolor>OSDPlayerStatusText</textcolor>
  <shadowcolor>ff000000</shadowcolor>
  <align>left</align>
  <aligny>center</aligny>
  <include>Animation_CommonFade</include>
  <include>Animation_FadedByOSDSettings</include>
</include>

<!-- ---------------------------------------------------------------------------------------------- -->
<include name="OSD_PLayer_Plot">
  <control type="group">
    <posx>1300</posx>
    <posy>560</posy>
    <visible>Window.IsActive(FullscreenInfo) | [Player.HasMedia + !Skin.HasSetting(Slim_Seekbar)]</visible>
    <!-- Plot -->
    <control type="textbox">
      <width>600</width>
      <height>200</height>
      <align>left</align>
      <font>METF_PlotTextMedium</font>
      <textcolor>TextNF</textcolor>
      <label>[I]$INFO[VideoPlayer.Plot][/I]</label>
      <include condition="!Skin.HasSetting(AutoScrollFast)">AutoScrollShort</include>
      <include condition="Skin.HasSetting(AutoScrollFast)">AutoScrollShortFast</include>
      <visible>Skin.HasSetting(ShowVideoPlotFullscreen) + !String.IsEmpty(VideoPlayer.Plot)</visible>
    </control>
  </control>
</include>
<!-- ---------------------------------------------------------------------------------------------- -->
<include name="OSD_Player_Time">
  <control type="label" id="0">

    <label></label>

  </control>

</include>

<!-- ---------------------------------------------------------------------------------------------- -->
<include name="OsdHorloge">
  <control type="group">
    <posx>1950</posx>
      <posy>14</posy>
    <animation type="WindowOpen" reversible="false">
      <effect type="slide" end="-450" tween="back" easy="out"  time="800" delay="1000" />
    </animation>
    <animation type="WindowClose" reversible="false">
      <effect type="slide" start="-450" end="0" tween="back" easy="in"  time="800" delay="100" />
    </animation>

    <control type="image">
        <left>46</left>
        <width>320</width>
        <height>150</height>
        <texture background="true" diffuse="showcase_matte.png">frames/ClassicFrame_background.png</texture>
        <colordiffuse>C0202020</colordiffuse>
      </control>
      <control type="image">
        <left>46</left>
        <width>320</width>
        <height>150</height>
        <texture border="10">landscape.png</texture>
      </control>
    <control type="group">
      <include>Global_Time</include>
      <include>Global_Weather</include>
    </control>

  </control>
</include>

<variable name="ChapitreEnCours">
  <value condition="Integer.IsGreater(Player.Chapter,0)">$INFO[Player.Chapter,$LOCALIZE[21396]: ]$INFO[Player.ChapterCount, / ]</value>
  <value></value>
</variable>

<!-- ---------------------------------------------------------------------------------------------- -->
<include name="OSD_Player_Details">
  <control type="group">
    <posy>-100</posy>
    <include>Animation_CommonFade</include>
    <include>Animation_FadedByOSDSettings</include>
    <animation effect="zoom" center="960,540" start="85" end="105" time="1500" pulse="true" condition="Player.Paused" reversible="false">Conditional</animation>

    <control type="label">
      <include>OSD_Player_Labels</include>
      <label>[UPPERCASE]$LOCALIZE[112][/UPPERCASE]</label>
      <visible>Player.Paused</visible>
    </control>
    <control type="label">
      <include>OSD_Player_Labels</include>
      <label>[UPPERCASE]$LOCALIZE[31159][/UPPERCASE]</label>
      <visible>Player.Forwarding2x</visible>
    </control>
    <control type="label">
      <include>OSD_Player_Labels</include>
      <label>[UPPERCASE]$LOCALIZE[31160][/UPPERCASE]</label>
      <visible>Player.Forwarding4x</visible>
    </control>
    <control type="label">
      <include>OSD_Player_Labels</include>
      <label>[UPPERCASE]$LOCALIZE[31161][/UPPERCASE]</label>
      <visible>Player.Forwarding8x</visible>
    </control>
    <control type="label">
      <include>OSD_Player_Labels</include>
      <label>[UPPERCASE]$LOCALIZE[31162][/UPPERCASE]</label>
      <visible>Player.Forwarding16x</visible>
    </control>
    <control type="label">
      <include>OSD_Player_Labels</include>
      <label>[UPPERCASE]$LOCALIZE[31163][/UPPERCASE]</label>
      <visible>Player.Forwarding32x</visible>
    </control>
    <control type="label">
      <include>OSD_Player_Labels</include>
      <label>[UPPERCASE]$LOCALIZE[31164][/UPPERCASE]</label>
      <visible>Player.Rewinding2x</visible>
    </control>
    <control type="label">
      <include>OSD_Player_Labels</include>
      <label>[UPPERCASE]$LOCALIZE[31165][/UPPERCASE]</label>
      <visible>Player.Rewinding4x</visible>
    </control>
    <control type="label">
      <include>OSD_Player_Labels</include>
      <label>[UPPERCASE]$LOCALIZE[31166][/UPPERCASE]</label>
      <visible>Player.Rewinding8x</visible>
    </control>
    <control type="label">
      <include>OSD_Player_Labels</include>
      <label>[UPPERCASE]$LOCALIZE[31167][/UPPERCASE]</label>
      <visible>Player.Rewinding16x</visible>
    </control>
    <control type="label">
      <include>OSD_Player_Labels</include>
      <label>[UPPERCASE]$LOCALIZE[31168][/UPPERCASE]</label>
      <visible>Player.Rewinding32x</visible>
    </control>

    <control type="label">
      <include>OSD_Player_Labels</include>
      <label>[UPPERCASE]$INFO[Player.SeekOffset][/UPPERCASE][CR][CR]$VAR[ChapitreEnCours]</label>
      <visible>!Player.Paused + Player.DisplayAfterSeek</visible>
    </control>

  </control>

</include>
<!-- OSD default -->
<!-- ---------------------------------------------------------------------------------------------- -->
<include name="OSDdiffuse">
  <colordiffuse>SubmenuTextFocused</colordiffuse>
</include>
<!-- ---------------------------------------------------------------------------------------------- -->
<include name="OSD_Player_Banner">
  <control type="group">
    <top>500</top>
    <posx>0</posx>
    <include>Animation_OpenCloseFade</include>
    <include>Animation_FadedByOSDSettings</include>

    <!-- Background Image -->
    <control type="image">
      <width>1920</width>
      <height>180</height>
      <texture>osd/OSDdialogback_top.png</texture>
      <colordiffuse>OSDBackgroundColor</colordiffuse>
    </control>

  </control>
</include>

</includes>