<?xml version="1.0" encoding="UTF-8"?>
<window id="12005">
	<controls>
	
		<control type="label" id="24">
			<description>buffering label</description>
			<posx>0</posx>
			<posy>350</posy>
			<label>$LOCALIZE[15107] $INFO[Player.CacheLevel]%</label>
			<width>1920</width>
			<align>center</align>
			<textcolor>FFFFFFFF</textcolor>
			<shadowcolor>FF000000</shadowcolor>
			<font>METF_FontAMPM</font>
		</control>
	
		
		 
		<control type="button" id="1110">
		   <animation type="Conditional" condition="[Player.Playing+!String.IsEmpty(Window(Home).Property(annonceencours))]+Integer.IsGreater(Player.Time,1)">
			<effect type="slide" time="500" start="0" end="2000" easy="in"/>
		</animation>
		  <left>-1980</left>      
      <posy>1000</posy>
		  <height>60</height>
		  <width>60</width>  
    <label> </label>
    <visible>String.Contains(Player.Filenameandpath,googlevideo)</visible>
    <texturefocus colordiffuse="FFFFFFFF">bande/youtube.png</texturefocus>
    <texturenofocus colordiffuse="FFFFFFFF">bande/youtube.png</texturenofocus> -->
    
    <aspectratio>keep</aspectratio>
  </control>
  	<control type="button" id="1111">
  	   <animation type="Conditional" condition="[Player.Playing+!String.IsEmpty(Window(Home).Property(annonceencours))]+Integer.IsGreater(Player.Time,1)">
			<effect type="slide" time="500" start="0" end="2000" easy="in"/>
		</animation>
		  <left>-1980</left>      
      <posy>1000</posy>
		  <height>60</height>
		  <width>60</width>  
    <label> </label>
    <visible>String.Contains(Player.Filenameandpath,acsta.net)</visible>
    <texturefocus colordiffuse="FFFFFFFF">bande/allocine.png</texturefocus>
    <texturenofocus colordiffuse="FFFFFFFF">bande/allocine.png</texturenofocus> -->
    
    <aspectratio>keep</aspectratio>
  </control>
	  <control type="button" id="1112">
	     <animation type="Conditional" condition="[Player.Playing+!String.IsEmpty(Window(Home).Property(annonceencours))]+Integer.IsGreater(Player.Time,1)">
			<effect type="slide" time="500" start="0" end="2000" easy="in"/>
		</animation>
	    <left>-1920</left>      
      <posy>1000</posy>
	    <height>60</height>
		  <width>auto</width>      
      <label>[COLOR=yellow]$INFO[Playlist.Position,(,/]$INFO[Playlist.Length(),,) :][/COLOR]$VAR[VideoPlayerTitle]</label>
      <font>exptextacteurs</font>
      <textcolor>FF202020</textcolor>
      <shadowcolor>FF7F7F7F</shadowcolor>
			<textoffsetx>15</textoffsetx>
			<texturefocus colordiffuse="AFFFFFFF">bande/titre.png</texturefocus>
      <texturenofocus colordiffuse="AFFFFFFF">bande/titre.png</texturenofocus> -->
      <visible>!String.IsEmpty(Window(Home).Property(annonceencours))</visible>
		</control>


	
		
	</controls>
</window>
