<?xml version='1.0' encoding='UTF-8'?>
<shortcuts>
	<shortcut>
		<label>19019</label>
		<label2>32087</label2>
		<icon>defaultaudio.png</icon>
		<action>ActivateWindow(RadioChannels)</action>
	</shortcut>
	<shortcut>
		<label>22020</label>
		<label2>32087</label2>
		<icon>defaultaudio.png</icon>
		<action>ActivateWindow(RadioGuide)</action>
	</shortcut>
	<shortcut>
		<label>19163</label>
		<label2>32087</label2>
		<icon>defaultaudio.png</icon>
		<action>ActivateWindow(RadioRecordings)</action>
	</shortcut>
	<shortcut>
		<label>19040</label>
		<label2>32087</label2>
		<icon>defaultaudio.png</icon>
		<action>ActivateWindow(RadioTimers)</action>
	</shortcut>
	<shortcut>
		<label>137</label>
		<label2>32087</label2>
		<icon>defaultaudio.png</icon>
		<action>ActivateWindow(RadioSearch)</action>
	</shortcut>
</shortcuts>
