<?xml version='1.0' encoding='UTF-8'?>
<shortcuts>
	<shortcut>
		<label>31438</label>
		<label2>32014</label2>
		<icon>defaultrecentlyaddedmovies.png</icon>
		<action>ActivateWindow(Videos,videodb://recentlyaddedmovies/,return)</action>
	</shortcut>
	<shortcut>
		<label>135</label>
		<label2>342</label2>
		<icon>defaultgenre.png</icon>
		<action>ActivateWindow(Videos,videodb://movies/genres/,return)</action>
	</shortcut>
	<shortcut>
		<label>652</label>
		<label2>342</label2>
		<icon>defaultyears.png</icon>
		<action>ActivateWindow(Videos,videodb://movies/years/,return)</action>
	</shortcut>
	<shortcut>
		<label>344</label>
		<label2>342</label2>
		<icon>defaultactor.png</icon>
		<action>ActivateWindow(Videos,videodb://movies/actors/,return)</action>
	</shortcut>
	<shortcut>
		<label>20348</label>
		<label2>342</label2>
		<icon>defaultactor.png</icon>
		<action>ActivateWindow(Videos,videodb://movies/directors/,return)</action>
	</shortcut>
	<shortcut>
		<label>20434</label>
		<label2>342</label2>
		<icon>defaultsets.png</icon>
		<action>ActivateWindow(Videos,videodb://movies/sets/,return)</action>
	</shortcut>
	<shortcut>
		<label>20459</label>
		<label2>342</label2>
		<icon>defaultsets.png</icon>
		<action>ActivateWindow(Videos,videodb://movies/tags/,return)</action>
	</shortcut>
	<shortcut>
		<label>31289</label>
		<label2>32034</label2>
		<icon>defaultfolder.png</icon>
		<action>ActivateWindow(Videos,videodb://files/,return)</action>
	</shortcut>
	<shortcut>
		<label>31465</label>
		<label2>32034</label2>
		<icon>defaultshortcut.png</icon>
		<action>CleanLibrary(video)</action>
	</shortcut>
	<shortcut>
		<label>653</label>
		<label2>32034</label2>
		<icon>defaultshortcut.png</icon>
		<action>UpdateLibrary(video)</action>
	</shortcut>
</shortcuts>
