<?xml version='1.0' encoding='UTF-8'?>
<shortcuts>
	<shortcut>
		<label>31011</label>
		<label2>32034</label2>
		<icon>defaultshortcut.png</icon>
		<action>ActivateWindow(SkinSettings)</action>
	</shortcut>
	<shortcut>
		<label>13000</label>
		<label2>32034</label2>
		<icon>defaultshortcut.png</icon>
		<action>ActivateWindow(SystemSettings)</action>
	</shortcut>
	<shortcut>
		<label>31468</label>
		<label2>32034</label2>
		<icon>defaultshortcut.png</icon>
		<action>ActivateWindow(ServiceSettings)</action>
	</shortcut>
	<shortcut>
		<label>31469</label>
		<label2>32034</label2>
		<icon>defaultshortcut.png</icon>
		<action>ActivateWindow(AppearanceSettings)</action>
	</shortcut>
	<shortcut>
		<label>7</label>
		<label2>32034</label2>
		<icon>defaultfolder.png</icon>
		<action>ActivateWindow(FileManager)</action>
	</shortcut>
	<shortcut>
		<label>13200</label>
		<label2>32034</label2>
		<icon>unknownuser.png</icon>
		<action>ActivateWindow(Profiles)</action>
	</shortcut>
	<shortcut>
		<label>130</label>
		<label2>32034</label2>
		<icon>defaultshortcut.png</icon>
		<action>ActivateWindow(SystemInfo)</action>
	</shortcut>
	<shortcut>
		<label>14111</label>
		<label2>32034</label2>
		<icon>defaultshortcut.png</icon>
		<action>ActivateWindow(EventLog)</action>
	</shortcut>
</shortcuts>
