<?xml version='1.0' encoding='UTF-8'?>
<shortcuts>
	<shortcut>
		<label>31458</label>
		<label2>32054</label2>
		<icon>defaultshortcut.png</icon>
		<action>AlarmClock(ShutdownTimer,Shutdown())</action>
	</shortcut>
	<shortcut>
		<label>31459</label>
		<label2>32054</label2>
		<icon>defaultshortcut.png</icon>
		<action>CancelAlarm(ShutdownTimer)</action>
	</shortcut>
	<shortcut>
		<label>13011</label>
		<label2>32054</label2>
		<icon>defaultshortcut.png</icon>
		<action>Suspend()</action>
	</shortcut>
	<shortcut>
		<label>13010</label>
		<label2>32054</label2>
		<icon>defaultshortcut.png</icon>
		<action>Hibernate()</action>
	</shortcut>
	<shortcut>
		<label>13013</label>
		<label2>32054</label2>
		<icon>defaultshortcut.png</icon>
		<action>Reset()</action>
	</shortcut>
	<shortcut>
		<label>13005</label>
		<label2>32054</label2>
		<icon>defaultshortcut.png</icon>
		<action>PowerDown()</action>
		<visible>System.CanPowerDown</visible>
	</shortcut>
	<shortcut>
		<label>20126</label>
		<label2>32054</label2>
		<icon>defaultshortcut.png</icon>
		<action>System.LogOff</action>
	</shortcut>
	<shortcut>
		<label>20183</label>
		<label2>32054</label2>
		<icon>defaultshortcut.png</icon>
		<action>ReloadSkin()</action>
	</shortcut>
	<shortcut>
		<label>13012</label>
		<label2>32054</label2>
		<icon>defaultshortcut.png</icon>
		<action>Quit()</action>
	</shortcut>
</shortcuts>
