<?xml version="1.0" encoding="UTF-8"?>
<window id="2006">
  <onload condition="System.HasAddon(script.artistslideshow)">RunScript(script.artistslideshow, daemon=True)</onload>
  <defaultcontrol>-</defaultcontrol>
  <controls>
    <include>MusiqueBackGround</include>
    <control type="visualisation" id="2">
      <description>visualisation</description>
      <posx>0</posx>
      <posy>0</posy>
      <width>1920</width>
      <height>1080</height>
      <include>Animation_BackdropFade</include>
    </control>
    <control type="group">
    <visible>!Window.IsVisible(10120)</visible>
    <include>MusicOsd</include>
    </control>
    
    <!-- --
    <control type="label">
    <posx>10</posx>
    <posy>10</posy>
    <width>1600</width>
    <label>ArtisteStudio=$INFO[MusicPlayer.Property(Album_Label)][CR]ArtistLogo=$INFO[Window(Home).Property(ArtistLogoPlayer)][CR]AlbumCD=$INFO[Window(Home).Property(AlbumCdPlayer)][CR]**AlbumCover=$VAR[CoverPlayer][CR]ICON=$INFO[ListItem.Icon][CR]DiscSpinning:$VAR[discartSpinning][CR]Slideshow:$INFO[Window(Visualisation).Property(ArtistSlideshow)][CR]PlayerFanart:$INFO[Player.Art(fanart)][CR]2996ICON:$INFO[Container(5555).ListItem.Icon]</label>
  </control>-->

</controls>
</window>
