<?xml version="1.0" encoding="UTF-8"?>
<window>
  <onload condition="Control.IsVisible(2104)">SetFocus(2104)</onload>
  <onload condition="Control.IsVisible(2105)">SetFocus(2105)</onload>
  <onload>SetProperty(IconmixDialogContext,,Home)</onload>
  <animation type="WindowOpen" reversible="false">
  <!-- <effect type="zoom" start="80" end="100" center="auto" easing="out" tween="back" time="300" /> -->
  <effect type="slide" start="-640" end="0" easing="out" tween="back" time="300" />
  <effect type="fade" start="0" end="100" time="300" />
</animation>
<animation type="WindowClose" reversible="false">
<!-- <effect type="zoom" start="100" end="80" center="auto" easing="in" tween="back" time="300" /> -->
<effect type="slide" end="-1280" easing="out" tween="back" time="300" />
<effect type="fade" start="100" end="0" time="300" />
</animation>
<coordinates>
  <system>1</system>
  <posx>0</posx>
  <posy>0</posy>
  <origin x="0" y="0" />
</coordinates>

<controls>
  <control type="group">
    <posy>0</posy>
    <left>35</left>
    <include>PlayListPersoContext</include>
  </control>

  <control type="group">
    <top>200</top>


    <control type="image" id="999">
      <description>background image</description>
      <posx>0</posx>
      <posy>0</posy>
      <width>550</width>
      <height>755</height>
      <texture>frames/Menu_Glass2b.png</texture>
      <colordiffuse>DialogBackgroundColor</colordiffuse>
    </control>

    <control type="grouplist" id="996">
      <description>grouplist for context buttons</description>
      <left>35</left>
      <top>35</top>
      <width>490</width>
      <onleft>SetProperty(IconmixDialogContext,,Home)</onleft>
      <onback>SetProperty(IconmixDialogContext,,Home)</onback>
      <onleft>Close</onleft>
      <onright>Close</onright>
      <onfocus>SetFocus(2104)</onfocus>

      <height max="670">auto</height>
      <itemgap>2</itemgap>
      <control type="button" id="2104"> <!--- informations acteur/realisateur.... -->
        <include>MonBoutonCommun2</include>
        <label>$LOCALIZE[32017]</label>
        <onright>Close</onright>
        <onright>SetFocus(1999)</onright>
        <onclick>SetFocus(1999)</onclick>
        <onfocus>SetProperty(IconmixDialogContext,,Home)</onfocus>
        <visible>String.IsEqual(ListItem.DbType,tvshow)+Integer.IsGreater(Container(1999).NumItems,0)</visible>
      </control>

      <control type="button" id="2105"> <!--- informations acteur/realisateur.... -->
        <include>MonBoutonCommun2</include>
        <label>$LOCALIZE[32014]</label>
        <onclick>Dialog.Close(all,true)</onclick>
        <onclick>SetProperty(IconmixShowInfo,55,Home)</onclick>
        <visible>Container.Content(actors)|Container.Content(directors)</visible>
      </control>

      <control type="button" id="2106">
        <description>menugeneral</description>

        <label>31833</label>
        <onfocus>SetProperty(IconmixDialogContext,1,Home)</onfocus>
        <onup>SetProperty(IconmixDialogContext,,Home)</onup>
        <ondown>SetProperty(IconmixDialogContext,,Home)</ondown>

        <onright>Close</onright>
        <onclick>Close</onclick>
        
        <onright>SetProperty(IconmixDialogContext,2,Home)</onright>
        <onclick>SetProperty(IconmixDialogContext,2,Home)</onclick>
<!--
        <onright condition="!Container.Content(music)+!Container.Content(songs)+!Container.Content(albums)+!Container.Content(artists)">Action(Menu,10025)</onright>
        <onclick condition="!Container.Content(music)+!Container.Content(songs)+!Container.Content(albums)+!Container.Content(artists)">Action(Menu,10025)</onclick>
        <onright condition="Container.Content(music)|Container.Content(songs)|Container.Content(albums)|Container.Content(artists)">Action(Menu,10502)</onright>
        <onclick condition="Container.Content(music)|Container.Content(songs)|Container.Content(albums)|Container.Content(artists)">Action(Menu,10502)</onclick>
        -->
        <onright condition="!Window.IsActive(10502)">Action(Menu,10025)</onright>
        <onclick condition="!Window.IsActive(10502)">Action(Menu,10025)</onclick>
        <onright condition="Window.IsActive(10502)">Action(Menu,10502)</onright>
        <onclick condition="Window.IsActive(10502)">Action(Menu,10502)</onclick>
        <include>MonBoutonCommun2</include>
      </control>
      <control type="button" id="2107">
        <onright>7111</onright>
        <onfocus>SetProperty(IconmixDialogContext,,Home)</onfocus>
        <include>MonBoutonCommun2</include>
        <label>31253</label>
        <visible>String.IsEqual(ListItem.DBTYPE,movie)</visible>
      </control>
      <control type="button" id="2108">
        <!-- Accéder à la saga -->
        <include>MonBoutonCommun2</include>
        <label>$LOCALIZE[31931]</label>
        <onfocus>SetProperty(IconmixDialogContext,,Home)</onfocus>
        <onclick>SetProperty(IconmixDialogContext,,Home)</onclick>
        <onclick>SetFocus(1999,0)</onclick>
        <visible>String.Contains(ListItem.DBTYPE,set)</visible>
      </control>
       <control type="button" id="2109">
        <!-- Accéder aux albums -->

        <include>MonBoutonCommun2</include>
        <label>$LOCALIZE[31934]</label>
        <onclick>SetProperty(IconmixDialogContext,,Home)</onclick>
        <onfocus>SetProperty(IconmixDialogContext,,Home)</onfocus>
        <onclick>SetFocus(1999,0)</onclick>
        <visible>Window.IsVisible(10502)+Container.Content(artists)</visible>
      </control>
      <control type="button" id="2110">
        <!-- Accéder aux acteurs -->

        <include>MonBoutonCommun2</include>
        <label>$LOCALIZE[31930]</label>
         <onclick>SetProperty(IconmixDialogContext,,Home)</onclick>
         <onfocus>SetProperty(IconmixDialogContext,,Home)</onfocus>
        <onclick>SetFocus(7781,0)</onclick>
        <visible>Integer.IsGreater(Container(1998).NumItems,0)+[String.Contains(ListItem.DBTYPE,movie)+!Skin.HasSetting(HideMovieCast)]|[!Skin.HasSetting(HideTvCast)+[String.Contains(ListItem.DBTYPE,episode)|String.Contains(ListItem.DBTYPE,tvshow)]]+Window.IsVisible(10025)</visible>
      </control>


      <control type="button" id="2111">
        <include>MonBoutonCommun2</include>
        <onfocus>SetProperty(IconmixDialogContext,,Home)</onfocus>
        <visible>System.HasAddon(script.iconmixtools)+!Player.HasVideo+ [Container.Content(movies) |Container.Content(tvshows)|Container.Content(seasons)|Container.Content(episodes)]</visible>
        <label>$LOCALIZE[137] $LOCALIZE[20410]</label>
        <onclick>Dialog.Close(all,true)</onclick>
        <!-- <onclick>RunScript(script.iconmixtools,trailer=True)</onclick> -->
        <onclick>setProperty(iconmixgettrailer,dbid:$INFO[ListItem.DBID],10000)</onclick>
      </control>
      <control type="button" id="2112">
        <include>MonBoutonCommun2</include>
        <onfocus>SetProperty(IconmixDialogContext,,Home)</onfocus>
        <visible>System.HasAddon(script.iconmixtools)+!Player.HasVideo+ [Container.Content(tvshows)|Container.Content(seasons)|Container.Content(episodes)]</visible>
        <label>$LOCALIZE[32024]</label>
        <onclick>Dialog.Close(all,true)</onclick>
        <onclick>SetProperty(IconmixShowGuide,1,10000)</onclick>
      </control>
       
       
      <control type="button" id="8">
        <description>Search</description>
        <label>137</label>
        <onfocus>SetProperty(IconmixDialogContext,,Home)</onfocus>
        <include>MonBoutonCommun2</include>
        <onclick>VideoLibrary.Search</onclick>
      </control>
    
        <control type="togglebutton" id="20"> <!-- MISE A JOUR LIBRAIRIE-->
          <description>Update Library</description>
          <width>440</width>
          <include>MonBoutonCommun</include>
          <label>653</label>
          <altlabel>13353</altlabel>
          <usealttexture>library.isscanningvideo</usealttexture>
          <onclick>UpdateLibrary(video)</onclick>
          <onclick>SetFocus(55)</onclick>
          <visible>Window.IsVisible(10025)</visible>
        </control>
        <control type="togglebutton" id="200"> <!-- PURGE LIBRAIRIE-->
          <description>Clean Library</description>
          <width>440</width>
          <include>MonBoutonCommun</include>
          <label>700</label>
          <usealttexture>library.isscanningvideo</usealttexture>
          <onclick>CleanLibrary(video)</onclick>
          <onclick>SetProperty(IconmixDialogContext,,Home)</onclick>
          <onclick>SetFocus(55)</onclick>
          <visible>Window.IsVisible(10025)+!library.isscanningvideo</visible>
        </control>
      
        
        
        
        <control type="togglebutton" id="20">
          <description>Update Library</description>
          <width>440</width>
          <include>MonBoutonCommun</include>
          <label>653</label>
          <altlabel>13353</altlabel>
          <usealttexture>library.isscanningmusic</usealttexture>
           <onclick>UpdateLibrary(music)</onclick>
          <onclick>SetFocus(55)</onclick>
          <visible>Window.IsVisible(10502)</visible>
        </control>
        <control type="togglebutton" id="200">
          <width>440</width>
          <description>Clean Library</description>
          <include>MonBoutonCommun</include>
          <label>700</label>
          <usealttexture>library.isscanningmusic</usealttexture>
          <onclick>CleanLibrary(music)</onclick>
          <onclick>SetFocus(55)</onclick>
          <visible>Window.IsVisible(10502)+!library.isscanningmusic</visible>
        </control>
      

    </control>
    <control type="button" id="1000">
      <onfocus>SetProperty(IconmixDialogContext,,Home)</onfocus>
      <include>MonBoutonCommun2</include>
    </control>

  </control>

</controls>
</window>
