<?xml version="1.0" encoding="UTF-8"?>
<window>
  <defaultcontrol>9000</defaultcontrol>
  <onunload>RunScript(script.skinshortcuts,type=buildxml&amp;mainmenuID=9000&amp;levels=0)</onunload>
  <onload condition="!Skin.HasSetting(MenuIconVertical)+!Skin.HasSetting(MenuIcon)+!Skin.HasSetting(MenuTexte)+!Skin.HasSetting(MenuTexteVertical)+!Skin.HasSetting(MenuIconBobine)">Skin.ToggleSetting(MenuTexte)</onload> <!-- default to Icon menu -->
  <onload condition="[Skin.HasSetting(MenuIcon)+Skin.HasSetting(MenuTexte)]">Skin.ToggleSetting(MenuTexte)</onload> <!-- default to Icon menu -->
  <onload condition="[Skin.HasSetting(MenuIcon)+Skin.HasSetting(MenuTexteVertical)]">Skin.ToggleSetting(MenuTexteVertical)</onload> <!-- default to Icon menu -->
  <onload condition="[Skin.HasSetting(MenuIcon)+Skin.HasSetting(MenuIconVertical)]">Skin.ToggleSetting(MenuIconVertical)</onload> <!-- default to Icon menu -->
  <onload condition="[Skin.HasSetting(MenuIcon)+Skin.HasSetting(MenuIconBobine)]">Skin.ToggleSetting(MenuIconBobine)</onload>
  <onload condition="!String.IsEmpty(Skin.String(PlotSpeed))">Skin.SetString(PlotSpeed,4s)</onload>   
  <onload condition="String.IsEmpty(Skin.String(BaVolume))">Skin.SetString(BaVolume,70)</onload>
  <onload condition="String.IsEmpty(Skin.String(BaDelai))">Skin.SetString(BaDelai,0)</onload>
  <onload>SetProperty(IconmixViewId,"",10000)</onload>
  <controls>
    
    <control type="group">
      <include>Global_Background</include>
      <control type="image">
        <top>-200</top>
      <left>1350</left>
      <width>540</width>
      <bordersize>20</bordersize>
			<bordertexture border="20" colordiffuse="FFFFFFFF">frames/Menu_Glass2b.png</bordertexture>
      <texture>$VAR[PreviewSetting]</texture>
      <aspectratio>keep</aspectratio>
      <animation type="conditional" condition="true" reversible="true">
          <effect type="rotatey"  center="1600,0" end="10" time="1" />
        </animation>
    </control>
    
    
      <control type="group">
        
        <include>Animation_OpenCloseFade</include>
        <control type="list" id="9000">
          <description>List</description>
          <posx>0</posx>
          <posy>100</posy>
          <width>490</width>
          <height>656</height>
          <itemgap>0</itemgap>
          <scrolltime>0</scrolltime>
          <onleft>9010</onleft>
          <onright>9010</onright>
          <onup>9000</onup>
          <ondown>9000</ondown>
          <orientation>vertical</orientation>
          <pagecontrol>-</pagecontrol>
          <itemlayout height="38" width="380">
            <control type="label">
              <height>35</height>
              <posx>0</posx>
              <posy>0</posy>
              <width>362</width>
              <height>38</height>
              <textcolor>SettingsDetail</textcolor>
              <font>METF_TitleTextMedium</font>
              <aligny>center</aligny>
              <align>right</align>
              <focusedcolor>ButtonText</focusedcolor>
              <label>$INFO[ListItem.Label]</label>
            </control>
          </itemlayout>
          <focusedlayout height="38" width="480" align="right">
            <control type="grouplist">
                <width>360</width>
                <align>right</align>
                <orientation>horizontal</orientation>
            <control type="button">
        <width max="360">auto</width>
        <height>38</height>
        <label>$INFO[Container(9000).ListItem.Label]</label>
        <font>METF_TitleText</font>
        <textcolor>DialogTextFO</textcolor>
        <shadowcolor>FF7F7F7F</shadowcolor>
        <textoffsetx>15</textoffsetx>
        <texturefocus colordiffuse="AFFFFFFF">buttons/checklarge.png</texturefocus>
        <texturenofocus colordiffuse="AFFFFFFF">buttons/checklarge.png</texturenofocus> 
      </control>
      </control>
         
             
            <!--
            <control type="label">
              <height>35</height>
              <posx>0</posx>
              <posy>0</posy>
              <width>362</width>
              <height>38</height>
              <align>right</align>
              <aligny>center</aligny>
              <label>[CAPITALIZE][B]$INFO[ListItem.Label][/B][/CAPITALIZE]</label>
              <font>METF_TitleText</font>
              <textcolor>DialogTextFO</textcolor>
              <focusedcolor>BDialogTextFO</focusedcolor>
            </control>
             <control type="image">
            <top>35</top>
            <left>80</left>
              <height>60</height>
              <width>60</width>
              <texture>buttons/check.png</texture>
            </control>
            -->
            <control type="image">
                <left>365</left>
                <width>25</width>
                <aspectratio>keep</aspectratio>
                <texture>ArrowRightWd.png</texture>
                <visible>Control.HasFocus(9000)</visible>
            </control>
            <control type="image">
                <left>365</left>
                <width>25</width>
                <aspectratio>keep</aspectratio>
                <texture>ArrowLeftWd.png</texture>
                <visible>!Control.HasFocus(9000)</visible>
            </control>
          </focusedlayout>
          <content>
            <item id="1">
              <description>General</description>
              <label>$LOCALIZE[128]</label>
              <onclick>noop</onclick>
            </item>
            <item id="2">
              <description>Home Options</description>
              <label>$LOCALIZE[31324]</label>
              <onclick>noop</onclick>
            </item>

            <item id="3">
              <description>View Options</description>
              <label>$LOCALIZE[31001]</label>
              <onclick>noop</onclick>
            </item>
            <item id="15">
              <description>activer vues</description>
              <label>$LOCALIZE[31183]</label>
              <onclick>noop</onclick>
            </item>

            <!-- --->
            <item id="4">
            <description>Polices</description>
            <label>$LOCALIZE[13303]</label>
            <onclick>noop</onclick>
            </item>
            -->
            <item id="5">
              <description>Meteo</description>
              <label>$LOCALIZE[8]</label>
              <onclick>noop</onclick>
            </item>
            <item id="6">
              <description>Scripts and Extra Images</description>
              <label>$LOCALIZE[31330]</label>
              <onclick>noop</onclick>
            </item>
            <item id="7">
              <description>Video Settings</description>
              <label>$LOCALIZE[31420]</label>
              <onclick>noop</onclick>
            </item>
            <item id="8">
              <description>Music Settings</description>
              <label>$LOCALIZE[31419]</label>
              <onclick>noop</onclick>
            </item>
            <item id="11">
              <description>Picture Settings</description>
              <label>$LOCALIZE[31445]</label>
              <onclick>noop</onclick>
            </item>
            <item id="9">
              <description>Debug</description>
              <label>$LOCALIZE[31004]</label>
              <onclick>noop</onclick>
            </item>
            
          </content>
        </control>
        <control type="image">
            <posx>430</posx>
            <posy>0</posy>
            <height>1080</height>
    <width>10</width>
    <texture border="2">VideoInfoLine.png</texture>
    <colordiffuse>SettingsLine</colordiffuse>
            
        </control>
        <control type="group" id="9010">
          <posx>440</posx>
          <posy>100</posy>
          <!-- General -->
          <control type="grouplist" id="9001">
            <visible>Container(9000).Hasfocus(1)</visible>
            <posx>0</posx>
            <posy>0</posy>
            <width>940</width>
            <height>618</height>
            <itemgap>0</itemgap>
            <scrolltime>0</scrolltime>

            <onleft>9000</onleft>
            <onright>9000</onright>
           

            <control type="radiobutton" id="102">
              <include>SettingsLabel</include>
              <label>$LOCALIZE[31400]</label>
              <onclick>Skin.ToggleSetting(HideClockTemp)</onclick>
              <selected>Skin.HasSetting(HideClockTemp)</selected>
            </control>
            <control type="radiobutton" id="103">
              <include>SettingsLabel</include>
              <label>$LOCALIZE[31401]</label>
              <onclick>Skin.ToggleSetting(HideClock)</onclick>
              <selected>Skin.HasSetting(HideClock)</selected>
            </control>
            <control type="radiobutton" id="104">
              <include>SettingsLabel</include>
              <label>$LOCALIZE[31453]</label>
              <onclick>Skin.ToggleSetting(ShowDate)</onclick>
              <selected>Skin.HasSetting(ShowDate)</selected>
              <visible>!Skin.String(HideClock)</visible>
            </control>
            <control type="radiobutton" id="100">
              <include>SettingsLabel</include>
              <label>$LOCALIZE[13271]</label>
              <onclick>Skin.ToggleSetting(ShowCpuUsage)</onclick>
              <selected>Skin.HasSetting(ShowCpuUsage)</selected>
            </control>

            <control type="radiobutton" id="107">
              <include>SettingsLabel</include>
              <label>$LOCALIZE[31056]</label>
              <onclick>Skin.ToggleSetting(MediaOverlay)</onclick>
              <selected>Skin.HasSetting(MediaOverlay)</selected>
            </control>
            <control type="radiobutton" id="112">
              <include>SettingsLabel</include>
              <label>$LOCALIZE[31902]</label>
              <onclick>Skin.ToggleSetting(PlayVideoOverlay)</onclick>
              <selected>Skin.HasSetting(PlayVideoOverlay)</selected>
            </control>
           
             <!-- <control type="radiobutton" id="108">
              <include>SettingsLabel</include>
              <label>$LOCALIZE[31005]</label>
              <onclick>Skin.ToggleSetting(AutoScroll)</onclick>
              <selected>Skin.HasSetting(AutoScroll)</selected>
            </control>
          
            <control type="radiobutton" id="109">
              <include>SettingsLabel</include>
              <label>$LOCALIZE[31006]</label>
              <onclick>Skin.ToggleSetting(AutoScrollFast)</onclick>
              <onclick>ReloadSkin()</onclick>
              <selected>Skin.HasSetting(AutoScrollFast)</selected>
              <visible>Skin.HasSetting(AutoScroll)</visible>
            </control>
            -->
            
            
            
            <control type="radiobutton" id="110">
              <include>SettingsLabel</include>
              <label>$LOCALIZE[31336]</label>
              <onclick>Skin.ToggleSetting(ViewLockdown)</onclick>
              <selected>Skin.HasSetting(ViewLockdown)</selected>
            </control>
            <control type="radiobutton" id="111">
              <include>SettingsLabel</include>
              <label>$LOCALIZE[31338]</label>
              <onclick>Skin.ToggleSetting(SimpleMediaFilter)</onclick>
              <selected>Skin.HasSetting(SimpleMediaFilter)</selected>
            </control>

          </control>
          <!-- Acceuil -->
          <control type="grouplist" id="9002">
            <visible>Container(9000).Hasfocus(2)</visible>
            <posx>0</posx>
            <posy>0</posy>
            <width>940</width>
            <height>618</height>
            <itemgap>0</itemgap>
            <scrolltime>0</scrolltime>
            <onleft>9000</onleft>
            <onright>9000</onright>
            <control type="button" id="200">
              <include>SettingsLabel</include>
              <label>$LOCALIZE[31064]</label>
              <onclick>RunScript(script.skinshortcuts,type=manage&amp;group=mainmenu)</onclick>
            </control>
            <control type="radiobutton" id="201"> <!-- menu texte -->
              <include>SettingsLabel</include>
              <label>$LOCALIZE[31061]</label>
              <onclick condition="!Skin.HasSetting(MenuTexte)">Skin.ToggleSetting(MenuTexte)</onclick>
              <onclick condition="Skin.HasSetting(MenuIconBobine)">Skin.ToggleSetting(MenuIconBobine)</onclick>
              <onclick condition="Skin.HasSetting(MenuIconVertical)">Skin.ToggleSetting(MenuIconVertical)</onclick>
              <onclick condition="Skin.HasSetting(MenuIcon)">Skin.ToggleSetting(MenuIcon)</onclick>
              <onclick condition="Skin.HasSetting(MenuTexteVertical)">Skin.ToggleSetting(MenuTexteVertical)</onclick>
              <selected>Skin.HasSetting(MenuTexte)</selected>
            </control>
            <control type="radiobutton" id="202"> <!-- menu texte -->
              <include>SettingsLabel</include>
              <label>$LOCALIZE[31061] Vertical</label>
              <onclick condition="!Skin.HasSetting(MenuTexteVertical)">Skin.ToggleSetting(MenuTexteVertical)</onclick>
              <onclick condition="Skin.HasSetting(MenuIconBobine)">Skin.ToggleSetting(MenuIconBobine)</onclick>
              <onclick condition="Skin.HasSetting(MenuIconVertical)">Skin.ToggleSetting(MenuIconVertical)</onclick>
              <onclick condition="Skin.HasSetting(MenuIcon)">Skin.ToggleSetting(MenuIcon)</onclick>
              <onclick condition="Skin.HasSetting(MenuTexte)">Skin.ToggleSetting(MenuTexte)</onclick>
              <selected>Skin.HasSetting(MenuTexteVertical)</selected>
            </control>

            <control type="radiobutton" id="203"> <!-- menu ICONES -->
              <include>SettingsLabel</include>
              <label>$LOCALIZE[31062]</label>
              <onclick condition="!Skin.HasSetting(MenuIcon)">Skin.ToggleSetting(MenuIcon)</onclick>
              <onclick condition="Skin.HasSetting(MenuIconBobine)">Skin.ToggleSetting(MenuIconBobine)</onclick>
              <onclick condition="Skin.HasSetting(MenuIconVertical)">Skin.ToggleSetting(MenuIconVertical)</onclick>
              <onclick condition="Skin.HasSetting(MenuTexte)">Skin.ToggleSetting(MenuTexte)</onclick>
              <onclick condition="Skin.HasSetting(MenuTexteVertical)">Skin.ToggleSetting(MenuTexteVertical)</onclick>
              <selected>Skin.HasSetting(MenuIcon)</selected>
            </control>

            <control type="radiobutton" id="204"> <!-- Menu ICONES Vertical -->
              <include>SettingsLabel</include>
              <label>$LOCALIZE[31065]</label>
              <onclick condition="!Skin.HasSetting(MenuIconVertical)">Skin.ToggleSetting(MenuIconVertical)</onclick>
              <onclick condition="Skin.HasSetting(MenuIconBobine)">Skin.ToggleSetting(MenuIconBobine)</onclick>
              <onclick condition="Skin.HasSetting(MenuTexte)">Skin.ToggleSetting(MenuTexte)</onclick>
              <onclick condition="Skin.HasSetting(MenuIcon)">Skin.ToggleSetting(MenuIcon)</onclick>
              <onclick condition="Skin.HasSetting(MenuTexteVertical)">Skin.ToggleSetting(MenuTexteVertical)</onclick>
              <selected>Skin.HasSetting(MenuIconVertical)</selected>
            </control>
            <control type="radiobutton" id="205"> <!-- Menu ICONE Bobine -->
              <ondown condition="!Control.IsVisible(206)">208</ondown>
              <include>SettingsLabel</include>
              <label>$LOCALIZE[31062] Bobine</label>
              <onclick condition="!Skin.HasSetting(MenuIconBobine)">Skin.ToggleSetting(MenuIconBobine)</onclick>
              <onclick condition="Skin.HasSetting(MenuIcon)">Skin.ToggleSetting(MenuIcon)</onclick>
              <onclick condition="Skin.HasSetting(MenuIconVertical)">Skin.ToggleSetting(MenuIconVertical)</onclick>
              <onclick condition="Skin.HasSetting(MenuTexte)">Skin.ToggleSetting(MenuTexte)</onclick>
              <onclick condition="Skin.HasSetting(MenuTexteVertical)">Skin.ToggleSetting(MenuTexteVertical)</onclick>
              <selected>Skin.HasSetting(MenuIconBobine)</selected>
            </control>
            <control type="radiobutton" id="206">
              
              <include>SettingsLabel</include>
              <label>$LOCALIZE[31063]</label>
              <onclick>Skin.ToggleSetting(ShowIconLabel)</onclick>
              <selected>Skin.HasSetting(ShowIconLabel)</selected>
              <enable>Skin.HasSetting(MenuIcon)|Skin.HasSetting(MenuIconBobine)|Skin.HasSetting(MenuIconVertical)</enable>
              <onclick condition="Skin.HasSetting(MenuTexteVertical)">Skin.ToggleSetting(MenuTexteVertical)</onclick>
            </control>



            <control type="button" id="208">
              <include>SettingsLabel</include>
              <label>$LOCALIZE[10035] $LOCALIZE[33061]</label>
              <onclick>RunScript(script.skinshortcuts,type=resetall)</onclick>
            </control>
            <!-- WIDGETS -->
            <control type="image" id="209">
              <include>Settings_Line</include>
            </control>

            <control type="radiobutton" id="210">
              <include>SettingsLabel</include>
              <label>$LOCALIZE[31036]</label>
              <onclick>Skin.ToggleSetting(HideUnfocusedWidgets)</onclick>
              <onclick condition="Skin.HasSetting(ShowFullWidgets)">Skin.ToggleSetting(ShowFullWidgets)</onclick>
              <selected>Skin.HasSetting(HideUnfocusedWidgets)</selected>
            </control>
            <control type="radiobutton" id="211">
              <include>SettingsLabel</include>
              <label>$LOCALIZE[31038]</label>
              <onclick>Skin.ToggleSetting(ShowFullWidgets)</onclick>
              <onclick condition="Skin.HasSetting(HideUnfocusedWidgets)">Skin.ToggleSetting(HideUnfocusedWidgets)</onclick>
              <selected>Skin.HasSetting(ShowFullWidgets)</selected>
            </control>

            <control type="radiobutton" id="300">
              <include>SettingsLabel</include>
              <label>$LOCALIZE[31040]</label>
              <onclick>	Skin.ToggleSetting(AutoRotateWidget)</onclick>
              <selected>Skin.HasSetting(AutoRotateWidget)</selected>
            </control>
            <control type="image" id="400">
              <include>Settings_Line</include>
            </control>
            <control type="radiobutton" id="401">
              <include>SettingsLabel</include>
              <label>$LOCALIZE[31043]</label>
              <onclick>Skin.ToggleSetting(RssTop)</onclick>
              <selected>Skin.HasSetting(RssTop)</selected>
            </control>



            <!---      extrafanarts ---------------->



          </control>
          <!-- Affichage -->
          <control type="grouplist" id="9007">
            <visible>Container(9000).Hasfocus(3)</visible>
            <posx>0</posx>
            <posy>0</posy>
            <width>940</width>
            <height>780</height>
            <itemgap>0</itemgap>
            <scrolltime>0</scrolltime>
            <onleft>9000</onleft>
            <onright>9000</onright>
            


            <control type="radiobutton" id="503">
              <include>SettingsLabel</include>
              <label>$LOCALIZE[31448]</label>
              <onclick>Skin.ToggleSetting(Hide_Plot)</onclick>
              <selected>Skin.HasSetting(Hide_Plot)</selected>
            </control>
            <control type="radiobutton" id="504">
              <include>SettingsLabel</include>
              <label>$LOCALIZE[32003]</label>
              <onclick>Skin.ToggleSetting(ShowLargePlot)</onclick>
              <selected>Skin.HasSetting(ShowLargePlot)</selected>
              <onclick condition="Skin.HasSetting(ShowVeryLargePlot)">Skin.ToggleSetting(ShowVeryLargePlot)</onclick>
              <visible>!Skin.HasSetting(Hide_Plot)</visible>
            </control>
            <control type="radiobutton" id="505">
              <include>SettingsLabel</include>
              <label>$LOCALIZE[32018]</label>
              <onclick>Skin.ToggleSetting(ShowVeryLargePlot)</onclick>
              <onclick condition="Skin.HasSetting(ShowLargePlot)">Skin.ToggleSetting(ShowLargePlot)</onclick>
              <selected>Skin.HasSetting(ShowVeryLargePlot)</selected>
              <visible>!Skin.HasSetting(Hide_Plot)</visible>
            </control>
            <control type="button" id="506">
              <include>SettingsLabel</include>
              <label>$LOCALIZE[31006]</label>
              <label2>$INFO[Skin.String(PlotSpeed)]</label2>
              <onclick condition="!String.IsEqual(Skin.String(PlotSpeed),2s)+!String.IsEqual(Skin.String(PlotSpeed),3s)+!String.IsEqual(Skin.String(PlotSpeed),4s)+!String.IsEqual(Skin.String(PlotSpeed),5s)">Skin.SetString(PlotSpeed,2s)</onclick>   
              <onclick condition="String.IsEqual(Skin.String(PlotSpeed),2s)">Skin.SetString(PlotSpeed,3s)</onclick>       
              <onclick condition="String.IsEqual(Skin.String(PlotSpeed),8s)">Skin.SetString(PlotSpeed,$LOCALIZE[1223])</onclick>
              <onclick condition="String.IsEqual(Skin.String(PlotSpeed),7s)">Skin.SetString(PlotSpeed,8s)</onclick>
              <onclick condition="String.IsEqual(Skin.String(PlotSpeed),6s)">Skin.SetString(PlotSpeed,7s)</onclick>
              <onclick condition="String.IsEqual(Skin.String(PlotSpeed),5s)">Skin.SetString(PlotSpeed,6s)</onclick>
              <onclick condition="String.IsEqual(Skin.String(PlotSpeed),4s)">Skin.SetString(PlotSpeed,5s)</onclick>
              <onclick condition="String.IsEqual(Skin.String(PlotSpeed),3s)">Skin.SetString(PlotSpeed,4s)</onclick>
              <visible>!Skin.HasSetting(Hide_Plot)</visible>
            </control>
            <control type="radiobutton" id="507">
              <include>SettingsLabel</include>
              <label>$LOCALIZE[31339]</label>
              <onclick>Skin.ToggleSetting(PositionCompteur)</onclick>
              <selected>Skin.HasSetting(PositionCompteur)</selected>
            </control>
            <control type="radiobutton" id="508">
              <include>SettingsLabel</include>
              <label>$LOCALIZE[31340]</label>
              <onclick>Skin.ToggleSetting(ToujoursPositionCompteur)</onclick>
              <selected>Skin.HasSetting(ToujoursPositionCompteur)</selected>
              <visible>Skin.HasSetting(PositionCompteur)</visible>
            </control>
             <control type="radiobutton" id="509">
              <include>SettingsLabel</include>
              <label>$LOCALIZE[31327]</label>
              <onclick>Skin.ToggleSetting(MiniInfos)</onclick>
              <selected>Skin.HasSetting(MiniInfos)</selected>
            </control>


            <control type="radiobutton" id="511">
              <include>SettingsLabel</include>
              <label>$LOCALIZE[31405]</label>
              <onclick>Skin.ToggleSetting(Hide_MovieTagline)</onclick>
              <selected>Skin.HasSetting(Hide_MovieTagline)</selected>
            </control>
             <control type="radiobutton" id="512">
            <include>SettingsLabel</include>
            <label>$LOCALIZE[32009]</label>
            <onclick>Skin.ToggleSetting(ShowFilePath)</onclick>
            <selected>Skin.HasSetting(ShowFilePath)</selected>
          </control>

            <control type="image" id="513">
              <include>Settings_Line</include>
            </control>
            

            
            <control type="button" id="516">
              <include>SettingsLabel</include>
              <label>$LOCALIZE[32001]</label>
              <label2>$INFO[Skin.String(CacheNonSelectDelai),, s]</label2>
              <onclick condition="String.IsEmpty(Skin.String(CacheNonSelectDelai))">Skin.SetString(CacheNonSelectDelai,3)</onclick>
              <onclick condition="String.IsEqual(Skin.String(CacheNonSelectDelai),9)">Skin.SetString(CacheNonSelectDelai,)</onclick>
              <onclick condition="String.IsEqual(Skin.String(CacheNonSelectDelai),7)">Skin.SetString(CacheNonSelectDelai,9)</onclick>
              <onclick condition="String.IsEqual(Skin.String(CacheNonSelectDelai),5)">Skin.SetString(CacheNonSelectDelai,7)</onclick>
              <onclick condition="String.IsEqual(Skin.String(CacheNonSelectDelai),3)">Skin.SetString(CacheNonSelectDelai,5)</onclick>

            </control>
            <control type="image" id="540">
              <include>Settings_Line</include>
            </control>
            <!-- use skinhelper extrafanart ? -->
            <control type="radiobutton" id="541">
              <include>SettingsLabel</include>
              <label>Extrafanart</label>
              <onclick>Skin.ToggleSetting(Enable_ExtraFanart)</onclick>
              <selected>Skin.HasSetting(Enable_ExtraFanart)</selected>
            </control>

            <!-- multi-image Background transition time-->

            <control type="button" id="542">
              <include>SettingsLabel</include>
              <label>$LOCALIZE[31039]</label>
              <label2>$INFO[Skin.String(RandomFanartDelay),, s]</label2>
              <onclick condition="String.IsEmpty(Skin.String(RandomFanartDelay))">Skin.SetString(RandomFanartDelay,5)</onclick>
              <onclick condition="String.IsEqual(Skin.String(RandomFanartDelay),30)">Skin.SetString(RandomFanartDelay,)</onclick>
              <onclick condition="String.IsEqual(Skin.String(RandomFanartDelay),15)">Skin.SetString(RandomFanartDelay,30)</onclick>
              <onclick condition="String.IsEqual(Skin.String(RandomFanartDelay),10)">Skin.SetString(RandomFanartDelay,15)</onclick>
              <onclick condition="String.IsEqual(Skin.String(RandomFanartDelay),8)">Skin.SetString(RandomFanartDelay,10)</onclick>
              <onclick condition="String.IsEqual(Skin.String(RandomFanartDelay),6)">Skin.SetString(RandomFanartDelay,8)</onclick>
              <onclick condition="String.IsEqual(Skin.String(RandomFanartDelay),5)">Skin.SetString(RandomFanartDelay,6)</onclick>
              <visible>Skin.HasSetting(Enable_ExtraFanart)</visible>
            </control>



            <!--background randomize-->
            <control type="radiobutton" id="543">
              <include>SettingsLabel</include>
              <label>Extrafanarts ($LOCALIZE[31782])</label>
              <onclick>Skin.ToggleSetting(RandomizeBackground)</onclick>
              <selected>Skin.HasSetting(RandomizeBackground)</selected>
              <!--background randomize-->
            </control>

            <control type="image" id="544">
              <include>Settings_Line</include>
            </control>
            <control type="radiobutton" id="545">
              <include>SettingsLabel</include>
              <label>$LOCALIZE[31734]</label>
              <onclick>Skin.ToggleSetting(animatedflag)</onclick>
              <selected>Skin.HasSetting(animatedflag)</selected>
            </control>
            <control type="radiobutton" id="546">
              <include>SettingsLabel</include>
              <label>$LOCALIZE[31487]</label>
              <onclick>Skin.ToggleSetting(NouveauProgress)</onclick>
              <selected>Skin.HasSetting(NouveauProgress)</selected>
            </control>

          </control>
          <!-- Vues actives -->
          <control type="group">
            <visible>Container(9000).Hasfocus(15)</visible>
            <control type="label">
            <top>-100</top>
            <align>center</align>
            <include>FontTitre</include>
            <label>$LOCALIZE[31148]</label>
          </control>
          
          <control type="grouplist" id="9015">
          
          <onfocus>SetProperty(IconmixViewId,"",10000)</onfocus>
          <onunfocus>SetProperty(IconmixViewId,"",10000)</onunfocus>
          <posx>0</posx>
          <posy>0</posy>
          <width>940</width>
          <height>1018</height>
          <itemgap>0</itemgap>
          <scrolltime>0</scrolltime>
          <onleft>9000</onleft>
          <onright>9000</onright>
          

          <include content="HideView">
            <param name="vueid">906</param>
            <param name="languageid">31832</param>
          </include>
          <include content="HideView">
            <param name="vueid">900</param>
            <param name="languageid">31819</param>
          </include>
          
          <include content="HideView">
            <param name="vueid">555</param>
            <param name="languageid">31829</param>
          </include>
          <include content="HideView">
            <param name="vueid">556</param>
            <param name="languageid">31830</param>
          </include>
          <include content="HideView">
            <param name="vueid">551</param>
            <param name="languageid">31805</param>
          </include>
          <include content="HideView">
            <param name="vueid">552</param>
            <param name="languageid">31806</param>
          </include>
          <include content="HideView">
            <param name="vueid">553</param>
            <param name="languageid">31807</param>
          </include>
          <include content="HideView">
            <param name="vueid">554</param>
            <param name="languageid">31808</param>
          </include>
          <include content="HideView">
            <param name="vueid">52</param>
            <param name="languageid">31810</param>
          </include>
          <include content="HideView">
            <param name="vueid">504</param>
            <param name="languageid">31811</param>
          </include>
          <include content="HideView">
            <param name="vueid">511</param>
            <param name="languageid">31812</param>
          </include>
          <include content="HideView">
            <param name="vueid">514</param>
            <param name="languageid">31831</param>
          </include>
          <include content="HideView">
            <param name="vueid">513</param>
            <param name="languageid">31813</param>
          </include>
          <include content="HideView">
            <param name="vueid">510</param>
            <param name="languageid">31814</param>
          </include>
          <include content="HideView">
            <param name="vueid">56</param>
            <param name="languageid">31817</param>
          </include>
          <include content="HideView">
            <param name="vueid">562</param>
            <param name="languageid">31835</param>
          </include>
          <include content="HideView">
            <param name="vueid">563</param>
            <param name="languageid">31836</param>
          </include>
          <include content="HideView">
            <param name="vueid">58</param>
            <param name="languageid">31822</param>
          </include>
          <include content="HideView">
            <param name="vueid">559</param>
            <param name="languageid">31823</param>
          </include>
          <include content="HideView">
            <param name="vueid">584</param>
            <param name="languageid">31825</param>
          </include>
          <include content="HideView">
            <param name="vueid">585</param>
            <param name="languageid">31826</param>
          </include>
          <include content="HideView">
            <param name="vueid">586</param>
            <param name="languageid">31827</param>
          </include>
          <include content="HideView">
            <param name="vueid">561</param>
            <param name="languageid">31824</param>
          </include>
          

        </control>-->
        </control>
        <!-- Polices Settings -->
        <control type="grouplist" id="9014">
          <visible>Container(9000).Hasfocus(4)</visible>
          <posx>0</posx>
          <posy>-50</posy>
          <width>300</width>
          <height>918</height>
          <itemgap>0</itemgap>
          <scrolltime>0</scrolltime>
          <onleft>9000</onleft>
          <onright>9000</onright>
 
          <control type="button" id="198">
            <width>300</width>
            <include>SettingsLabel</include>
            <label>$LOCALIZE[369] >>></label>
            <onright>7100</onright>
            <onclick>setfocus(7100)</onclick>
          </control>
          
          <control type="button" id="199">
            <width>300</width>
            <include>SettingsLabel</include>
            <label>$LOCALIZE[207] >>></label>
            <onright>7101</onright>
            <onclick>setfocus(7101)</onclick>
          </control>
         
          
           
        </control>


        <!-- METEO -->
        <control type="grouplist" id="9005">
          <visible>Container(9000).Hasfocus(5)</visible>
          <posx>0</posx>
          <posy>0</posy>
          <width>940</width>
          <height>618</height>
          <itemgap>0</itemgap>
          <scrolltime>0</scrolltime>
          <onleft>9000</onleft>
          <onright>9000</onright>
          <control type="button" id="105">
            <include>SettingsLabel</include>
            <label>$LOCALIZE[536] $LOCALIZE[8]</label>
            <label2>$INFO[Skin.String(WeatherIcons.name)]</label2>
            <onclick>RunScript(script.image.resource.select,property=WeatherIcons&amp;type=resource.images.weathericons)</onclick>
          </control>
          <control type="button" id="106">
            <include>SettingsLabel</include>
            <label>Fanart $LOCALIZE[8]</label>
            <label2>$INFO[Skin.String(CustomWeather.name)]</label2>
            <onclick condition="!System.HasAddon(script.image.resource.select)">RunPlugin(plugin://script.image.resource.select)</onclick>
            <onclick condition="System.HasAddon(script.image.resource.select)">RunScript(script.image.resource.select,property=CustomWeather&amp;type=resource.images.weatherfanart)</onclick>
          </control>
          <control type="radiobutton" id="206">
            <include>SettingsLabel</include>
            <label>$LOCALIZE[31034]</label>
            <onclick>Skin.ToggleSetting(DynamicWeather)</onclick>
            <selected>Skin.HasSetting(DynamicWeather)</selected>
          </control>
          <control type="radiobutton" id="207">
            <include>SettingsLabel</include>
            <label>$LOCALIZE[32004]</label>
            <onclick>Skin.ToggleSetting(MeteoPleinEcran)</onclick>
            <selected>Skin.HasSetting(MeteoPleinEcran)</selected>
          </control>

        </control>

        <!-- Scripts/Extras -->
        <control type="grouplist" id="9006">
          <visible>Container(9000).Hasfocus(6)</visible>
          <posx>0</posx>
          <posy>0</posy>
          <width>940</width>
          <height>618</height>
          <itemgap>0</itemgap>
          <scrolltime>0</scrolltime>
          <onleft>9000</onleft>
          <onright>9000</onright>
             <control type="group" id="698">
            <visible>System.HasAddon(script.iconmixtools)</visible>
            <height>75</height>            
            <control type="image">
              <top>8</top>
              <height>70</height>
              <align>right</align>
              <texture>$INFO[System.AddonIcon(script.iconmixtools)]</texture>
              <aspectratio>keep</aspectratio>
            </control>
          </control>
          <control type="button" id="699">
            <include>SettingsLabel</include>
            <label>$LOCALIZE[31221]</label>
            <onclick>Addon.OpenSettings(script.iconmixtools)</onclick>
            <visible>System.HasAddon(script.iconmixtools)</visible>
          </control>
          
          <control type="group" id="700">
            <visible>!String.IsEmpty(Skin.String(LyricPath))</visible>
            <height>75</height>
            <control type="image">
              <top>0</top>
              <include>Settings_Line</include>
            </control>
            <control type="image">
              <top>8</top>
              <height>70</height>
              <texture>$INFO[System.AddonIcon(Skin.String(LyricPath))]</texture>
              <aspectratio>keep</aspectratio>
            </control>
          </control>
          <control type="button" id="701">
            <include>SettingsLabel</include>
            <width>370</width>
            <label>$LOCALIZE[31319]</label>
            <label2>$INFO[System.AddonTitle(Skin.String(LyricPath))]</label2>
            <onclick>Skin.SetAddon(LyricPath,xbmc.python.lyrics)</onclick>
          </control>


          <control type="group" id="702">
            <visible>System.HasAddon(script.artwork.downloader)</visible>
            <height>75</height>
            <control type="image">
              <top>0</top>
              <include>Settings_Line</include>
            </control>
            <control type="image">
              <top>8</top>
              <height>70</height>
              <align>right</align>
              <texture>$INFO[System.AddonIcon(script.artwork.downloader)]</texture>
              <aspectratio>keep</aspectratio>
            </control>
          </control>


          <!--- ARTWORK Downloader----->
          <control type="radiobutton" id="719">
            <include>SettingsLabel</include>
            <label>$LOCALIZE[31041]</label>
            <selected>Skin.HasSetting(UpdateArt.Enabled)</selected>
            <onclick>Skin.ToggleSetting(UpdateArt.Enabled)</onclick>
            <visible>System.HasAddon(script.artwork.downloader)</visible>
          </control>
          <control type="button" id="703">
            <include>SettingsLabel</include>
            <label>$LOCALIZE[518] "$LOCALIZE[31126]"</label>
            <onclick>RunScript(script.artwork.downloader, mode=custom, mediatype=tvshow, seasonposter, landscape, clearart, clearlogo, characterart)</onclick>
            <onclick condition="!System.HasAddon(script.artwork.downloader)">RunPlugin(plugin://script.artwork.downloader)</onclick>
            <visible>System.HasAddon(script.artwork.downloader)</visible>
          </control>


          <!--- ----->



       
        
          <control type="radiobutton" id="718">
            <label>$LOCALIZE[31042]</label>
            <include>SettingsLabel</include>
            <onclick condition="System.HasAddon(script.artistslideshow)">Skin.ToggleSetting(EnableArtistSlideshow)</onclick>
            <onclick condition="!System.HasAddon(script.artistslideshow)">RunPlugin(plugin://script.artistslideshow)</onclick>
            <selected>Skin.HasSetting(EnableArtistSlideshow)</selected>
            <visible>!System.HasAddon(script.artistslideshow)</visible>
          </control>
        </control>


        <!---------------------------------------------------- Video Settings ------------------------------------------------------>
        <control type="grouplist" id="9011">
          <visible>Container(9000).Hasfocus(7)</visible>
          <posx>0</posx>
          <posy>-90</posy>
          <width>940</width>
          <height>1060</height>
          <itemgap>0</itemgap>
          <scrolltime>0</scrolltime>
          <onleft>9000</onleft>
          <onright>9000</onright>
          <control type="group" id="799">
            <height>70</height>            
            <control type="image">              
              <align>right</align>
              <texture>acteurs/filmotv.png</texture>
              <aspectratio>keep</aspectratio>
            </control>
          </control>
          <control type="radiobutton" id="800">
              <include>SettingsLabel</include>
              <label>$LOCALIZE[31481]</label>
              <onclick>Skin.ToggleSetting(VueExperimentale)</onclick>
              <selected>Skin.HasSetting(VueExperimentale)</selected>
            </control>

          <control type="radiobutton" id="801">
            <include>SettingsLabel</include>
            <label>$LOCALIZE[31033]</label>
            <onclick>Skin.ToggleSetting(HideVideoFanart)</onclick>
            <selected>Skin.HasSetting(HideVideoFanart)</selected>
          </control>

          <control type="radiobutton" id="802">
            <include>SettingsLabel</include>
            <label>$LOCALIZE[31464]</label>
            <onclick>Skin.ToggleSetting(ShowVideoPlotFullscreen)</onclick>
            <selected>Skin.HasSetting(ShowVideoPlotFullscreen)</selected>
          </control>
         

          <control type="button" id="804">
            <include>SettingsLabel</include>
            <label>$LOCALIZE[31403] >>></label>
            <onright>998</onright>
            <onclick>setfocus(998)</onclick>

          </control>
          <control type="radiobutton" id="805">
            <include>SettingsLabel</include>
            <label>$LOCALIZE[32006]</label>
            <onclick>Skin.ToggleSetting(ActeursAuCentre)</onclick>
            <selected>Skin.HasSetting(ActeursAuCentre)</selected>
            <visible>Skin.HasSetting(VueExperimentale)</visible>
            <enable>!Skin.HasSetting(HideCastFocus)</enable>
          </control>

          <control type="togglebutton" id="806">
            <width>940</width>
            <height>35</height>
            <left>50</left>
            <align>left</align>
            <font>METF_DialogLarge</font>
            <textcolor>TextNF</textcolor>
            <focusedcolor>DialogTextFO</focusedcolor>
            <disabledcolor>TextDisabled</disabledcolor>
            <texturefocus colordiffuse="FocusBar">ButtonFO2Wide2.png</texturefocus>
            <texturenofocus>-</texturenofocus> -->
            <alttexturefocus colordiffuse="FocusBar">ButtonFO2Wide2.png</alttexturefocus>
            <textoffsetx>20</textoffsetx>
            <aligny>center</aligny>
            <pulseonselect>false</pulseonselect>
            <label>$LOCALIZE[32007] >>> $LOCALIZE[32008]</label>
            <altlabel>$LOCALIZE[32008] >>> $LOCALIZE[32007]</altlabel>
            <usealttexture>!Skin.HasSetting(ShowActeursTexte)</usealttexture>
            <onclick>Skin.ToggleSetting(ShowActeursTexte)</onclick>
            <enable>!Skin.HasSetting(HideCastFocus)</enable>
          </control>
          
          <control type="radiobutton" id="807">
            <include>SettingsLabel</include>
            <label>$LOCALIZE[32021]</label>
            <onclick>Skin.ToggleSetting(HideCastFocus)</onclick>
            <enable>Skin.HasSetting(VueExperimentale)</enable>
            <selected>Skin.HasSetting(HideCastFocus)</selected>
          </control>


          <control type="radiobutton" id="808">
            <include>SettingsLabel</include>
            <label>$LOCALIZE[31335]</label>
            <onclick>Skin.ToggleSetting(BAfenetre)</onclick>
            <selected>Skin.HasSetting(BAfenetre)</selected>
          </control>
          
          <control type="radiobutton" id="809">
            <include>SettingsLabel</include>
            <label>$LOCALIZE[31337]</label>
            <onclick>Skin.ToggleSetting(NoNetflixBA)</onclick>
            <selected>Skin.HasSetting(NoNetflixBA)</selected>
          </control>
          
           <control type="button" id="810">
              <include>SettingsLabel</include>
              <label>$LOCALIZE[31146]</label>
              <label2>$INFO[Skin.String(BaDelai)]s</label2>
              <onclick condition="!String.IsEqual(Skin.String(BaDelai),0)+!String.IsEqual(Skin.String(BaDelai),2)+!String.IsEqual(Skin.String(BaDelai),4)+!String.IsEqual(Skin.String(BaDelai),6)">Skin.SetString(BaDelai,60%)</onclick>   
              <onclick condition="String.IsEqual(Skin.String(BaDelai),0)">Skin.SetString(BaDelai,2)</onclick>       
              <onclick condition="String.IsEqual(Skin.String(BaDelai),2)">Skin.SetString(BaDelai,4)</onclick>
              <onclick condition="String.IsEqual(Skin.String(BaDelai),4)">Skin.SetString(BaDelai,6)</onclick>
              <onclick condition="String.IsEqual(Skin.String(BaDelai),6)">Skin.SetString(BaDelai,0)</onclick>
             
            </control>
            <control type="button" id="811">
              <include>SettingsLabel</include>
              <label>$LOCALIZE[31147]</label>
              <label2>$INFO[Skin.String(BaVolume)]%</label2>
              <onclick condition="!String.IsEqual(Skin.String(BaVolume),0)+!String.IsEqual(Skin.String(BaVolume),50)+!String.IsEqual(Skin.String(BaVolume),80)+!String.IsEqual(Skin.String(BaVolume),100)">Skin.SetString(BaVolume,60)</onclick>   
              <onclick condition="String.IsEqual(Skin.String(BaVolume),0)">Skin.SetString(BaVolume,50)</onclick>       
              <onclick condition="String.IsEqual(Skin.String(BaVolume),50)">Skin.SetString(BaVolume,70)</onclick>
              <onclick condition="String.IsEqual(Skin.String(BaVolume),70)">Skin.SetString(BaVolume,100)</onclick>
              <onclick condition="String.IsEqual(Skin.String(BaVolume),100)">Skin.SetString(BaVolume,0)</onclick>
             
            </control>


          <control type="radiobutton" id="812">
            <include>SettingsLabel</include>
            <label>$LOCALIZE[31399]</label>
            <onclick>Skin.ToggleSetting(FanartSombre)</onclick>
            <selected>Skin.HasSetting(FanartSombre)</selected>
          </control>
          <control type="radiobutton" id="813">
            <include>SettingsLabel</include>
            <label>$LOCALIZE[31486]</label>
            <onclick>Skin.ToggleSetting(CacherPause)</onclick>
            <selected>Skin.HasSetting(CacherPause)</selected>
          </control>
          
          <!-- films/sagas -->
          <control type="group" id="820">
            <height>75</height>
            <control type="image">
              <top>0</top>
              <include>Settings_Line</include>
            </control>
            <control type="image">
              <top>8</top>
              <height>70</height>
              <align>right</align>
              <texture>acteurs/films.png</texture>
              <aspectratio>keep</aspectratio>
            </control>
          </control>
          <control type="radiobutton" id="821">
            <include>SettingsLabel</include>
            <label>$LOCALIZE[31031]</label>
            <onclick>Skin.ToggleSetting(HideMovieWatchedOverlays)</onclick>
            <selected>Skin.HasSetting(HideMovieWatchedOverlays)</selected>
          </control>
          <control type="radiobutton" id="822">
            <include>SettingsLabel</include>
            <label>$LOCALIZE[31918]</label>
            <onclick>Skin.ToggleSetting(SagaManquant)</onclick>
            <selected>Skin.HasSetting(SagaManquant)</selected>

          </control>
          <control type="radiobutton" id="823">
            <include>SettingsLabel</include>
            <label>$LOCALIZE[31921]</label>
            <onclick>Skin.ToggleSetting(SagaDate)</onclick>
            <selected>Skin.HasSetting(SagaDate)</selected>
            <visible>Skin.HasSetting(SagaManquant)</visible>
          </control>
          <control type="radiobutton" id="824">
            <include>SettingsLabel</include>
            <label>$LOCALIZE[31929]</label>
            <onclick>Skin.ToggleSetting(HideMovieCast)</onclick>
            <selected>Skin.HasSetting(HideMovieCast)</selected>
          </control>

          <control type="radiobutton" id="825">
            <include>SettingsLabel</include>
            <label>$LOCALIZE[31935]</label>
            <onclick>Skin.ToggleSetting(HideSagaCast)</onclick>
            <selected>Skin.HasSetting(HideSagaCast)</selected>
          </control>
          <!-- -->
           <control type="radiobutton" id="826">
            <include>SettingsLabel</include>
            <label>$LOCALIZE[31837]</label>
            <onclick>Skin.ToggleSetting(LogoDiscFilms)</onclick>
            <selected>Skin.HasSetting(LogoDiscFilms)</selected>
          </control>
          -->


          <!-- series -->
          <control type="group" id="830">
            <height>75</height>
            <control type="image">
              <top>0</top>
              <include>Settings_Line</include>
            </control>
            <control type="image">
              <top>8</top>
              <height>70</height>

              <align>right</align>
              <texture>acteurs/series.png</texture>
              <aspectratio>keep</aspectratio>
            </control>
          </control>
          <control type="radiobutton" id="831">
            <include>SettingsLabel</include>
            <label>$LOCALIZE[31032]</label>
            <onclick>Skin.ToggleSetting(HideTVWatchedOverlays)</onclick>
            <selected>Skin.HasSetting(HideTVWatchedOverlays)</selected>
          </control>
          <control type="radiobutton" id="832">
            <include>SettingsLabel</include>
            <label>$LOCALIZE[31900]</label>
            <onclick>Skin.ToggleSetting(ShowEpisodesNumber)</onclick>
            <selected>Skin.HasSetting(ShowEpisodesNumber)</selected>
            <visible>!Skin.String(ShowUnwatchedEpisodesNumber)</visible>
          </control>

          <control type="radiobutton" id="833">
            <include>SettingsLabel</include>
            <label>$LOCALIZE[31919]</label>
            <onclick>Skin.ToggleSetting(CheckSeries)</onclick>
            <selected>Skin.HasSetting(CheckSeries)</selected>

          </control>
          <control type="radiobutton" id="834">
            <include>SettingsLabel</include>
            <label>$LOCALIZE[31928]</label>
            <onclick>Skin.ToggleSetting(HideTvCast)</onclick>
            <selected>Skin.HasSetting(HideTvCast)</selected>
          </control>
          <control type="radiobutton" id="835">
            <include>SettingsLabel</include>
            <label>$LOCALIZE[31932]</label>
            <onclick>Skin.ToggleSetting(HideMovieTvCastEmpty)</onclick>
            <selected>Skin.HasSetting(HideMovieTvCastEmpty)</selected>
            <visible>!Skin.HasSetting(HideMovieCast)|!Skin.HasSetting(HideTvCast)</visible>
          </control>
          <!-- <control type="radiobutton" id="836">
            <include>SettingsLabel</include>
            <label>Preferer Disque à Logo</label>
            <onclick>Skin.ToggleSetting(LogoDiscSeries)</onclick>
            <selected>Skin.HasSetting(LogoDiscSeries)</selected>
          </control>
         
          
          -->
           <control type="radiobutton" id="837">
            <include>SettingsLabel</include>
            <label>$LOCALIZE[31144]</label>
            <onclick>Skin.ToggleSetting(DisableTvList)</onclick>
            <selected>Skin.HasSetting(DisableTvList)</selected>
          </control>
           <control type="radiobutton" id="838">
            <include>SettingsLabel</include>
            <label>$LOCALIZE[31145]</label>
            <onclick>Skin.ToggleSetting(DisableFocusTvList)</onclick>
            <selected>Skin.HasSetting(DisableFocusTvList)</selected>
            <visible>!Skin.HasSetting(DisableTvList)</visible>
          </control>

        </control>

        <!-- Music Settings -->
        <control type="grouplist" id="9009">
          <visible>Container(9000).Hasfocus(8)</visible>
          <posx>0</posx>
          <posy>0</posy>
          <width>940</width>
          <height>618</height>
          <itemgap>0</itemgap>
          <scrolltime>0</scrolltime>
          <onleft>9000</onleft>
          <onright>9000</onright>
          <control type="radiobutton" id="899">
              <include>SettingsLabel</include>
              <label>$LOCALIZE[31481]</label>
              <onclick>Skin.ToggleSetting(VueExperimentaleMusic)</onclick>
              <selected>Skin.HasSetting(VueExperimentaleMusic)</selected>
            </control>
          
          <control type="image" id="900">
          <include>Settings_Line</include>
          </control>
          
          <control type="radiobutton" id="901">
            <include>SettingsLabel</include>
            <label>$LOCALIZE[31033]</label>
            <onclick>Skin.ToggleSetting(HideMusicFanart)</onclick>
            <selected>Skin.HasSetting(HideMusicFanart)</selected>
          </control>
        
          
          <control type="radiobutton" id="903">
            <include>SettingsLabel</include>
            <label>$LOCALIZE[31057]</label>
            <onclick>Skin.ToggleSetting(MusicSongInfoOverlay)</onclick>
            <selected>Skin.HasSetting(MusicSongInfoOverlay)</selected>
          </control>




          <control type="radiobutton" id="907">
            <include>SettingsLabel</include>
            <label>$LOCALIZE[31455]</label>
            <onclick>Skin.ToggleSetting(HideVisClock)</onclick>
            <selected>Skin.HasSetting(HideVisClock)</selected>
          </control>
          <!----------------------------------------------------------------------- 
          <control type="radiobutton" id="908">
            <include>SettingsLabel</include>
            <label>$LOCALIZE[31433]</label>
            <onclick>Skin.ToggleSetting(VisBgFanart)</onclick>
            <onclick condition="Skin.HasSetting(VisBgExtraFanart)">Skin.ToggleSetting(VisBgExtraFanart)</onclick>
            <onclick  condition="Skin.HasSetting(VisBgArtistSlideshow)">Skin.ToggleSetting(VisBgArtistSlideshow)</onclick>
            <selected>Skin.HasSetting(VisBgFanart)</selected>
          </control>-->
          <control type="radiobutton" id="909">
            <include>SettingsLabel</include>
            <label>$LOCALIZE[31434]</label>
            <onclick  condition="Skin.HasSetting(VisBgArtistSlideshow)">Skin.ToggleSetting(VisBgArtistSlideshow)</onclick>
            <onclick  condition="Skin.HasSetting(VisBgFanart)">Skin.ToggleSetting(VisBgFanart)</onclick>
            <onclick>Skin.ToggleSetting(VisBgExtraFanart)</onclick>
            <selected>Skin.HasSetting(VisBgExtraFanart)</selected>
          </control>
          <control type="radiobutton" id="910">
            <include>SettingsLabel</include>
            <label>$LOCALIZE[31435]</label>
            <onclick condition="!System.HasAddon(script.artistslideshow)">RunScript(script.artistslideshow, daemon=True)</onclick>
            <onclick condition="Skin.HasSetting(VisBgFanart)">Skin.ToggleSetting(VisBgFanart)</onclick>
            <onclick condition="Skin.HasSetting(VisBgExtraFanart)">Skin.ToggleSetting(VisBgExtraFanart)</onclick>
            <onclick>Skin.ToggleSetting(VisBgArtistSlideshow)</onclick>
            <selected>Skin.HasSetting(VisBgArtistSlideshow)</selected>
            <visible>System.HasAddon(script.artistslideshow)</visible>
          </control>

          <control type="button" id="914">
            <include>SettingsLabel</include>
            <label>Install Artists slidewhow script</label>
            <onclick>InstallAddon(script.artistslideshow)</onclick>
            <visible>!System.HasAddon(script.artistslideshow)</visible>
          </control>
          <!--------------------------------------------- -->
          <control type="radiobutton" id="911">
            <include>SettingsLabel</include>
            <label>$LOCALIZE[31432]</label>
            <onclick>Skin.ToggleSetting(VisBgKenBurns)</onclick>
            <selected>Skin.HasSetting(VisBgKenBurns)</selected>
            <visible>Skin.HasSetting(VisBgFanart) | Skin.HasSetting(VisBgExtraFanart) | Skin.HasSetting(VisBgArtistSlideshow)</visible>
          </control>
          <control type="radiobutton" id="912">
            <include>SettingsLabel</include>
            <label>$LOCALIZE[31244] $LOCALIZE[244]</label>
            <onclick>Skin.ToggleSetting(launchmusicfullscreen)</onclick>
            <selected>Skin.HasSetting(launchmusicfullscreen)</selected>
          </control>
          <control type="radiobutton" id="913">
            <include>SettingsLabel</include>
            <label>$LOCALIZE[131] $LOCALIZE[557] $LOCALIZE[21887]</label>
            <onclick>Skin.ToggleSetting(ShowArtistBio)</onclick>
            <selected>Skin.HasSetting(ShowArtistBio)</selected>
          </control>

        </control>

        <!-- Picture Settings -->
        <control type="grouplist" id="9013">
          <visible>Container(9000).Hasfocus(11)</visible>
          <posx>0</posx>
          <posy>0</posy>
          <width>940</width>
          <height>618</height>
          <itemgap>0</itemgap>
          <scrolltime>0</scrolltime>
          <onleft>9000</onleft>
          <onright>9000</onright>
          <control type="radiobutton" id="401">
            <include>SettingsLabel</include>
            <label>$LOCALIZE[31033]</label>
            <onclick>Skin.ToggleSetting(HidePictureFanart)</onclick>
            <selected>Skin.HasSetting(HidePictureFanart)</selected>
          </control>
        </control>

        <!-- Debug -->
        <control type="grouplist" id="9008">
          <visible>Container(9000).Hasfocus(9)</visible>
          <posx>0</posx>
          <posy>0</posy>
          <width>940</width>
          <height>618</height>
          <itemgap>0</itemgap>
          <scrolltime>0</scrolltime>
          <onleft>9000</onleft>
          <onright>9000</onright>

          <control type="button" id="1005">
            <include>SettingsLabel</include>
            <label>$LOCALIZE[31431]</label>
            <onclick>Skin.ToggleSettingSettings</onclick>
            <onclick>ReloadSkin()</onclick>
          </control>
        </control>
      </control>

      <control type="image">
        <include>Animation_CommonFadeNoHide</include>
        <posx>848</posx>
        <posy>76</posy>
        <height>24</height>
        <width>24</width>
        <texture>Arrow2Up.png</texture>
        <visible>[Container(9000).Hasfocus(2) + Container(9002).HasPrevious] | [Container(9000).Hasfocus(5) + Container(9005).HasPrevious] | [Container(9000).Hasfocus(3) + Container(9007).HasPrevious] | [Container(9000).Hasfocus(6) + Container(9006).HasPrevious]</visible>
      </control>
      <control type="image">
        <include>Animation_CommonFadeNoHide</include>
        <posx>848</posx>
        <posy>518</posy>
        <height>24</height>
        <width>24</width>
        <texture>Arrow2Down.png</texture>
        <visible>[Container(9000).Hasfocus(2) + Container(9002).HasNext] | [Container(9000).Hasfocus(5) + Container(9005).HasNext] | [Container(9000).Hasfocus(3) + Container(9007).HasPrevious] | [Container(9000).Hasfocus(6) + Container(9006).HasPrevious]</visible>
      </control>
    </control>

    <control type="group"> <!-- apercu mediasflags -->
    <!-- <visible>[ControlGroup(7008).HasFocus|ControlGroup(9011).HasFocus(804)]+Container(9000).Hasfocus(7)</visible> -->
    <visible>[ControlGroup(7008).HasFocus|ControlGroup(7009).HasFocus|Control.HasFocus(999)|Control.HasFocus(998)]  +Container(9000).Hasfocus(7)</visible>
    <animation effect="fade" start="100" end="50" condition="!ControlGroup(7008).HasFocus+!ControlGroup(7009).HasFocus+!Control.HasFocus(999)+!Control.HasFocus(998)">Conditional</animation>
    <left>-200</left>
    <posy>860</posy>
    <control type="group">
      <control type="image">
      <top>-25</top>
      <left>200</left>
      <width>1920</width>
      <height>200</height>
      <texture>fondflaggris.png</texture>
       
      <aspectratio>stretch</aspectratio>
    </control>
      <control type="grouplist"> <!-- 1ere ligne -->

        <height>150</height>
        <align>center</align>
        <itemgap>0</itemgap>
        <orientation>horizontal</orientation>
        <control type="label">
          <width>100</width>
          <height>80</height>
          <aligny>center</aligny>
          <font>METF_DialogLargeBold</font>
          <label>$LOCALIZE[31276] 1:</label>

        </control>
        <include>mediaflaglinesettings1</include>
      </control>
    </control>
    <control type="group">
      <posy>90</posy>

      <control type="grouplist"> <!-- 2eme ligne -->
        <height>150</height>
        <align>center</align>
        <itemgap>0</itemgap>
        <orientation>horizontal</orientation>
        <control type="label">
          <width>100</width>
          <height>80</height>
          <aligny>center</aligny>
          <font>METF_DialogLargeBold</font>
          <label>$LOCALIZE[31276] 2:</label>

        </control>
        <include>mediaflaglinesettings2</include>
      </control>
    </control>
  
     

  </control>

  <control type="group"> <!-- controles des mediasflags -->
    <visible>[Control.HasFocus(999)|ControlGroup(7008).HasFocus|ControlGroup(7009).HasFocus|ControlGroup(9011).HasFocus(804)]+Container(9000).Hasfocus(7)</visible>
    <animation effect="fade" start="100" end="50" condition="!ControlGroup(7008).HasFocus+!ControlGroup(7009).HasFocus+!Control.HasFocus(999)+!Control.HasFocus(998)">Conditional</animation>
    <control type="image">

      <posx>1295</posx>
      <posy>5</posy>
      <width>580</width>
      <height>770</height>
      <texture>frames/Menu_Glass2b.png</texture>
      <colordiffuse>DialogBackgroundColor</colordiffuse>
    </control>
    <control type="button" id="999">
      <posx>1330</posx>
      <posy>55</posy>
      <ondown>998</ondown>
      <onup>999</onup>
      <onleft>9011</onleft>
      <onback>9011</onback>
      <width>320</width>
      <height>35</height>
      <align>left</align>
      <font>METF_DialogLarge</font>
      <textcolor>TextNF</textcolor>
      <focusedcolor>DialogTextFO</focusedcolor>
      <disabledcolor>TextDisabled</disabledcolor>
      <texturefocus colordiffuse="FocusBar">ButtonFO2Wide2.png</texturefocus>
      <texturenofocus>frames/genrestag.png</texturenofocus> -->
      <textoffsetx>5</textoffsetx>

      <aligny>center</aligny>
      <pulseonselect>false</pulseonselect>
      <label>$LOCALIZE[31485]</label>
      <onclick condition="Skin.HasSetting(hideduree)+!Skin.HasSetting(hideduree2)+">Skin.ToggleSetting(hideduree2)</onclick>
      <onclick condition="Skin.HasSetting(hidegenre)+!Skin.HasSetting(hidegenre2)">Skin.ToggleSetting(hidegenre2)</onclick>
      <onclick condition="Skin.HasSetting(hiderealisateur)+!Skin.HasSetting(hiderealisateur2)">Skin.ToggleSetting(hiderealisateur2)</onclick>
      <onclick condition="Skin.HasSetting(hidestudio)+!Skin.HasSetting(hidestudio2)">Skin.ToggleSetting(hidestudio2)</onclick>
      <onclick condition="Skin.HasSetting(hideannee)+!Skin.HasSetting(hideannee2)">Skin.ToggleSetting(hideannee2)</onclick>
      <onclick condition="Skin.HasSetting(hidenotation)+!Skin.HasSetting(hidenotation2)">Skin.ToggleSetting(hidenotation2)</onclick>
      <onclick condition="Skin.HasSetting(hidempaa)+!Skin.HasSetting(hidempaa2)">Skin.ToggleSetting(hidempaa2)</onclick>
      <onclick condition="Skin.HasSetting(hidesource)+!Skin.HasSetting(hidesource2)">Skin.ToggleSetting(hidesource2)</onclick>
      <onclick condition="Skin.HasSetting(hide3d)+!Skin.HasSetting(hide3d2)">Skin.ToggleSetting(hide3d2)</onclick>

      <onclick condition="Skin.HasSetting(hideduree)">Skin.ToggleSetting(hideduree)</onclick>
      <onclick condition="Skin.HasSetting(hidegenre)">Skin.ToggleSetting(hidegenre)</onclick>
      <onclick condition="Skin.HasSetting(hiderealisateur)">Skin.ToggleSetting(hiderealisateur)</onclick>
      <onclick condition="Skin.HasSetting(hidestudio)">Skin.ToggleSetting(hidestudio)</onclick>
      <onclick condition="Skin.HasSetting(hideannee)">Skin.ToggleSetting(hideannee)</onclick>
      <onclick condition="Skin.HasSetting(hidenotation)">Skin.ToggleSetting(hidenotation)</onclick>
      <onclick condition="Skin.HasSetting(hidempaa)">Skin.ToggleSetting(hidempaa)</onclick>
      <onclick condition="Skin.HasSetting(hidesource)">Skin.ToggleSetting(hidesource)</onclick>
      <onclick condition="Skin.HasSetting(hide3d)">Skin.ToggleSetting(hide3d)</onclick>

      <onclick condition="!Skin.HasSetting(hideitemcountry)+Skin.HasSetting(hideitemcountry2)">Skin.ToggleSetting(hideitemcountry)</onclick>
      <onclick condition="!Skin.HasSetting(hidecodecvideo)+Skin.HasSetting(hidecodecvideo2)">Skin.ToggleSetting(hidecodecvideo)</onclick>
      <onclick condition="!Skin.HasSetting(hideresolution)+Skin.HasSetting(hideresolution2)">Skin.ToggleSetting(hideresolution)</onclick>
      <onclick condition="!Skin.HasSetting(hideaspect)+Skin.HasSetting(hideaspect2)">Skin.ToggleSetting(hideaspect)</onclick>
      <onclick condition="!Skin.HasSetting(hidesoustitres)+Skin.HasSetting(hidesoustitres2)">Skin.ToggleSetting(hidesoustitres)</onclick>
      <onclick condition="!Skin.HasSetting(hidelangues)+Skin.HasSetting(hidelangues2)">Skin.ToggleSetting(hidelangues)</onclick>

      <onclick condition="Skin.HasSetting(hideitemcountry2)">Skin.ToggleSetting(hideitemcountry2)</onclick>
      <onclick condition="Skin.HasSetting(hidecodecvideo2)">Skin.ToggleSetting(hidecodecvideo2)</onclick>
      <onclick condition="Skin.HasSetting(hideresolution2)">Skin.ToggleSetting(hideresolution2)</onclick>
      <onclick condition="Skin.HasSetting(hideaspect2)">Skin.ToggleSetting(hideaspect2)</onclick>
      <onclick condition="Skin.HasSetting(hidesoustitres2)">Skin.ToggleSetting(hidesoustitres2)</onclick>
      <onclick condition="Skin.HasSetting(hidelangues2)">Skin.ToggleSetting(hidelangues2)</onclick>
    </control>
    <control type="radiobutton" id="998">
      <posx>1330</posx>
      <posy>95</posy>
      <ondown>7008</ondown>
      <onup>999</onup>
      <onleft>9011</onleft>
      <onback>9011</onback>
      <label>$LOCALIZE[31786]</label>
      <include>BoutonCommunFlags</include>
      <selected>Skin.HasSetting(Hide_ExtraMediaFlags)</selected>
      <onclick>Skin.ToggleSetting(Hide_ExtraMediaFlags)</onclick>
    </control>

    <control type="label">
      <posx>1600</posx>
      <posy>150</posy>
      <label>$LOCALIZE[31276] 1</label>
      <visible>!Skin.HasSetting(Hide_ExtraMediaFlags)</visible>
    </control>
    <control type="label">
      <posx>1735</posx>
      <posy>150</posy>
      <label>$LOCALIZE[31276] 2</label>
      <visible>!Skin.HasSetting(Hide_ExtraMediaFlags)</visible>
    </control>
    <control type="group"> <!-- label L1 -->
      <posx>1300</posx>
      <posy>170</posy>

      <control type="grouplist" id="7008">
        <visible>!Skin.HasSetting(Hide_ExtraMediaFlags)</visible>
        <posx>30</posx>
        <posy>15</posy>
        <width>320</width>
        <height>550</height>
        <itemgap>1</itemgap>
        <onleft>9011</onleft>
        <onback>9011</onback>
        <onright>7009</onright>
        <onup>998</onup>
        <ondown>7008</ondown>
        <orientation>vertical</orientation>
        <!--

        -->


        <control type="radiobutton" id="1000">
           <font>METF_DialogLargeBold</font>
<label>$LOCALIZE[31748]</label>
          <include>BoutonCommunFlags</include>
          <onright>2000</onright>
          <selected>!Skin.HasSetting(hideduree)</selected>
          <onclick>Skin.ToggleSetting(hideduree)</onclick>
          <onclick condition="!Skin.HasSetting(hideduree2)">Skin.ToggleSetting(hideduree2)</onclick>

        </control>
        <control type="radiobutton" id="1001">
           <font>METF_DialogLargeBold</font>
<label>$LOCALIZE[31752]</label>
          <include>BoutonCommunFlags</include>
          <onright>2001</onright>
          <selected>!Skin.HasSetting(hidegenre)</selected>
          <onclick>Skin.ToggleSetting(hidegenre)</onclick>
          <onclick condition="!Skin.HasSetting(hidegenre2)">Skin.ToggleSetting(hidegenre2)</onclick>

        </control>
        <control type="radiobutton" id="1002">
           <font>METF_DialogLargeBold</font>
<label>$LOCALIZE[31776]</label>
          <include>BoutonCommunFlags</include>
          <onright>2002</onright>
          <selected>!Skin.HasSetting(hidestudio)</selected>
          <onclick>Skin.ToggleSetting(hidestudio)</onclick>
          <onclick condition="!Skin.HasSetting(hidestudio2)">Skin.ToggleSetting(hidestudio2)</onclick>

        </control>
        <control type="radiobutton" id="1003">
           <font>METF_DialogLargeBold</font>
           <label>$LOCALIZE[20339]</label>
          <include>BoutonCommunFlags</include>
          <onright>2003</onright>
          <selected>!Skin.HasSetting(hiderealisateur)</selected>
          <onclick>Skin.ToggleSetting(hiderealisateur)</onclick>
          <onclick condition="!Skin.HasSetting(hiderealisateur2)">Skin.ToggleSetting(hiderealisateur2)</onclick>

        </control>
        <control type="radiobutton" id="1004">
           <font>METF_DialogLargeBold</font>
<label>$LOCALIZE[31754]</label>
          <include>BoutonCommunFlags</include>
          <onright>2004</onright>
          <selected>!Skin.HasSetting(hideannee)</selected>
          <onclick>Skin.ToggleSetting(hideannee)</onclick>
          <onclick condition="!Skin.HasSetting(hideannee2)">Skin.ToggleSetting(hideannee2)</onclick>

        </control>
        <control type="radiobutton" id="1005">
           <font>METF_DialogLargeBold</font>
<label>$LOCALIZE[31755]</label>
          <include>BoutonCommunFlags</include>
          <onright>2005</onright>
          <selected>!Skin.HasSetting(hidenotation)</selected>
          <onclick>Skin.ToggleSetting(hidenotation)</onclick>
          <onclick condition="!Skin.HasSetting(hidenotation2)">Skin.ToggleSetting(hidenotation2)</onclick>

        </control>
        <control type="radiobutton" id="1006">
           <font>METF_DialogLargeBold</font>
<label>$LOCALIZE[31768]</label>
          <include>BoutonCommunFlags</include>
          <onright>2006</onright>
          <selected>!Skin.HasSetting(hidempaa)</selected>
          <onclick>Skin.ToggleSetting(hidempaa)</onclick>
          <onclick condition="!Skin.HasSetting(hidempaa2)">Skin.ToggleSetting(hidempaa2)</onclick>

        </control>
        <control type="radiobutton" id="1007">
           <font>METF_DialogLargeBold</font>
<label>$LOCALIZE[31788]</label>
          <include>BoutonCommunFlags</include>
          <onright>2007</onright>
          <selected>!Skin.HasSetting(hidesource)</selected>
          <onclick>Skin.ToggleSetting(hidesource)</onclick>
          <onclick condition="!Skin.HasSetting(hidesource2)">Skin.ToggleSetting(hidesource2)</onclick>

        </control>
        <control type="radiobutton" id="1017">
           <font>METF_DialogLargeBold</font>
<label>$LOCALIZE[31789]</label>
          <include>BoutonCommunFlags</include>
          <onright>2017</onright>
          <selected>!Skin.HasSetting(hide3d)</selected>
          <onclick>Skin.ToggleSetting(hide3d)</onclick>
          <onclick condition="!Skin.HasSetting(hide3d2)">Skin.ToggleSetting(hide3d2)</onclick>

        </control>

        <control type="radiobutton" id="1020">
           <font>METF_DialogLargeBold</font>
<label>$LOCALIZE[31753]</label>
          <include>BoutonCommunFlags</include>
          <onright>2020</onright>
          <selected>!Skin.HasSetting(hideitemcountry)</selected>
          <onclick>Skin.ToggleSetting(hideitemcountry)</onclick>
          <onclick condition="!Skin.HasSetting(hideitemcountry2)">Skin.ToggleSetting(hideitemcountry2)</onclick>

        </control>
        <control type="radiobutton" id="1021">
           <font>METF_DialogLargeBold</font>
<label>$LOCALIZE[31770]</label>
          <onright>2021</onright>
          <include>BoutonCommunFlags</include>
          <selected>!Skin.HasSetting(hidecodecvideo)</selected>
          <onclick>Skin.ToggleSetting(hidecodecvideo)</onclick>
          <onclick condition="!Skin.HasSetting(hidecodecvideo2)">Skin.ToggleSetting(hidecodecvideo2)</onclick>

        </control>
        <control type="radiobutton" id="1022">
           <font>METF_DialogLargeBold</font>
<label>$LOCALIZE[31769]</label>
          <include>BoutonCommunFlags</include>
          <onright>2022</onright>
          <selected>!Skin.HasSetting(hideresolution)</selected>
          <onclick>Skin.ToggleSetting(hideresolution)</onclick>
          <onclick condition="!Skin.HasSetting(hideresolution2)">Skin.ToggleSetting(hideresolution2)</onclick>

        </control>
        <control type="radiobutton" id="1023">
           <font>METF_DialogLargeBold</font>
<label>$LOCALIZE[31771]</label>
          <onright>2023</onright>
          <include>BoutonCommunFlags</include>
          <selected>!Skin.HasSetting(hideaspect)</selected>
          <onclick>Skin.ToggleSetting(hideaspect)</onclick>
          <onclick condition="!Skin.HasSetting(hideaspect2)">Skin.ToggleSetting(hideaspect2)</onclick>

        </control>
        <control type="radiobutton" id="1024">
           <font>METF_DialogLargeBold</font>
<label>$LOCALIZE[31775]</label>
          <onright>2024</onright>
          <include>BoutonCommunFlags</include>
          <selected>!Skin.HasSetting(hidesoustitres)</selected>
          <onclick>Skin.ToggleSetting(hidesoustitres)</onclick>
          <onclick condition="!Skin.HasSetting(hidesoustitres2)">Skin.ToggleSetting(hidesoustitres2)</onclick>

        </control>
        <control type="radiobutton" id="1025">
           <font>METF_DialogLargeBold</font>
           <label>$LOCALIZE[31774]</label>
          <include>BoutonCommunFlags</include>
          <onright>2025</onright>
          <selected>!Skin.HasSetting(hidelangues)</selected>
          <onclick>Skin.ToggleSetting(hidelangues)</onclick>
          <onclick condition="!Skin.HasSetting(hidelangues2)">Skin.ToggleSetting(hidelangues2)</onclick>

        </control>

      </control>


    </control>
   
    <control type="group"> <!-- L2 -->
      <posx>1500</posx>
      <posy>170</posy>
      <visible>!Skin.HasSetting(Hide_ExtraMediaFlags)</visible>

      <control type="grouplist" id="7009">
        <posx>230</posx>
        <posy>15</posy>
        <width>490</width>
        <height>550</height>
        <itemgap>1</itemgap>
        <onleft>setfocus(7008)</onleft>
        <onright>7009</onright>
        <onback>9011</onback>
        <onup>998</onup>
        <ondown>7009</ondown>
        <orientation>vertical</orientation>
        <!--
        <control type="radiobutton" id="999">
        <label> </label>

        <include>BoutonCommunFlags2</include>
        <selected>Skin.HasSetting(Hide_ExtraMediaFlags)</selected>
        <onclick>Skin.ToggleSetting(Hide_ExtraMediaFlags)</onclick>
        </control>
        -->


        <control type="radiobutton" id="2000">
          <label></label>
          <include>BoutonCommunFlags2</include>
          <onleft>1000</onleft>

          <selected>!Skin.HasSetting(hideduree2)</selected>
          <onclick>Skin.ToggleSetting(hideduree2)</onclick>
          <onclick condition="!Skin.HasSetting(hideduree)">Skin.ToggleSetting(hideduree)</onclick>
        </control>

        <control type="radiobutton" id="2001">
          <label></label>
          <include>BoutonCommunFlags2</include>
          <onleft>1001</onleft>


          <selected>!Skin.HasSetting(hidegenre2)</selected>
          <onclick>Skin.ToggleSetting(hidegenre2)</onclick>
          <onclick condition="!Skin.HasSetting(hidegenre)">Skin.ToggleSetting(hidegenre)</onclick>

        </control>
        <control type="radiobutton" id="2002">
          <label></label>
          <include>BoutonCommunFlags2</include>
          <onleft>1002</onleft>


          <selected>!Skin.HasSetting(hidestudio2)</selected>
          <onclick>Skin.ToggleSetting(hidestudio2)</onclick>
          <onclick condition="!Skin.HasSetting(hidestudio)">Skin.ToggleSetting(hidestudio)</onclick>

        </control>
         <control type="radiobutton" id="2003">
          <label></label>
          <include>BoutonCommunFlags2</include>
          <onleft>1003</onleft>


          <selected>!Skin.HasSetting(hiderealisateur2)</selected>
          <onclick>Skin.ToggleSetting(hiderealisateur2)</onclick>
          <onclick condition="!Skin.HasSetting(hiderealisateur)">Skin.ToggleSetting(hiderealisateur)</onclick>

        </control>
        <control type="radiobutton" id="2004">
          <label></label>
          <include>BoutonCommunFlags2</include>
          <onleft>1004</onleft>


          <selected>!Skin.HasSetting(hideannee2)</selected>
          <onclick>Skin.ToggleSetting(hideannee2)</onclick>
          <onclick condition="!Skin.HasSetting(hideannee)">Skin.ToggleSetting(hideannee)</onclick>

        </control>
        <control type="radiobutton" id="2005">
          <label></label>
          <include>BoutonCommunFlags2</include>
          <onleft>1005</onleft>


          <selected>!Skin.HasSetting(hidenotation2)</selected>
          <onclick>Skin.ToggleSetting(hidenotation2)</onclick>
          <onclick condition="!Skin.HasSetting(hidenotation)">Skin.ToggleSetting(hidenotation)</onclick>

        </control>
        <control type="radiobutton" id="2006">
          <label></label>
          <include>BoutonCommunFlags2</include>
          <onleft>1006</onleft>


          <selected>!Skin.HasSetting(hidempaa2)</selected>
          <onclick>Skin.ToggleSetting(hidempaa2)</onclick>
          <onclick condition="!Skin.HasSetting(hidempaa)">Skin.ToggleSetting(hidempaa)</onclick>

        </control>
        <control type="radiobutton" id="2007">
          <label></label>
          <include>BoutonCommunFlags2</include>
          <onleft>1007</onleft>


          <selected>!Skin.HasSetting(hidesource2)</selected>
          <onclick>Skin.ToggleSetting(hidesource2)</onclick>
          <onclick condition="!Skin.HasSetting(source)">Skin.ToggleSetting(source)</onclick>

        </control>
        <control type="radiobutton" id="2017">
          <label></label>
          <include>BoutonCommunFlags2</include>
          <onleft>1017</onleft>


          <selected>!Skin.HasSetting(hide3d2)</selected>
          <onclick>Skin.ToggleSetting(hide3d2)</onclick>
          <onclick condition="!Skin.HasSetting(hide3d)">Skin.ToggleSetting(hide3d)</onclick>

        </control>

        <control type="radiobutton" id="2020">
          <label></label>
          <include>BoutonCommunFlags2</include>
          <onleft>1020</onleft>


          <selected>!Skin.HasSetting(hideitemcountry2)</selected>
          <onclick>Skin.ToggleSetting(hideitemcountry2)</onclick>
          <onclick condition="!Skin.HasSetting(hideitemcountry)">Skin.ToggleSetting(hideitemcountry)</onclick>

        </control>
        <control type="radiobutton" id="2021">
          <label></label>
          <include>BoutonCommunFlags2</include>
          <onleft>1021</onleft>


          <selected>!Skin.HasSetting(hidecodecvideo2)</selected>
          <onclick>Skin.ToggleSetting(hidecodecvideo2)</onclick>
          <onclick condition="!Skin.HasSetting(hidecodecvideo)">Skin.ToggleSetting(hidecodecvideo)</onclick>
        </control>


        <control type="radiobutton" id="2022">
          <label></label>
          <include>BoutonCommunFlags2</include>
          <onleft>1022</onleft>


          <selected>!Skin.HasSetting(hideresolution2)</selected>
          <onclick>Skin.ToggleSetting(hideresolution2)</onclick>
          <onclick condition="!Skin.HasSetting(hideresolution)">Skin.ToggleSetting(hideresolution)</onclick>

        </control>
        <control type="radiobutton" id="2023">
          <label></label>
          <include>BoutonCommunFlags2</include>
          <onleft>1023</onleft>


          <selected>!Skin.HasSetting(hideaspect2)</selected>
          <onclick>Skin.ToggleSetting(hideaspect2)</onclick>
          <onclick condition="!Skin.HasSetting(hideaspect)">Skin.ToggleSetting(hideaspect)</onclick>

        </control>
        <control type="radiobutton" id="2024">
          <label></label>
          <include>BoutonCommunFlags2</include>
          <onleft>1024</onleft>


          <selected>!Skin.HasSetting(hidesoustitres2)</selected>
          <onclick>Skin.ToggleSetting(hidesoustitres2)</onclick>
          <onclick condition="!Skin.HasSetting(hidesoustitres)">Skin.ToggleSetting(hidesoustitres)</onclick>

        </control>
        <control type="radiobutton" id="2025">
          <label></label>
          <include>BoutonCommunFlags2</include>
          <onleft>1025</onleft>


          <selected>!Skin.HasSetting(hidelangues2)</selected>
          <onclick>Skin.ToggleSetting(hidelangues2)</onclick>
          <onclick condition="!Skin.HasSetting(hidelangues)">Skin.ToggleSetting(hidelangues)</onclick>

        </control>
      </control>
    </control>
  </control>


  <control type="group"> <!-- POLICE TITRE -->
      <posx>800</posx>
      <posy>40</posy>
      <control type="image">
            <posx>-10</posx>
            <posy>-40</posy>
            <height>1080</height>
    <width>10</width>
    <texture border="2">VideoInfoLine.png</texture>
    <colordiffuse>SettingsLine</colordiffuse>
    <visible>ControlGroup(9014).HasFocus|ControlGroup(7100).HasFocus|ControlGroup(7101).HasFocus</visible>
            
        </control>

  <control type="grouplist" id="7100">
       <visible>[ControlGroup(9014).HasFocus+ControlGroup(9014).HasFocus(198)]|ControlGroup(7100).HasFocus</visible>
        <posx>30</posx>
        <posy>15</posy>
        <width>500</width>
        <height>530</height>
        <itemgap>1</itemgap>
        <onleft>9014</onleft>
        <onback>9014</onback>
        
        <orientation>vertical</orientation>
    
    
    
      <control type="radiobutton" id="200">
            <width>500</width>
            <include>ExampleTitre</include>
            <height>50</height>
            <font>TitrePolice1</font>
            <include>SettingsLabel</include>
            <onclick>Skin.SetString(titrepolice,1)</onclick>
            <selected>String.IsEqual(Skin.String(titrepolice),1)|String.IsEmpty(Skin.String(titrepolice))</selected>
          </control>
          <control type="radiobutton" id="201">
            <height>50</height>
            <width>500</width>
            <include>ExampleTitre</include>
            <font>TitrePolice2</font>
            <include>SettingsLabel</include>
            <onclick>Skin.SetString(titrepolice,2)</onclick>
            <selected>String.IsEqual(Skin.String(titrepolice),2)</selected>
          </control>
          <control type="radiobutton" id="202">
           <height>50</height>
           <width>500</width>
            <include>ExampleTitre</include>
            <font>TitrePolice3</font>
            <include>SettingsLabel</include>
            <onclick>Skin.SetString(titrepolice,3)</onclick>
            <selected>String.IsEqual(Skin.String(titrepolice),3)</selected>
          </control>
          <control type="radiobutton" id="203">
            <height>50</height>
            <width>500</width>
            <include>ExampleTitre</include>
            <font>TitrePolice4</font>
            <include>SettingsLabel</include>
            <onclick>Skin.SetString(titrepolice,4)</onclick>
            <selected>String.IsEqual(Skin.String(titrepolice),4)</selected>
          </control>
          <control type="radiobutton" id="204">
            <height>50</height>
            <width>500</width>
            <include>ExampleTitre</include>
            <font>TitrePolice5</font>
            <include>SettingsLabel</include>
            <onclick>Skin.SetString(titrepolice,5)</onclick>
            <selected>String.IsEqual(Skin.String(titrepolice),5)</selected>
          </control>
          <control type="radiobutton" id="205">
            <height>50</height>
            <width>500</width>
            <include>ExampleTitre</include>
            <font>TitrePolice6</font>
            <include>SettingsLabel</include>
            <onclick>Skin.SetString(titrepolice,6)</onclick>
            <selected>String.IsEqual(Skin.String(titrepolice),6)</selected>
          </control>
          <control type="radiobutton" id="206">
            <height>50</height>
            <width>500</width>
            <include>ExampleTitre</include>
            <font>TitrePolice7</font>
            <include>SettingsLabel</include>
            <onclick>Skin.SetString(titrepolice,7)</onclick>
            <selected>String.IsEqual(Skin.String(titrepolice),7)</selected>
          </control>
          <control type="radiobutton" id="207">
            <height>50</height>
            <width>500</width>
            <include>ExampleTitre</include>
            <font>TitrePolice8</font>
            <include>SettingsLabel</include>
            <onclick>Skin.SetString(titrepolice,8)</onclick>
            <selected>String.IsEqual(Skin.String(titrepolice),8)</selected>
          </control>
  </control>
  <control type="grouplist" id="7101">
    <visible>[ControlGroup(9014).HasFocus+ControlGroup(9014).HasFocus(199)]|ControlGroup(7101).HasFocus</visible>
    <posx>30</posx>
    <posy>15</posy>
    <width>800</width>
    <height>530</height>
    <itemgap>1</itemgap>
    <onleft>9014</onleft>
    <onback>9014</onback>
    <orientation>vertical</orientation>
    <control type="radiobutton" id="312">
      
      <include>BlaBla</include>
      <width>800</width>
<height>50</height>
      <font>PlotPolice1</font>
      <include>SettingsLabel</include>
      <onclick>Skin.SetString(plotpolice,1)</onclick>
      <selected>String.IsEqual(Skin.String(plotpolice),1)|String.IsEmpty(Skin.String(plotpolice))</selected>
    </control>
    <control type="radiobutton" id="301">
      <width>800</width>
<height>50</height>
      <include>BlaBla</include>
      <font>PlotPolice2</font>
      <include>SettingsLabel</include>
      <onclick>Skin.SetString(plotpolice,2)</onclick>
      <selected>String.IsEqual(Skin.String(plotpolice),2)</selected>
    </control>
    <control type="radiobutton" id="302">
     <width>800</width>
<height>50</height>
      <include>BlaBla</include>
      <font>PlotPolice3</font>
      <include>SettingsLabel</include>
      <onclick>Skin.SetString(plotpolice,3)</onclick>
      <selected>String.IsEqual(Skin.String(plotpolice),3)</selected>
    </control>
    <control type="radiobutton" id="303">
      <width>800</width>
<height>50</height>
      <include>BlaBla</include>
      <font>PlotPolice4</font>
      <include>SettingsLabel</include>
      <onclick>Skin.SetString(plotpolice,4)</onclick>
      <selected>String.IsEqual(Skin.String(plotpolice),4)</selected>
    </control>
    <control type="radiobutton" id="304">
      <width>800</width>
<height>50</height>
      <include>BlaBla</include>
      <font>PlotPolice5</font>
      <include>SettingsLabel</include>
      <onclick>Skin.SetString(plotpolice,5)</onclick>
      <selected>String.IsEqual(Skin.String(plotpolice),5)</selected>
    </control>
    <control type="radiobutton" id="305">
      <width>800</width>
<height>50</height>
      <include>BlaBla</include>
      <font>PlotPolice6</font>
      <include>SettingsLabel</include>
      <onclick>Skin.SetString(plotpolice,6)</onclick>
      <selected>String.IsEqual(Skin.String(plotpolice),6)</selected>
    </control>
    <control type="radiobutton" id="306">
      <width>800</width>
<height>50</height>
      <include>BlaBla</include>
      <font>PlotPolice7</font>
      <include>SettingsLabel</include>
      <onclick>Skin.SetString(plotpolice,7)</onclick>
      <selected>String.IsEqual(Skin.String(plotpolice),7)</selected>
    </control>
    <control type="radiobutton" id="307">
      <width>800</width>
<height>50</height>
      <include>BlaBla</include>
      <font>PlotPolice8</font>
      <include>SettingsLabel</include>
      <onclick>Skin.SetString(plotpolice,8)</onclick>
      <selected>String.IsEqual(Skin.String(plotpolice),8)</selected>
    </control>
  </control>
  
</control>

  <include>Global_ContextFilter</include>



  <include>Global_MediaOverlay</include>
<!--<include>Setting_Heading</include>-->

</control>

</controls>
</window>
