<?xml version="1.0" encoding="UTF-8"?>
<window id="2001">
	<defaultcontrol>7001</defaultcontrol>
	<include>Animation_FadedByMenu</include>
	<include>Animation_CommonFade</include>
	<include>Animation_OpenCloseFade</include>
	<controls>
		<control type="group">
			<posx>50</posx>
			<posy>80</posy>
			<!--- fond -->
			<control type="image">
				<posx>0</posx>
				<posy>0</posy>
				<width>1750</width>
				<height>830</height>
				<colordiffuse>BackgroundColor</colordiffuse> 
				<texture>frames/fondinfogris.png</texture>	
				<aspectratio scalediffuse="false">stretch</aspectratio>					
			</control>		
		
			<!-- All views -->			
			<control type="group">
				<posx>360</posx>
				<posy>0</posy>
				<!-- FOND -->
				<!--
				<control type="label">
					<label>$INFO[Container.Content]</label>
					
				</control>
				-->
				<!-- Album info -->			
				<control type="group">
					<visible>![StringCompare(ListItem.DBtype,song) | StringCompare(ListItem.DBtype,artist)]</visible>					
					<!-- Album Title -->
					<control type="fadelabel">
						<posx>-325</posx>
						<posy>10</posy>
						<width>1200</width>
						<align>center</align>
						<height>30</height>
						<font>METF_TitleTextLarge</font>
						<textcolor>TitleText</textcolor>
						<info>ListItem.Album</info>
					</control>
					<!-- Album Rating -->
					<control type="image">
						<posx>-8</posx>
						<posy>695</posy>
						<width>515</width>
						<height>30</height>
						<aligny>center</aligny>
						<texture fallback="LeftRating/rating0.png">$INFO[ListItem.Rating,rating,.png]</texture>
						<aspectratio align="center" aligny="center">keep</aspectratio>
						<colordiffuse>MediaFlagDiffuse</colordiffuse>
						<visible>IsEmpty(ListItem.UserRating)</visible>
					</control>
					<control type="image">
						<posx>-8</posx>
						<posy>695</posy>
						<width>515</width>
						<height>30</height>
						<aligny>center</aligny>
						<texture>$INFO[ListItem.UserRating,LeftRating/rating,.png]</texture>
						<aspectratio align="center" aligny="center">keep</aspectratio>
						<colordiffuse>MediaFlagDiffuse</colordiffuse>
						<visible>!IsEmpty(ListItem.UserRating)</visible>
					</control>
					<!-- Album Year -->			
					<control type="label">
						<posx>-325</posx>
						<posy>60</posy>
						<width>300</width>
						<height>36</height>
						<align>left</align>
						<aligny>center</aligny>
						<font>METF_PlotText</font>				
						<label>[COLOR=MediaDetailsInfo]$LOCALIZE[562]: [/COLOR][COLOR=TextNF]$INFO[ListItem.Year][/COLOR]</label>
					</control>
					<!-- Artist Genre -->
					<control type="label">
						<posx>-325</posx>
						<posy>655</posy>
						<width>275</width>
						<height>30</height>
						<align>center</align>
						<font>METF_InfoText</font>
						<textcolor>MediaDetailsInfo</textcolor>
						<label>$LOCALIZE[515]</label>
					</control>
					<control type="label">
						<posx>-325</posx>
						<posy>685</posy>
						<width>275</width>
						<height>30</height>
						<align>center</align>
						<font>METF_InfoText</font>
						<textcolor>MediaDetailsGenre</textcolor>
						<info>ListItem.Genre</info>
					</control>
					<!-- Album Artist -->
					<control type="label">
						<posx>-325</posx>
						<posy>505</posy>
						<width>275</width>
						<font>METF_InfoText</font>
						<textcolor>MediaDetailsInfo</textcolor>
						<align>center</align>
						<label>$LOCALIZE[557]</label>
					</control>
					<control type="textbox">
						<posx>-325</posx>
						<posy>525</posy>
						<width>275</width>
						<height>50</height>
						<align>center</align>
						<font>METF_InfoText</font>
						<textcolor>TextNF</textcolor>
						<label fallback="161">$INFO[ListItem.Artist]</label>
					</control>
					<!-- Album Studio -->
					<control type="label">
						<posx>-325</posx>
						<posy>575</posy>
						<width>275</width>
						<font>METF_InfoText</font>
						<textcolor>MediaDetailsInfo</textcolor>
						<align>center</align>
						<label>$LOCALIZE[21899]</label>
					</control>
					<control type="textbox">
						<posx>-325</posx>
						<posy>595</posy>
						<width>275</width>
						<height>50</height>
						<align>center</align>
						<font>METF_InfoText</font>
						<textcolor>TextNF</textcolor>
						<label fallback="161">$INFO[ListItem.Property(Album_Label)]</label>
					</control>
				
					<control type="group">
						<posx>850</posx>
						<posy>200</posy>
						<!-- Album Styles -->
						<control type="label">
							<posy>290</posy>
							<width>340</width>
							<font>METF_InfoText</font>
							<textcolor>MediaDetailsInfo</textcolor>
							<align>center</align>
							<label>$LOCALIZE[176]</label>
						</control>
						<control type="textbox">
							<posy>315</posy>
							<height>74</height>
							<width>340</width>
							<align>center</align>
							<font>METF_PlotText</font>
							<textcolor>TextNF</textcolor>
							<label fallback="161">$INFO[ListItem.Property(Album_Style)]</label>
							<include condition="!Skin.HasSetting(AutoScrollFast)">AutoScrollShort</include>
							<include condition="Skin.HasSetting(AutoScrollFast)">AutoScrollShortFast</include>
						</control>
						<!-- Album Moods -->
						<control type="label">
							<posy>400</posy>
							<width>340</width>
							<font>METF_InfoText</font>
							<textcolor>MediaDetailsInfo</textcolor>
							<align>center</align>
							<label>$LOCALIZE[175]</label>
						</control>
						<control type="textbox">
							<posy>426</posy>
							<height>96</height>
							<width>340</width>
							<align>center</align>
							<font>METF_PlotText</font>
							<textcolor>TextNF</textcolor>
							<label fallback="161">$INFO[ListItem.Property(Album_Mood)]</label>
							<include condition="!Skin.HasSetting(AutoScrollFast)">AutoScrollShort</include>
							<include condition="Skin.HasSetting(AutoScrollFast)">AutoScrollShortFast</include>
						</control>
					</control>
					<!-- Album Description -->
					<control type="textbox">
						<posx>50</posx>
						<posy>138</posy>
						<width>650</width>
						<height>339</height>
						<font>METF_PlotText</font>
						<textcolor>TextNF</textcolor>
						<align>justify</align>
						<label fallback="161">$INFO[ListItem.Property(Album_Description)]</label>
						<include condition="!Skin.HasSetting(AutoScrollFast)">AutoScrollLong</include>
						<include condition="Skin.HasSetting(AutoScrollFast)">AutoScrollLongFast</include>
						<visible>!Control.IsVisible(50)</visible>
					</control>
				
				
				</control>
				<!-- -->
			<control type="list" id="555">
			<visible>![StringCompare(ListItem.DBtype,song) | StringCompare(ListItem.DBtype,artist)]+ !IntegerGreaterThan(Container(50).NumItems,1)</visible>			
			<posx>80</posx>
					<posy>105</posy>
					<width>515</width>
					<height>350</height>
			<align>center</align>
			<autoscroll time="2500">true</autoscroll>
			<itemgap>0</itemgap>
			<visible>Container.Content(albums)</visible>
			<orientation>vertical</orientation>
			<itemlayout width="515" height="25">				
				<control type="label">
					<font>METF_DialogLargeBold</font>
					<align>left</align>
					<label>$INFO[ListItem.TrackNumber,,. ]$INFO[ListItem.Title]</label>
				</control>
			</itemlayout>
			<focusedlayout width="515" height="25">				
				<control type="label">
					<align>left</align>
					<font>METF_DialogLargeBold</font>
					<label>$INFO[ListItem.TrackNumber,,. ]$INFO[ListItem.Title]</label>
				</control>				
			</focusedlayout>
			<content>musicdb://albums/$INFO[ListItem.DBID]</content>
		</control>
				-->
				<!-- song list -->
				<control type="list" id="50">
				<visible>![StringCompare(ListItem.DBtype,song) | StringCompare(ListItem.DBtype,artist)]</visible>					

					<posx>80</posx>
					<posy>105</posy>
					<width>515</width>
					<height>350</height>
					<onleft>7001</onleft>
					<onright>7001</onright>
					<onup>50</onup>
					<ondown>7001</ondown>
					<viewtype label="">list</viewtype>
					<pagecontrol>-</pagecontrol>
					<scrolltime>0</scrolltime>
					<orientation>vertical</orientation>
					<itemlayout height="24" width="516">
						<control type="label" id="99">
							<posx>10</posx>
							<posy>3</posy>
							<width>500</width>
							<height>24</height>
							<align>left</align>
							<aligny>center</aligny>
							<font>METF_InfoTextLarger</font>
							<textcolor>TextNF</textcolor>
							<label>$INFO[ListItem.TrackNumber,,. ]$INFO[ListItem.Label]</label>
						</control>
					</itemlayout>
					<focusedlayout height="24" width="516">
						<control type="label">
							<posx>10</posx>
							<posy>3</posy>
							<width>500</width>
							<height>24</height>
							<align>left</align>
							<aligny>center</aligny>
							<font>METF_InfoTextLarger</font>
							<textcolor>TextFO</textcolor>
							<scrollspeed>30</scrollspeed>
							<label fallback="161">$INFO[ListItem.TrackNumber,,. ]$INFO[ListItem.Label]</label>
						</control>
					</focusedlayout>
				</control>
				
				
				<!-- Song info -->						
				<control type="group">
					<visible>StringCompare(ListItem.DBtype,song)</visible>
					<!-- Song Title -->
					<control type="fadelabel">
						<posx>-325</posx>
						<posy>10</posy>
						<width>1200</width>
						<align>center</align>
						<height>30</height>
						<font>METF_TitleTextLarge</font>
						<textcolor>TitleText</textcolor>
						<info>ListItem.Title</info>
					</control>
					<!-- Song Rating -->
					<control type="image">
						<posx>-8</posx>
						<posy>495</posy>
						<width>515</width>
						<height>30</height>
						<aligny>center</aligny>
						<texture fallback="LeftRating/rating0.png">$INFO[ListItem.Rating,rating,.png]</texture>
						<aspectratio align="center" aligny="center">keep</aspectratio>
						<colordiffuse>MediaFlagDiffuse</colordiffuse>
						<visible>IsEmpty(ListItem.UserRating)</visible>
					</control>
					<control type="image">
						<posx>-8</posx>
						<posy>495</posy>
						<width>515</width>
						<height>30</height>
						<aligny>center</aligny>
						<texture>$INFO[ListItem.UserRating,LeftRating/rating,.png]</texture>
						<aspectratio align="center" aligny="center">keep</aspectratio>
						<colordiffuse>MediaFlagDiffuse</colordiffuse>
						<visible>!IsEmpty(ListItem.UserRating)</visible>
					</control>
					<!-- Song Artist -->
					<control type="label">
						<posx>-325</posx>
						<posy>55</posy>
						<width>300</width>
						<height>36</height>
						<align>left</align>
						<aligny>center</aligny>
						<font>METF_InfoText</font>
						<textcolor>MediaDetailsInfo</textcolor>
						<label>[UPPERCASE]$LOCALIZE[557]:[/UPPERCASE] $INFO[ListItem.Artist]</label>
					</control>
				
					<!-- Song Path -->
					<control type="textbox">
						<posx>0i</posx>
						<posy>700</posy>
						<width>1000</width>
						<height>25</height>
						<align>left</align>
						<font>METF_InfoText</font>
						<textcolor>MediaDetailsGenre</textcolor>
						<include condition="!Skin.HasSetting(AutoScrollFast)">AutoScrollShort</include>
						<include condition="Skin.HasSetting(AutoScrollFast)">AutoScrollShortFast</include>
						<info>ListItem.FileNameAndPath</info>
					</control>
					
					<!-- Song Album -->
					<control type="label">
						<posx>-325</posx>
						<posy>475</posy>
						<width>275</width>
						<font>METF_InfoText</font>
						<textcolor>MediaDetailsInfo</textcolor>
						<align>center</align>
						<label>[UPPERCASE]$LOCALIZE[558]:[/UPPERCASE]</label>
					</control>
					<control type="textbox">
						<posx>-325</posx>
						<posy>495</posy>
						<width>275</width>
						<height>50</height>
						<align>center</align>
						<font>METF_InfoText</font>
						<textcolor>TextNF</textcolor>
						<label fallback="161">$INFO[ListItem.Album]</label>
					</control>
					
					<!-- Song Year -->
					<control type="label">
						<posx>-325</posx>
						<posy>535</posy>
						<width>275</width>
						<height>36</height>
						<align>center</align>
						<aligny>center</aligny>
						<font>METF_InfoText</font>				
						<label>[COLOR=MediaDetailsInfo]$LOCALIZE[562]: [/COLOR][COLOR=TextNF]$INFO[ListItem.Year][/COLOR]</label>
					</control>
					
					<!-- Song Genre -->
					<control type="label">
						<posx>-325</posx>
						<posy>655</posy>
						<width>275</width>
						<font>METF_InfoText</font>
						<textcolor>MediaDetailsInfo</textcolor>
						<align>center</align>
						<label>[UPPERCASE]$LOCALIZE[515]:[/UPPERCASE]</label>
					</control>
					<control type="textbox">
						<posx>-325</posx>
						<posy>685</posy>
						<height>74</height>
						<width>275</width>
						<align>center</align>
						<font>METF_InfoText</font>
						<textcolor>TextNF</textcolor>
						<label fallback="161">$INFO[ListItem.Genre]</label>
						<include condition="!Skin.HasSetting(AutoScrollFast)">AutoScrollShort</include>
						<include condition="Skin.HasSetting(AutoScrollFast)">AutoScrollShortFast</include>
					</control>
					<!-- Song Moods -->
					<control type="label">
						<posx>850</posx>
						<posy>400</posy>
						<width>340</width>
						<font>METF_InfoText</font>
						<textcolor>MediaDetailsInfo</textcolor>
						<align>center</align>
						<label>$LOCALIZE[175]</label>
					</control>
					<control type="textbox">
						<posx>850</posx>
						<posy>426</posy>
						<height>96</height>
						<width>340</width>
						<align>center</align>
						<font>METF_PlotText</font>
						<textcolor>TextNF</textcolor>
						<label fallback="161">$INFO[ListItem.Mood)]</label>
						<include condition="!Skin.HasSetting(AutoScrollFast)">AutoScrollShort</include>
						<include condition="Skin.HasSetting(AutoScrollFast)">AutoScrollShortFast</include>
					</control>
					<!-- Song Comments -->
					<control type="textbox">
						<posx>50</posx>
						<posy>138</posy>
						<width>515</width>
						<height>339</height>
						<font>METF_PlotText</font>
						<textcolor>TextNF</textcolor>
						<align>justify</align>
						<label fallback="161">$INFO[ListItem.Comment]</label>
						<include condition="!Skin.HasSetting(AutoScrollFast)">AutoScrollLong</include>
						<include condition="Skin.HasSetting(AutoScrollFast)">AutoScrollLongFast</include>
						<visible>!Control.IsVisible(50)</visible>
					</control>
					
				</control>
			
				<!-- Artist Info -->			
				<control type="group">
					<visible>StringCompare(ListItem.DBtype,artist)</visible>
					<!-- Artist Title -->
					<control type="fadelabel">
						<posx>-325</posx>
						<posy>20</posy>
						<width>970</width>
						<height>30</height>
						<font>METF_TitleTextLarge</font>
						<textcolor>TitleText</textcolor>
						<info>ListItem.Artist</info>
					</control>
					<!-- Artist Years Active -->
					<control type="label">
						<posx>800</posx>
						<posy>20</posy>
						<width>220</width>
						<height>36</height>
						<align>left</align>
						<aligny>center</aligny>
						<font>METF_InfoText</font>
						<textcolor>MediaDetailsInfo</textcolor>
						<label>$LOCALIZE[21898]:</label>
					</control>
					<control type="label">
						<posx>1020</posx>
						<posy>20</posy>
						<width>600</width>
						<height>36</height>
						<align>left</align>
						<aligny>center</aligny>
						<font>METF_PlotText</font>
						<textcolor>TextNF</textcolor>
						<label  fallback="161">$INFO[ListItem.Property(Artist_YearsActive)]</label>
					</control>
					<!-- Artist Genre -->
					<control type="label">
						<posx>-325</posx>
						<posy>655</posy>
						<width>275</width>
						<height>30</height>
						<align>center</align>
						<font>METF_InfoText</font>
						<textcolor>MediaDetailsInfo</textcolor>
						<label>$LOCALIZE[515]</label>
					</control>
					<control type="label">
						<posx>-325</posx>
						<posy>685</posy>
						<width>275</width>
						<height>30</height>
						<align>center</align>
						<font>METF_InfoText</font>
						<textcolor>MediaDetailsGenre</textcolor>
						<info>ListItem.Property(Artist_Genre)</info>
					</control>
					
					<!-- Artist Formed -->
					<control type="label">
						<posx>-325</posx>
						<posy>500</posy>
						<width>275</width>
						<font>METF_InfoText</font>
						<textcolor>MediaDetailsInfo</textcolor>
						<align>center</align>
						<label>$LOCALIZE[21894]</label>
					</control>
					<control type="textbox">
						<posx>-325</posx>
						<posy>525</posy>
						<width>275</width>
						<height>50</height>
						<align>center</align>
						<font>METF_InfoText</font>
						<textcolor>TextNF</textcolor>
						<label fallback="161">$INFO[ListItem.Property(Artist_Formed)]</label>
					</control>
					<!-- Artist Disbanded -->
					<control type="label">
						<posx>-325</posx>
						<posy>575</posy>
						<width>275</width>
						<font>METF_InfoText</font>
						<textcolor>MediaDetailsInfo</textcolor>
						<align>center</align>
						<label>$LOCALIZE[21896]</label>
					</control>
					<control type="textbox">
						<posx>-325</posx>
						<posy>595</posy>
						<width>275</width>
						<height>50</height>
						<align>center</align>
						<font>METF_InfoText</font>
						<textcolor>TextNF</textcolor>
						<label fallback="161">$INFO[ListItem.Property(Artist_Disbanded)]</label>
					</control>
					<!-- Artist Styles -->
					<control type="label">
						<posx>850</posx>
						<posy>490</posy>
						<width>340</width>
						<font>METF_InfoText</font>
						<textcolor>MediaDetailsInfo</textcolor>
						<align>center</align>
						<label>$LOCALIZE[176]</label>
					</control>
					<control type="textbox">
						<posx>850</posx>
						<posy>516</posy>
						<height>74</height>
						<width>340</width>
						<align>center</align>
						<font>METF_PlotText</font>
						<textcolor>TextNF</textcolor>
						<label fallback="161">$INFO[ListItem.Property(Artist_Style)]</label>
						<include condition="!Skin.HasSetting(AutoScrollFast)">AutoScrollShort</include>
						<include condition="Skin.HasSetting(AutoScrollFast)">AutoScrollShortFast</include>
					</control>
					<!-- Artist Moods -->
					<control type="label">
						<posx>850</posx>
						<posy>600</posy>
						<width>340</width>
						<font>METF_InfoText</font>
						<textcolor>MediaDetailsInfo</textcolor>
						<align>center</align>
						<label>$LOCALIZE[175]</label>
					</control>
					<control type="textbox">
						<posx>850</posx>
						<posy>626</posy>
						<height>96</height>
						<width>340</width>
						<align>center</align>
						<font>METF_PlotText</font>
						<textcolor>TextNF</textcolor>
						<label fallback="161">$INFO[ListItem.Property(Artist_Mood)]</label>
						<include condition="!Skin.HasSetting(AutoScrollFast)">AutoScrollShort</include>
						<include condition="Skin.HasSetting(AutoScrollFast)">AutoScrollShortFast</include>
					</control>
					<!-- Artist Description -->
					<control type="textbox">
						<posx>50</posx>
						<posy>108</posy>
						<width>650</width>
						<height>339</height>
						<font>METF_PlotText</font>
						<textcolor>TextNF</textcolor>
						<align>justify</align>
						<label fallback="161">$INFO[ListItem.Property(Artist_Description)]</label>
						<include condition="!Skin.HasSetting(AutoScrollFast)">AutoScrollLong</include>
						<include condition="Skin.HasSetting(AutoScrollFast)">AutoScrollLongFast</include>
						<visible>!Control.IsVisible(50)</visible>
					</control>
				</control>
				
				
			</control>
		
		
		
		
			<!-- Artist/Album Image -->
			<control type="group">
				<include>Animation_FadedByMenu</include>
				<include>Animation_CommonFade</include>
				<include>Animation_OpenCloseFade</include>
				<control type="image">
					<include>Animation_CommonFade</include>
					<posx>35</posx>
					<posy>115</posy>
					<width>325</width>
					<height>325</height>
					<aspectratio align="center" aligny="center">keep</aspectratio>
					<texture fallback="DefaultThumb.png">$INFO[ListItem.Icon]</texture>
				</control>
				<control type="image">
					<include>Animation_CommonFade</include>
					<posx>15</posx>
					<posy>95</posy>
					<width>365</width>
					<height>365</height>
					<aspectratio>stretch</aspectratio>
					<texture>frames/ClassicFrame_SquareMedium.png</texture>
				</control>
			</control>
			<!-- Fanart Image -->
			<control type="group">
				<include>Animation_FadedByMenu</include>
				<include>Animation_CommonFade</include>
				<include>Animation_OpenCloseFade</include>
				<control type="image">
					<posx>1121</posx>
					<posy>79</posy>
					<width>524</width>
					<height>382</height>
					<texture diffuse="shine.png" fallback="home_art/music.jpg">$INFO[ListItem.Art(fanart)]</texture>
					<aspectratio aligny="top" scalediffuse="false">keep</aspectratio>
				</control>				
			</control>
		
		
		
			<!-- Control Buttons -->
			<control type="group">
		<posy>-85</posy>
				<animation type="Focus"  reversible="false">
					<effect type="slide" start="250" end="0" tween="easy" easy="out"  time="500" delay="200" />
				</animation>
				<animation type="UnFocus"  reversible="false">
					<effect type="slide" start="0" end="250" tween="easy" easy="out"  time="500" delay="200" />
				</animation>
				<!--- panneau de controle -->
		
				<control type="image">
					<posx>1750</posx>
					<posy>102</posy>
					<width>110</width>
					<height>800</height>
					<colordiffuse>BackgroundColor</colordiffuse> 
				<texture>frames/fondinfogris.png</texture>	
					<bordersize>8</bordersize>
					<bordertexture border="8">landscape.png</bordertexture>
				</control>
				<control type="image">
					<posx>1750</posx>
					<posy>102</posy>
					<width>110</width>
					<height>800</height>
					<texture>landscape.png</texture>
					<aspectratio>stretch</aspectratio>
				</control>
				<control type="grouplist" id="7001">
				<include>Animation_FadedByMenu</include>
				<include>Animation_CommonFade</include>
				<include>Animation_OpenCloseFade</include>
				<include>VideoInfoButtonText</include>
				<itemgap>5</itemgap>
					<align>center</align>
					<orientation>vertical</orientation>
					<onleft condition="IntegerGreaterThan(Container(50).NumItems,1)">50</onleft>
					<onleft condition="!IntegerGreaterThan(Container(50).NumItems,1)">555</onleft>
			
				<onup>7001</onup>
				<ondown>7001</ondown>
				<control type="button" id="8">
						<include>VideoInfoButton</include>
						<texturenofocus>buttons/button_play.png</texturenofocus>
						<texturefocus>buttons/button_playFO.png</texturefocus>
						<onclick>Action(close)</onclick>
						<onclick>PlayMedia($INFO[ListItem.FilenameAndPath])</onclick>
						<include>Animation_ButtonFocus</include>
					</control>
				<!-- Refresh -->
				<control type="button" id="6">
					<include>VideoInfoButton</include>
					<texturenofocus>buttons/button_refresh.png</texturenofocus>
					<texturefocus>buttons/button_refreshFO.png</texturefocus>
					<include>Animation_ButtonFocus</include>
				</control>
				<!-- Thumbnails -->
				<control type="button" id="10">
					<include>VideoInfoButton</include>
					<texturenofocus>buttons/button_artwork.png</texturenofocus>
					<texturefocus>buttons/button_artworkFO.png</texturefocus>
					<include>Animation_ButtonFocus</include>
				</control>
				<!-- Fanart / Album Info --
				<control type="button" id="12">
					<include>VideoInfoButton</include>
					<texturenofocus>buttons/button_fanart.png</texturenofocus>
					<texturefocus>buttons/button_fanartFO.png</texturefocus>
					<include>Animation_ButtonFocus</include>
					<visible>!StringCompare(ListItem.DBtype,song)</visible>
				</control>
				<!-- My Rating --
				<control type="button" id="7">
					<include>VideoInfoButton</include>
					<texturenofocus>buttons/button_videoextras.png</texturenofocus>
					<texturefocus>buttons/button_videoextrasFO.png</texturefocus>
					<include>Animation_ButtonFocus</include>
				</control>
				<!-- Play -->
				<control type="button" id="18">
					<include>VideoInfoButton</include>
					<texturenofocus>osd/osd_button_play_nf.png</texturenofocus>
					<texturefocus>osd/osd_button_play_fo.png</texturefocus>
					<include>Animation_ButtonFocus</include>
					<onclick>PlayMedia($INFO[ListItem.FileNameAndPath])</onclick>
					<visible>StringCompare(ListItem.DBtype,song)</visible>
				</control>
				<control type="button" id="600">
						<include>VideoInfoButton</include>
						<texturenofocus>buttons/button_exit.png</texturenofocus>
						<texturefocus>buttons/button_exitFO.png</texturefocus>
						<include>Animation_ButtonFocus</include>
						<onclick>Close</onclick>

					</control>
			</control>
			</control>
			<!-- Control Button Text -->
			<control type="group">
				<posy>-220</posy>
				<posx>0</posx>
				<include>Animation_FadedByMenu</include>
				<include>Animation_CommonFade</include>
				<include>Animation_OpenCloseFade</include>
				<control type="label">
					<description>Refresh</description>
					<include>VideoInfoButtonLabel</include>
					<label>$LOCALIZE[184]</label>
					<visible>ControlGroup(7001).HasFocus(6)</visible>
				</control>
				<control type="label">
					<description>Thumb</description>
					<include>VideoInfoButtonLabel</include>
					<info>Control.GetLabel(10)</info>
					<visible>ControlGroup(7001).HasFocus(10)</visible>
				</control>
				<control type="label">
					<description>Fanart</description>
					<include>VideoInfoButtonLabel</include>
					<info>Control.GetLabel(12)</info>
					<visible>ControlGroup(7001).HasFocus(12)</visible>
				</control>
				<control type="label">
					<description>Review/Tracks</description>
					<include>VideoInfoButtonLabel</include>
					<info>Control.GetLabel(7)</info>
					<visible>ControlGroup(7001).HasFocus(7)</visible>
				</control>
				<control type="label">
					<description>Lyris</description>
					<include>VideoInfoButtonLabel</include>
					<label>Play</label>
					<visible>ControlGroup(7001).HasFocus(18)</visible>
				</control>
				<control type="label">
					<description>Set rating</description>
					<include>VideoInfoButtonLabel</include>
					<label>$LOCALIZE[15067]</label>
					<visible>ControlGroup(7001).HasFocus(600)</visible>
				</control>
			</control>
		</control>
	<!--<include>Global_ContextFilter</include>-->
		<include condition="Skin.HasSetting(DebugGrid)">Object_DebugGrid</include>
		<include condition="Skin.HasSetting(DebugMode)">Debug</include>
	</controls>
</window>
