<?xml version="1.0" encoding="UTF-8"?>
<includes>



  <variable name="VarFlagSource">

    <value condition="SubString(ListItem.DBTYPE,set)">flags/Source/set.png</value>
    <value condition="SubString(listitem.filename,sdtv) | SubString(listitem.filename,tvrip) | [[!SubString(listitem.filename,hdtv) + !SubString(listitem.filename,bluray) + !SubString(listitem.filename,hddvd) + !SubString(listitem.filename,sddvd) + !SubString(listitem.filename,blu-ray) + !SubString(listitem.filename,brrip) + !SubString(listitem.filename,bdrip) + !SubString(listitem.filename,pdtv) + !SubString(listitem.filename,.evo,Right) + !SubString(listitem.filename,.mt2s,Right) + !SubString(listitem.filename,.ifo,Right) + !SubString(listitem.filename,.vob,Right) + !SubString(listitem.filename,r5) + !SubString(listitem.filename,dvdscr) + !SubString(listitem.filename,screener) + !SubString(listitem.filename,web-dl) + !SubString(listitem.filename,webrip) + !SubString(listitem.filename,dvd)] + Container.Content(episodes) + [SubString(listitem.VideoResolution,SD) | SubString(listitem.VideoResolution,480) | SubString(listitem.VideoResolution,540) | SubString(listitem.VideoResolution,576)]]">flags/Source/sdtv.png</value>
    <value condition="SubString(listitem.filename,hdtv) | SubString(listitem.filename,pdtv) | [[!SubString(listitem.filename,sdtv) + !SubString(listitem.filename,bluray) + !SubString(listitem.filename,hddvd) + !SubString(listitem.filename,sddvd) + !SubString(listitem.filename,blu-ray) + !SubString(listitem.filename,brrip) + !SubString(listitem.filename,bdrip) + !SubString(listitem.filename,tvrip) + !SubString(listitem.filename,.evo,Right) + !SubString(listitem.filename,.mt2s,Right) + !SubString(listitem.filename,.ifo,Right) + !SubString(listitem.filename,.vob,Right) + !SubString(listitem.filename,r5) + !SubString(listitem.filename,dvdscr) + !SubString(listitem.filename,screener) + !SubString(listitem.filename,web-dl) + !SubString(listitem.filename,webrip) + !SubString(listitem.filename,dvd)] + Container.Content(episodes) + [SubString(listitem.VideoResolution,720) | SubString(listitem.VideoResolution,1080) | SubString(ListItem.VideoResolution,4K)]]">flags/Source/hdtv.png</value>
    <value condition="SubString(listitem.filename,web-dl) | SubString(listitem.filename,webrip)">flags/Source/webtv.png</value>
    <value condition="SubString(listitem.filename,hddvd) | SubString(listitem.filename,hd-dvd) | SubString(listitem.filename,.evo,Right)">flags/Source/hddvd.png</value>
    <value condition="[!ListItem.IsStereoscopic+!SubString(listitem.filename,3d)] + [SubString(listitem.filename,bluray) | SubString(listitem.filename,blu-ray) | SubString(listitem.filename,brrip) | SubString(listitem.filename,bdrip) | SubString(listitem.filename,.mt2s,Right) | SubString(listitem.filename,.bdmv,Right) |[[!SubString(listitem.filename,sddvd) + !SubString(listitem.filename,blu-ray) + !SubString(listitem.filename,brrip) + !SubString(listitem.filename,bdrip) + !SubString(listitem.filename,tvrip) + !SubString(listitem.filename,pdtv) + !SubString(listitem.filename,hddvd) + !SubString(listitem.filename,sdtv) + !SubString(listitem.filename,hdtv) + !SubString(listitem.filename,.evo,Right) + !SubString(listitem.filename,.ifo,Right) + !SubString(listitem.filename,.vob,Right) + !SubString(listitem.filename,r5) + !SubString(listitem.filename,dvdscr) + !SubString(listitem.filename,screener) + !SubString(listitem.filename,web-dl) + !SubString(listitem.filename,webrip)] + [Container.Content(movies) | Container.Content(MusicVideos)] + [IsEmpty(ListItem.VideoResolution) |SubString(ListItem.VideoResolution,720) | SubString(ListItem.VideoResolution,1080) | SubString(ListItem.VideoResolution,4K)]]]">flags/Source/bluray.png</value>
    <value condition="[!ListItem.IsStereoscopic+!SubString(listitem.filename,3d)] + [SubString(listitem.filename,.iso) | SubString(listitem.filename,.bdmv)]">flags/Source/bluray.png</value>
    <value condition="[ListItem.IsStereoscopic | SubString(ListItem.StereoscopicMode,split_) | SubString(ListItem.StereoscopicMode,anaglyph_) | SubString(listitem.filename,3d)] + [SubString(listitem.filename,bluray) | SubString(listitem.filename,blu-ray) | SubString(listitem.filename,brrip) | SubString(listitem.filename,bdrip) | SubString(listitem.filename,.mt2s,Right)SubString(listitem.filename,.bdmv,Right) | [[!SubString(listitem.filename,sddvd) + !SubString(listitem.filename,blu-ray) + !SubString(listitem.filename,brrip) + !SubString(listitem.filename,bdrip) + !SubString(listitem.filename,tvrip) + !SubString(listitem.filename,pdtv) + !SubString(listitem.filename,hddvd) + !SubString(listitem.filename,sdtv) + !SubString(listitem.filename,hdtv) + !SubString(listitem.filename,.evo,Right) + !SubString(listitem.filename,.ifo,Right) + !SubString(listitem.filename,.vob,Right) + !SubString(listitem.filename,r5) + !SubString(listitem.filename,dvdscr) + !SubString(listitem.filename,screener) + !SubString(listitem.filename,web-dl) + !SubString(listitem.filename,webrip)] + [Container.Content(movies) | Container.Content(MusicVideos)] + [IsEmpty(ListItem.VideoResolution) |SubString(ListItem.VideoResolution,720) | SubString(ListItem.VideoResolution,1080) | SubString(ListItem.VideoResolution,4K)]]]">flags/Source/bd3d.png</value>
    <value condition="[SubString(listitem.filename,dvd) + !SubString(listitem.filename,hddvd) + !SubString(listitem.filename,hd-dvd) + !SubString(listitem.filename,bluray) + !SubString(listitem.filename,blu-ray) + !SubString(listitem.filename,brrip) + !SubString(listitem.filename,bdrip) + !SubString(listitem.filename,r5) + !SubString(listitem.filename,dvdscr) + !SubString(listitem.filename,screener) + !SubString(listitem.filename,web-dl) + !SubString(listitem.filename,webrip)] | SubString(listitem.filename,.ifo,Right) | SubString(listitem.filename,.vob,Right) | [[!SubString(listitem.filename,hddvd) + !SubString(listitem.filename,bluray) + !SubString(listitem.filename,blu-ray) + !SubString(listitem.filename,brrip) + !SubString(listitem.filename,bdrip) + !SubString(listitem.filename,sdtv) + !SubString(listitem.filename,hdtv) + !SubString(listitem.filename,.evo,Right) + !SubString(listitem.filename,.m2ts,Right) + !SubString(listitem.filename,r5) + !SubString(listitem.filename,dvdscr) + !SubString(listitem.filename,screener) + !SubString(listitem.filename,web-dl) + !SubString(listitem.filename,webrip)] + [Container.Content(movies) | Container.Content(MusicVideos)] + [SubString(listitem.VideoResolution,SD) | SubString(listitem.VideoResolution,480) | SubString(listitem.VideoResolution,540) | SubString(listitem.VideoResolution,576)]]">flags/Source/dvd.png</value>
    <value condition="SubString(listitem.filename,r5)">flags/Source/r5.png</value>
    <value condition="SubString(listitem.filename,dvdscr) | SubString(listitem.filename,screener)">flags/Source/screener.png</value>
  </variable>

  <variable name="VarFlagSourcePlayer">
    <value condition="SubString(Player.Filename,sdtv) | SubString(Player.Filename,tvrip) | [[!SubString(Player.Filename,hdtv) + !SubString(Player.Filename,bluray) + !SubString(Player.Filename,hddvd) + !SubString(Player.Filename,sddvd) + !SubString(Player.Filename,blu-ray) + !SubString(Player.Filename,brrip) + !SubString(Player.Filename,bdrip) + !SubString(Player.Filename,pdtv) + !SubString(Player.Filename,.evo,Right) + !SubString(Player.Filename,.mt2s,Right) + !SubString(Player.Filename,.ifo,Right) + !SubString(Player.Filename,.vob,Right) + !SubString(Player.Filename,r5) + !SubString(Player.Filename,dvdscr) + !SubString(Player.Filename,screener) + !SubString(Player.Filename,web-dl) + !SubString(Player.Filename,webrip) + !SubString(Player.Filename,dvd)] + Container.Content(episodes) + [SubString(listitem.VideoResolution,SD) | SubString(listitem.VideoResolution,480) | SubString(listitem.VideoResolution,540) | SubString(listitem.VideoResolution,576)]]">flags/Source/sdtv.png</value>
    <value condition="SubString(Player.Filename,hdtv) | SubString(Player.Filename,pdtv) | [[!SubString(Player.Filename,sdtv) + !SubString(Player.Filename,bluray) + !SubString(Player.Filename,hddvd) + !SubString(Player.Filename,sddvd) + !SubString(Player.Filename,blu-ray) + !SubString(Player.Filename,brrip) + !SubString(Player.Filename,bdrip) + !SubString(Player.Filename,tvrip) + !SubString(Player.Filename,.evo,Right) + !SubString(Player.Filename,.mt2s,Right) + !SubString(Player.Filename,.ifo,Right) + !SubString(Player.Filename,.vob,Right) + !SubString(Player.Filename,r5) + !SubString(Player.Filename,dvdscr) + !SubString(Player.Filename,screener) + !SubString(Player.Filename,web-dl) + !SubString(Player.Filename,webrip) + !SubString(Player.Filename,dvd)] + Container.Content(episodes) + [SubString(listitem.VideoResolution,720) | SubString(listitem.VideoResolution,1080) | SubString(ListItem.VideoResolution,4K)]]">flags/Source/hdtv.png</value>
    <value condition="SubString(Player.Filename,web-dl) | SubString(Player.Filename,webrip)">flags/Source/webtv.png</value>
    <value condition="SubString(Player.Filename,hddvd) | SubString(Player.Filename,hd-dvd) | SubString(Player.Filename,.evo,Right)">flags/Source/hddvd.png</value>
    <value condition="[!ListItem.IsStereoscopic+!SubString(Player.Filename,3d)] + [SubString(Player.Filename,bluray) | SubString(Player.Filename,blu-ray) | SubString(Player.Filename,brrip) | SubString(Player.Filename,bdrip) | SubString(Player.Filename,.mt2s,Right) | SubString(Player.Filename,.bdmv,Right) |[[!SubString(Player.Filename,sddvd) + !SubString(Player.Filename,blu-ray) + !SubString(Player.Filename,brrip) + !SubString(Player.Filename,bdrip) + !SubString(Player.Filename,tvrip) + !SubString(Player.Filename,pdtv) + !SubString(Player.Filename,hddvd) + !SubString(Player.Filename,sdtv) + !SubString(Player.Filename,hdtv) + !SubString(Player.Filename,.evo,Right) + !SubString(Player.Filename,.ifo,Right) + !SubString(Player.Filename,.vob,Right) + !SubString(Player.Filename,r5) + !SubString(Player.Filename,dvdscr) + !SubString(Player.Filename,screener) + !SubString(Player.Filename,web-dl) + !SubString(Player.Filename,webrip)] + [Container.Content(movies) | Container.Content(MusicVideos)] + [IsEmpty(ListItem.VideoResolution) |SubString(ListItem.VideoResolution,720) | SubString(ListItem.VideoResolution,1080) | SubString(ListItem.VideoResolution,4K)]]]">flags/Source/bluray.png</value>
    <value condition="[ListItem.IsStereoscopic | SubString(ListItem.StereoscopicMode,split_) | SubString(ListItem.StereoscopicMode,anaglyph_) | SubString(Player.Filename,3d)] + [SubString(Player.Filename,bluray) | SubString(Player.Filename,blu-ray) | SubString(Player.Filename,brrip) | SubString(Player.Filename,bdrip) | SubString(Player.Filename,.mt2s,Right)SubString(Player.Filename,.bdmv,Right) | [[!SubString(Player.Filename,sddvd) + !SubString(Player.Filename,blu-ray) + !SubString(Player.Filename,brrip) + !SubString(Player.Filename,bdrip) + !SubString(Player.Filename,tvrip) + !SubString(Player.Filename,pdtv) + !SubString(Player.Filename,hddvd) + !SubString(Player.Filename,sdtv) + !SubString(Player.Filename,hdtv) + !SubString(Player.Filename,.evo,Right) + !SubString(Player.Filename,.ifo,Right) + !SubString(Player.Filename,.vob,Right) + !SubString(Player.Filename,r5) + !SubString(Player.Filename,dvdscr) + !SubString(Player.Filename,screener) + !SubString(Player.Filename,web-dl) + !SubString(Player.Filename,webrip)] + [Container.Content(movies) | Container.Content(MusicVideos)] + [IsEmpty(ListItem.VideoResolution) |SubString(ListItem.VideoResolution,720) | SubString(ListItem.VideoResolution,1080) | SubString(ListItem.VideoResolution,4K)]]]">flags/Source/bd3d.png</value>
    <value condition="[SubString(Player.Filename,dvd) + !SubString(Player.Filename,hddvd) + !SubString(Player.Filename,hd-dvd) + !SubString(Player.Filename,bluray) + !SubString(Player.Filename,blu-ray) + !SubString(Player.Filename,brrip) + !SubString(Player.Filename,bdrip) + !SubString(Player.Filename,r5) + !SubString(Player.Filename,dvdscr) + !SubString(Player.Filename,screener) + !SubString(Player.Filename,web-dl) + !SubString(Player.Filename,webrip)] | SubString(Player.Filename,.ifo,Right) | SubString(Player.Filename,.vob,Right) | [[!SubString(Player.Filename,hddvd) + !SubString(Player.Filename,bluray) + !SubString(Player.Filename,blu-ray) + !SubString(Player.Filename,brrip) + !SubString(Player.Filename,bdrip) + !SubString(Player.Filename,sdtv) + !SubString(Player.Filename,hdtv) + !SubString(Player.Filename,.evo,Right) + !SubString(Player.Filename,.m2ts,Right) + !SubString(Player.Filename,r5) + !SubString(Player.Filename,dvdscr) + !SubString(Player.Filename,screener) + !SubString(Player.Filename,web-dl) + !SubString(Player.Filename,webrip)] + [Container.Content(movies) | Container.Content(MusicVideos)] + [SubString(listitem.VideoResolution,SD) | SubString(listitem.VideoResolution,480) | SubString(listitem.VideoResolution,540) | SubString(listitem.VideoResolution,576)]]">flags/Source/dvd.png</value>
    <value condition="SubString(Player.Filename,r5)">flags/Source/r5.png</value>
    <value condition="SubString(Player.Filename,dvdscr) | SubString(Player.Filename,screener)">flags/Source/screener.png</value>
  </variable>

  <include name="LargAudio">

    <control type="image">
      <posx>-10</posx>
      <width>332</width>
      <height>81</height>
      <texture>flags/flag_frame.png</texture>
      <colordiffuse>MediaFlagDiffuse</colordiffuse>
      <visible>!IsEmpty(ListItem.Property(AudioLanguage.4))</visible>
    </control>

    <control type="image">
      <posx>-10</posx>
      <width>252</width>
      <height>81</height>
      <texture>flags/flag_frame.png</texture>
      <colordiffuse>MediaFlagDiffuse</colordiffuse>
      <visible>!IsEmpty(ListItem.Property(AudioLanguage.3))</visible>
    </control>
    <control type="image">
      <posx>-10</posx>
      <width>172</width>
      <height>81</height>
      <texture>flags/flag_frame.png</texture>
      <colordiffuse>MediaFlagDiffuse</colordiffuse>
      <visible>!IsEmpty(ListItem.Property(AudioLanguage.2))</visible>
    </control>

  </include>
  <include name="MediaInfo2">
    <control type="grouplist"> <!-- dialogvideoinfo-->
      <posx>10</posx>
      <posy>990</posy>
      <width>1920</width>
    <!-- <posx>500</posx> -->
    <height>150</height>
    <align>left</align>
    <itemgap>-20</itemgap>
    <orientation>horizontal</orientation>

    <control type="group"> <!-- studio -->
      <width>156</width>
      <height>80</height>
      <align>center</align>
    <!-- <visible>!IsEmpty(Control.GetLabel(2525))</visible> -->
    <control type="image">

      <colordiffuse>MediaFlagDiffuse</colordiffuse>
      <texture>flags/flag_frame.png</texture>
    </control>
    <control type="image">
      <top>3</top>
      <aspectratio align="center" aligny="center">keep</aspectratio>
      <texture fallback="flags\default-studio.png">resource://resource.images.studios.coloured/$INFO[VideoPlayer.Studio].png</texture>
      <colordiffuse>MediaFlagDiffuse</colordiffuse>

    </control>
  </control>


  <!-- année -->
  <control type="group">
    <visible>!IsEmpty(VideoPlayer.Year)</visible>
    <width>156</width>
    <height>120</height>
    <control type="image">
      <width>156</width>
      <height>81</height>
      <colordiffuse>MediaFlagDiffuse</colordiffuse>
      <texture>flags/flag_frame.png</texture>
    </control>
    <!-- Year -->
    <control type="label">
      <width min="25" max="200">auto</width>
      <posx>30</posx>
      <posy>10</posy>
      <height>50</height>
      <aligny>center</aligny>
      <font>chicken</font>
      <textcolor>white</textcolor>
      <label>[I]$INFO[VideoPlayer.Year][/I]</label>
    </control>
  </control>
  <!-- codec -->
  <control type="group">
    <width>156</width>
    <height>80</height>
    <visible>Container.Content(movies) | Container.Content(episodes) | Container.Content(MusicVideos)</visible>
    <visible>!IsEmpty(VideoPlayer.VideoCodec)</visible>
    <control type="image">
      <include>MediaFlagsVarsWide</include>
      <texture fallback="flags/default.png">$VAR[VarFlagSourcePlayer]</texture>
      <colordiffuse>MediaFlagDiffuse</colordiffuse>
    </control>
    <control type="image">
      <width>156</width>
      <height>81</height>
      <colordiffuse>MediaFlagDiffuse</colordiffuse>
      <texture>flags/flag_frame.png</texture>
    </control>

  </control>

  <!-- Video Resolution -->
  <control type="group">
    <visible>!IsEmpty(VideoPlayer.VideoResolution)</visible>
    <width>156</width>
    <height>120</height>
    <control type="image">
      <include>MediaFlagsVarsWide</include>
      <texture fallback="flags/default.png">$INFO[VideoPlayer.VideoResolution,flags/VideoResolution/,.png]</texture>
      <colordiffuse>MediaFlagDiffuse</colordiffuse>
    </control>
    <control type="image">
      <width>156</width>
      <height>81</height>
      <texture>flags/flag_frame.png</texture>
      <colordiffuse>MediaFlagDiffuse</colordiffuse>
    </control>

  </control>

  <!-- Video Aspect -->
  <control type="group">
    <visible>!IsEmpty(VideoPlayer.VideoAspect)</visible>
    <width>156</width>
    <height>80</height>
    <control type="image">
      <include>MediaFlagsVarsWide</include>
      <texture fallback="flags/VideoAspect/default.png">$INFO[VideoPlayer.VideoAspect,flags/VideoAspect/,.png]</texture>
      <colordiffuse>MediaFlagDiffuse</colordiffuse>
    </control>
    <control type="image">
      <width>156</width>
      <height>81</height>
      <texture>flags/flag_frame.png</texture>
      <colordiffuse>MediaFlagDiffuse</colordiffuse>
    </control>

  </control>

  <!-- Video Codec -->
  <control type="group">
    <visible>!IsEmpty(VideoPlayer.VideoCodec)</visible>
    <width>156</width>
    <height>80</height>
    <control type="image">
      <include>MediaFlagsVarsWide</include>
      <texture fallback="flags/default.png">$VAR[MediaFlag_VideoCodecPlayer]</texture>
      <colordiffuse>MediaFlagDiffuse</colordiffuse>
    </control>
    <control type="image">
      <width>156</width>
      <height>81</height>
      <texture>flags/flag_frame.png</texture>
      <colordiffuse>MediaFlagDiffuse</colordiffuse>
    </control>

  </control>

  <!-- Video 3D (sbs/tab) -->
  <control type="group">
    <visible>SubString(VideoPlayer.StereoscopicMode,split_) | SubString(VideoPlayer.StereoscopicMode,anaglyph_)</visible>
    <width>156</width>
    <height>80</height>
    <control type="image">
      <include>MediaFlagsVarsWide</include>
    <!--<texture fallback="flags/default.png">flags/VideoCodec/flag3dSBS.png</texture>-->
    <texture fallback="flags/default.png">flags/VideoCodec/flag3d.png</texture>
    <colordiffuse>MediaFlagDiffuse</colordiffuse>
    <visible>SubString(VideoPlayer.filename,.sbs.) | SubString(VideoPlayer.StereoscopicMode,split_horizontal)</visible>
  </control>
  <control type="image">
    <include>MediaFlagsVarsWide</include>
  <!--<texture fallback="flags/default.png">flags/VideoCodec/flag3dTAB.png</texture>-->
  <texture fallback="flags/default.png">flags/VideoCodec/flag3d.png</texture>
  <colordiffuse>MediaFlagDiffuse</colordiffuse>
  <visible>SubString(VideoPlayer.filename,.tab.) | SubString(VideoPlayer.StereoscopicMode,split_vertical)</visible>
</control>
<control type="image">
  <include>MediaFlagsVarsWide</include>
  <texture fallback="flags/default.png">flags/VideoCodec/flag3d.png</texture>
  <colordiffuse>MediaFlagDiffuse</colordiffuse>
  <visible>!SubString(VideoPlayer.filename,.tab.)+!SubString(VideoPlayer.filename,.sbs.)+!SubString(VideoPlayer.StereoscopicMode,split_)</visible>
</control>
<control type="image">
  <width>156</width>
  <height>81</height>
  <texture>flags/flag_frame.png</texture>
  <colordiffuse>MediaFlagDiffuse</colordiffuse>
</control>

</control>



<!-- Subtitles Flag-->
<!-- Hors lecture uniquement -->
<control type="group">
  <width>156</width>
  <height>80</height>
  <visible>!IsEmpty(VideoPlayer.SubtitlesLanguage)</visible>
  <control type="image">
    <posx>2</posx>
    <width>156</width>
    <height>81</height>
    <colordiffuse>MediaFlagDiffuse</colordiffuse>
    <texture>flags/flag_frame.png</texture>
  </control>

  <control type="image">
    <posx>20</posx>
    <include>MediaFlagsVarsWide</include>
    <texture background="true" >resource://resource.images.languageflags.colour/$INFO[VideoPlayer.SubtitlesLanguage].png</texture>
    <aspectratio aligny="center" scalediffuse="true">scale</aspectratio>
  </control>
  <control type="image">
    <posx>20</posx>
    <include>MediaFlagsVarsWide</include>
    <texture background="true" >flags/cc.png</texture>
    <aspectratio aligny="center" scalediffuse="true">scale</aspectratio>
  </control>

</control>

<control type="group"> <!-- une seule langue -->
  <width>156</width>
  <height>80</height>
  <visible>!IsEmpty(VideoPlayer.AudioLanguage)</visible>
  <control type="image">
    <posx>2</posx>
    <width>156</width>
    <height>81</height>
    <colordiffuse>MediaFlagDiffuse</colordiffuse>
    <texture>flags/flag_frame.png</texture>
  </control>
  <control type="image" id="7770">
    <posx>18</posx>
    <posy>25</posy>
    <width>60</width>
    <height>30</height>
    <texture background="true" >resource://resource.images.languageflags.colour/$INFO[VideoPlayer.AudioLanguage].png</texture>
    <visible>!IsEmpty(VideoPlayer.AudioLanguage)</visible>
    <aspectratio aligny="center">scale</aspectratio>
  </control>

  <control type="group">

    <posx>85</posx>
    <posy>10</posy>
    <width>60</width>
    <height>30</height>
    <control type="image">
      <posx>-7</posx>
      <posy>0</posy>
      <width>57</width>
      <height>30</height>
      <texture>flags/flag_frame2.png</texture>
      <colordiffuse>A0FFFFFF</colordiffuse>
      <aspectratio>scale</aspectratio>
    </control>
    <control type="image">
      <posx>0</posx>
      <posy>1</posy>
      <width>50</width>
      <heigth>30</heigth>
      <texture background="true" >$INFO[VideoPlayer.AudioChannels,flags/AudioChannels/,chOverlay.png]</texture>
      <aspectratio>scale</aspectratio>
    </control>
    <control type="image">
      <posx>-7</posx>
      <posy>30</posy>
      <width>57</width>
      <height>28</height>
      <texture>flags/flag_frame2.png</texture>
      <colordiffuse>A0FFFFFF</colordiffuse>
      <aspectratio>scale</aspectratio>
    </control>
    <control type="image">
      <posx>-5</posx>
      <posy>30</posy>
      <width>50</width>
      <height>30</height>
      <texture >$VAR[MediaFlag_AudioCodec]</texture>
      <colordiffuse>MediaFlagDiffuse</colordiffuse>
      <aspectratio>scale</aspectratio>
    </control>
  </control>
</control>


</control>


</include>
<include name="Horizlist">
  <width>700</width>
  <height>80</height>
  <align>left</align>
  <itemgap>5</itemgap>
  <orientation>horizontal</orientation>
</include>

<include name="MediaInfoGroup2">
  <control type="group">
    <width>1920</width>
  <!--<posx>-70</posx>-->
  <align>center</align>
<!--<animation effect="rotatex" end="20" center="0,-150" condition="true">Conditional</animation> -->
<include>Animation_FadedByMenu</include>
<include>Animation_CommonFade</include>
<visible>!SubString(Container.FolderPath,plugin)</visible>
<visible>!SubString(ListItem.Label,..,left)+[Container.Content(movies)| Container.Content(tvshows) | Container.Content(episodes) | Container.Content(seasons) |Container.Content(MusicVideos)]</visible>
<include>VisibleIfNotMovieSet</include>
<!-- Video Resolution -->
<control type="group">
  <posy>935</posy>
  <control type="grouplist"> <!-- 1ere ligne-->
    <width>1920</width>
  <!-- <posx>500</posx> -->

  <height>150</height>
  <align>center</align>
  <itemgap>-20</itemgap>
  <orientation>horizontal</orientation>
  <include>mediaflagline1</include>
</control>
</control>
<control type="group">
  <posy>1010</posy>
  <control type="grouplist"> <!-- 2eme ligne -->

    <height>150</height>
    <align>center</align>
    <itemgap>-20</itemgap>
    <orientation>horizontal</orientation>
    <include>mediaflagline2</include>
  </control>
</control>


</control>






</include>
<include name="mediaflagline1">
  <visible>!Skin.HasSetting(Hide_ExtraMediaFlags)</visible>
  <control type="group"> <!-- chrono -->
    <visible>!Skin.HasSetting(hideduree)</visible>
    <width>156</width>
    <height>80</height>
    <control type="image">

      <colordiffuse>MediaFlagDiffuse</colordiffuse>
      <texture>flags/flag_frame.png</texture>
    </control>
    <control type="image">
      <top>7</top>
      <left>15</left>
      <width>110</width>
      <height>70</height>
      <texture>$VAR[chronotoolstexture]</texture>
      <aspectratio>scale</aspectratio>
      <colordiffuse>MediaFlagDiffuse</colordiffuse>

    </control>
    <control type="group">
      <top>8</top>
      <left>23</left>
      <include>chronotoolsV</include>
    </control>
    <visible>!IsEmpty(ListItem.Duration)|[Skin.HasSetting(Show_HeureFin)+!IsEmpty(Window(10000).Property(DurationTools))]</visible>
    <visible>!Container.Content(seasons)+!Container.Content(tvshows)</visible>
  </control>

  <control type="group"> <!--- GENRES -->
    <visible>!IsEmpty(ListItem.Genre)+Skin.HasSetting(CacheFond)+!Window.IsActive(2003)</visible>
    <visible>!Skin.HasSetting(hidegenre)</visible>
    <width>300</width>
    <height>80</height>
    <left>-5</left>

    <control type="textbox">
      <top>8</top>
      <left>25</left>
      <height>70</height>
      <width>236</width>
      <align>center</align>
      <font>comic24</font>
      <textcolor>TextNF</textcolor>
    <!-- <label>[COLOR=MediaDetailsInfo]$INFO[Window(10000).Property(ItemUniqueGenre)][/COLOR]</label> -->
    <label>[COLOR=MediaDetailsInfo]$INFO[ListItem.Genre][/COLOR]</label>
    <autoscroll delay="5000" time="3500" repeat="5000">true</autoscroll>

  </control>
  <control type="image">
    <texture>flags/flag_frame.png</texture>
    <colordiffuse>MediaFlagDiffuse</colordiffuse>
  </control>
</control>

<control type="group"> <!-- studio -->
  <visible>!Skin.HasSetting(hidestudio)</visible>
  <width>156</width>
  <height>80</height>
  <align>center</align>
<!-- <visible>!IsEmpty(Control.GetLabel(2525))</visible> -->
<control type="image">

  <colordiffuse>MediaFlagDiffuse</colordiffuse>
  <texture>flags/flag_frame.png</texture>
</control>
<control type="image">
  <top>3</top>
  <aspectratio align="center" aligny="center">keep</aspectratio>
  <texture fallback="flags\default-studio.png">resource://resource.images.studios.coloured/$INFO[ListItem.Studio].png</texture>
  <colordiffuse>MediaFlagDiffuse</colordiffuse>

</control>
</control>
<control type="group"> <!-- année -->
  <visible>!Skin.HasSetting(hideannee)</visible>
  <visible>!IsEmpty(ListItem.Year)</visible>
  <width>156</width>
  <height>80</height>
  <control type="image">

    <colordiffuse>MediaFlagDiffuse</colordiffuse>
    <texture>flags/flag_frame.png</texture>
  </control>


  <control type="label">
    <width min="25" max="200">auto</width>
    <posx>30</posx>
    <posy>10</posy>
    <height>50</height>
    <aligny>center</aligny>
    <font>chicken</font>
    <textcolor>white</textcolor>
    <label>[I]$INFO[ListItem.Year][/I]</label>
  </control>
</control>

<control type="group"> <!-- notation -->
  <visible>!IsEmpty(ListItem.Rating)</visible>
  <visible>!Skin.HasSetting(hidenotation)</visible>
  <width>107</width>
  <height>80</height>
  <control type="image">
    <top>1</top>
    <include>MediaFlagsVarsSquare</include>
  <!-- <texture>Star.png</texture> -->
  <texture>flags/notation/notefilm.png</texture>
  <aspectratio>stretch</aspectratio>
  <visible>StringCompare(ListItem.DBTYPE,movie)|StringCompare(ListItem.DBTYPE,set)</visible>
</control>
<control type="image">
  <include>MediaFlagsVarsSquare</include>
<!-- <texture>Star.png</texture> -->
<texture>flags/notation/notetv.png</texture>
<aspectratio>stretch</aspectratio>
<visible>StringCompare(ListItem.DBTYPE,tvshow)|StringCompare(ListItem.DBTYPE,episode)</visible>
</control>
<control type="label">
  <posy>11</posy>
  <include>MediaFlagsVarsSquare</include>
  <align>center</align>
  <aligny>center</aligny>
  <label>$VAR[StarRating]</label>
  <textcolor>grey</textcolor>
  <font>METF_StarRating</font>
  <angle>5</angle>
</control>

<control type="image">
  <posx>2</posx>
  <width>98</width>
  <height>80</height>
  <texture>flags/flag_frame.png</texture>
  <aspectratio>stretch</aspectratio>
</control>
</control>

<control type="group"> <!-- MPAA -->
  <width>80</width>
  <height>80</height>
  <visible>Container.Content(movies) | Container.Content(episodes)| Container.Content(tvshows) | Container.Content(MusicVideos)</visible>
  <visible>!IsEmpty(ListItem.Mpaa)</visible>
  <visible>!Skin.HasSetting(hidempaa)</visible>
  <control type="image">
    <posx>10</posx>
    <posy>8</posy>
    <width>60</width>
    <height>60</height>
    <aspectratio>keep</aspectratio>
    <texture fallback="flags/default.png">$VAR[MPAATexture]</texture>
    <colordiffuse>MediaFlagDiffuse</colordiffuse>
  </control>
  <control type="image">
    <colordiffuse>MediaFlagDiffuse</colordiffuse>
    <texture>flags/flag_frame.png</texture>
  </control>

</control>

<control type="group"> <!-- Source-->
  <visible>!Skin.HasSetting(hidesource)</visible>
  <width>156</width>
  <height>80</height>
  <visible>Container.Content(movies) | Container.Content(episodes) | Container.Content(MusicVideos)</visible>
  <visible>!IsEmpty(ListItem.VideoCodec)</visible>
  <control type="image">
    <include>MediaFlagsVarsWide</include>
    <texture fallback="flags/default.png">$VAR[VarFlagSource]</texture>
    <colordiffuse>MediaFlagDiffuse</colordiffuse>
  </control>
  <control type="image">

    <colordiffuse>MediaFlagDiffuse</colordiffuse>
    <texture>flags/flag_frame.png</texture>
  </control>

</control>

<!-- Video 3D (sbs/tab) -->
<control type="group">
  <visible>!Skin.HasSetting(hide3d)</visible>
  <visible>SubString(ListItem.StereoscopicMode,split_) | SubString(ListItem.StereoscopicMode,anaglyph_)|SubString(listitem.filename,.3D.)</visible>
  <width>156</width>
  <height>80</height>
  <control type="image">
    <include>MediaFlagsVarsWide</include>
  <!--<texture fallback="flags/default.png">flags/VideoCodec/flag3dSBS.png</texture>-->
  <texture fallback="flags/default.png">flags/VideoCodec/flag3d.png</texture>
  <colordiffuse>MediaFlagDiffuse</colordiffuse>
  <visible>SubString(listitem.filename,.sbs.) | SubString(ListItem.StereoscopicMode,split_horizontal)</visible>
</control>
<control type="image">
  <include>MediaFlagsVarsWide</include>
<!--<texture fallback="flags/default.png">flags/VideoCodec/flag3dTAB.png</texture>-->
<texture fallback="flags/default.png">flags/VideoCodec/flag3d.png</texture>
<colordiffuse>MediaFlagDiffuse</colordiffuse>
<visible>SubString(listitem.filename,.tab.) | SubString(ListItem.StereoscopicMode,split_vertical)</visible>
</control>
<control type="image">
  <include>MediaFlagsVarsWide</include>
  <texture fallback="flags/default.png">flags/VideoCodec/flag3d.png</texture>
  <colordiffuse>MediaFlagDiffuse</colordiffuse>
  <visible>!SubString(listitem.filename,.tab.)+!SubString(listitem.filename,.sbs.)+!SubString(ListItem.StereoscopicMode,split_)</visible>
</control>
<control type="image">
  <width>156</width>
  <height>76</height>
  <texture>flags/flag_frame.png</texture>
  <colordiffuse>MediaFlagDiffuse</colordiffuse>
</control>
</control>

<!--- -------------------------------- --->

  <control type="group"> <!-- country --->
    <visible>!IsEmpty(Window(Home).Property(ItemCountry1))</visible>
    <visible>!Skin.HasSetting(hideitemcountry)+!Window.IsActive(12003)</visible>
    <width>136</width>
    <height>80</height>
    <control type="image">
      <top>9</top>
      <left>23</left>
      <width>90</width>
      <height>60</height>
      <!-- <texture background="true" >resource://resource.images.languageflags.colour/$INFO[ListItem.Country].png</texture> --
      <texture background="true" >resource://resource.images.languageflags.colour/$INFO[Window(Home).Property(ItemCountry1)].png</texture>
      -->
      <texture background="true"  >$VAR[flagpath]$INFO[Window(Home).Property(ItemCountry1)]$VAR[flagpathext]</texture>


      <aspectratio aligny="center">scale</aspectratio>
    </control>
    <control type="image">
      <texture>flags/flag_frame.png</texture>
      <colordiffuse>MediaFlagDiffuse</colordiffuse>
    </control>

  </control>
  <control type="group"> <!-- codec video --->
    <visible>!IsEmpty(ListItem.VideoCodec)</visible>
    <visible>!Skin.HasSetting(hidecodecvideo)</visible>
    <width>156</width>
    <height>80</height>
    <control type="image">
      <include>MediaFlagsVarsWide</include>
      <texture fallback="flags/default.png">$VAR[MediaFlag_VideoCodec]</texture>
      <colordiffuse>MediaFlagDiffuse</colordiffuse>
    </control>
    <control type="image">
      <texture>flags/flag_frame.png</texture>
      <colordiffuse>MediaFlagDiffuse</colordiffuse>
    </control>

  </control>
  <control type="group"> <!-- video resolution -->
    <visible>!IsEmpty(ListItem.VideoResolution)</visible>
    <visible>!Skin.HasSetting(hideresolution)</visible>
    <width>156</width>
    <height>80</height>
    <control type="image">
      <include>MediaFlagsVarsWide</include>
      <texture fallback="flags/default.png">$INFO[ListItem.VideoResolution,flags/VideoResolution/,.png]</texture>
      <colordiffuse>MediaFlagDiffuse</colordiffuse>
    </control>
    <control type="image">

      <texture>flags/flag_frame.png</texture>
      <colordiffuse>MediaFlagDiffuse</colordiffuse>
    </control>

  </control>


  <control type="group"><!-- Video Aspect -->
    <visible>!IsEmpty(ListItem.VideoAspect)</visible>
    <visible>!Skin.HasSetting(hideaspect)</visible>
    <width>156</width>
    <height>80</height>
    <control type="image">
      <include>MediaFlagsVarsWide</include>
      <texture fallback="flags/VideoAspect/default.png">$INFO[ListItem.VideoAspect,flags/VideoAspect/,.png]</texture>
      <colordiffuse>MediaFlagDiffuse</colordiffuse>
    </control>
    <control type="image">
      <texture>flags/flag_frame.png</texture>
      <colordiffuse>MediaFlagDiffuse</colordiffuse>
    </control>

  </control>

  <control type="group"> <!-- sous-titres -->
    <visible>!Skin.HasSetting(hidesoustitres)</visible>
    <width>156</width>
    <height>80</height>
    <visible>!IsEmpty(ListItem.Property(SubtitleLanguage.1))</visible>
    <control type="image">
      <posx>2</posx>
      <colordiffuse>MediaFlagDiffuse</colordiffuse>
      <texture>flags/flag_frame.png</texture>
    </control>

    <control type="image">
      <visible>IsEmpty(ListItem.Property(SubtitleLanguage.2))</visible>
      <posx>20</posx>
      <include>MediaFlagsVarsWide</include>
      <texture background="true" >resource://resource.images.languageflags.colour/$INFO[ListItem.Property(SubtitleLanguage.1)].png</texture>
      <visible>!IsEmpty(ListItem.Property(SubtitleLanguage.1))</visible>
      <aspectratio aligny="center" scalediffuse="true">scale</aspectratio>
    </control>
    <control type="image">
      <visible>IsEmpty(ListItem.Property(SubtitleLanguage.2))</visible>
      <posx>20</posx>
      <include>MediaFlagsVarsWide</include>
      <texture background="true" >flags/cc.png</texture>
      <visible>!IsEmpty(ListItem.Property(SubtitleLanguage.1))</visible>
      <aspectratio aligny="center" scalediffuse="true">scale</aspectratio>
    </control>
    <control type="group">
      <visible>!IsEmpty(ListItem.Property(SubtitleLanguage.2))</visible>
      <control type="image">
        <posx>18</posx>
        <posy>8</posy>
        <width>60</width>
        <height>30</height>
        <texture background="true" >resource://resource.images.languageflags.colour/$INFO[ListItem.Property(SubtitleLanguage.1)].png</texture>
        <visible>!IsEmpty(ListItem.Property(SubtitleLanguage.1))</visible>
        <aspectratio aligny="center" scalediffuse="true">scale</aspectratio>
      </control>
      <control type="image">
        <posx>18</posx>
        <posy>8</posy>
        <width>60</width>
        <height>30</height>
        <texture background="true" >flags/cc.png</texture>
        <visible>!IsEmpty(ListItem.Property(SubtitleLanguage.1))</visible>
        <aspectratio aligny="center" scalediffuse="true">scale</aspectratio>
      </control>
      <control type="image">
        <posx>82</posx>
        <width>60</width>
        <posy>8</posy>
        <height>30</height>
        <texture background="true" >resource://resource.images.languageflags.colour/$INFO[ListItem.Property(SubtitleLanguage.2)].png</texture>
        <visible>!IsEmpty(ListItem.Property(SubtitleLanguage.2))</visible>
        <aspectratio aligny="center" scalediffuse="true">scale</aspectratio>
      </control>
      <control type="image">
        <posx>82</posx>
        <width>60</width>
        <posy>8</posy>
        <height>30</height>
        <texture background="true" >flags/cc.png</texture>
        <visible>!IsEmpty(ListItem.Property(SubtitleLanguage.2))</visible>
        <aspectratio aligny="center" scalediffuse="true">scale</aspectratio>
      </control>
      <control type="image">
        <posx>18</posx>
        <posy>42</posy>
        <width>60</width>
        <height>30</height>
        <texture background="true" >resource://resource.images.languageflags.colour/$INFO[ListItem.Property(SubtitleLanguage.3)].png</texture>
        <visible>!IsEmpty(ListItem.Property(SubtitleLanguage.3))</visible>
        <aspectratio aligny="center" scalediffuse="true">scale</aspectratio>
      </control>
      <control type="image">
        <posx>18</posx>
        <posy>42</posy>
        <width>60</width>
        <height>30</height>
        <texture background="true" >flags/cc.png</texture>
        <visible>!IsEmpty(ListItem.Property(SubtitleLanguage.3))</visible>
        <aspectratio aligny="center" scalediffuse="true">scale</aspectratio>
      </control>
      <control type="image">
        <posx>82</posx>
        <posy>42</posy>
        <width>60</width>
        <height>30</height>
        <texture background="true" >resource://resource.images.languageflags.colour/$INFO[ListItem.Property(SubtitleLanguage.4)].png</texture>
        <visible>!IsEmpty(ListItem.Property(SubtitleLanguage.4))</visible>
        <aspectratio aligny="center" scalediffuse="true">scale</aspectratio>
      </control>
      <control type="image">
        <posx>82</posx>
        <posy>42</posy>
        <width>60</width>
        <height>30</height>
        <texture background="true" >flags/cc.png</texture>
        <visible>!IsEmpty(ListItem.Property(SubtitleLanguage.4))</visible>
        <aspectratio aligny="center" scalediffuse="true">scale</aspectratio>
      </control>
    </control>

  </control>

  <control type="group"> <!-- une seule langue -->
    <visible>!Skin.HasSetting(hidelangues)</visible>
    <width>156</width>
    <height>80</height>
    <visible>!IsEmpty(ListItem.Property(AudioLanguage.1)) + IsEmpty(ListItem.Property(AudioLanguage.2))</visible>
    <control type="image">
      <posx>2</posx>
      <colordiffuse>MediaFlagDiffuse</colordiffuse>
      <texture>flags/flag_frame.png</texture>
    </control>
    <control type="image" id="7770">
      <visible>IsEmpty(ListItem.Property(AudioLanguage.2))</visible>
      <posx>18</posx>
      <posy>25</posy>
      <width>60</width>
      <height>30</height>
      <texture background="true" >resource://resource.images.languageflags.colour/$INFO[ListItem.Property(AudioLanguage.1)].png</texture>
      <visible>!IsEmpty(ListItem.Property(AudioLanguage.1))</visible>
      <aspectratio aligny="center">scale</aspectratio>
    </control>

    <control type="group">

      <posx>85</posx>
      <posy>10</posy>
      <width>60</width>
      <height>30</height>
      <control type="image">
        <posx>-7</posx>
        <posy>0</posy>
        <width>57</width>
        <height>30</height>
        <texture>flags/flag_frame2.png</texture>
        <colordiffuse>A0FFFFFF</colordiffuse>
        <aspectratio>scale</aspectratio>
      </control>
      <control type="image">
        <posx>0</posx>
        <posy>1</posy>
        <width>50</width>
        <heigth>30</heigth>
        <texture background="true" >$INFO[ListItem.Property(AudioChannels.1),flags/AudioChannels/,chOverlay.png]</texture>
        <aspectratio>scale</aspectratio>
      </control>
      <control type="image">
        <posx>-7</posx>
        <posy>30</posy>
        <width>57</width>
        <height>28</height>
        <texture>flags/flag_frame2.png</texture>
        <colordiffuse>A0FFFFFF</colordiffuse>
        <aspectratio>scale</aspectratio>
      </control>
      <control type="image">
        <posx>-5</posx>
        <posy>30</posy>
        <width>50</width>
        <height>30</height>
        <texture >$VAR[MediaFlag_AudioCodec]</texture>
        <colordiffuse>MediaFlagDiffuse</colordiffuse>
        <aspectratio>scale</aspectratio>
      </control>
    </control>
  </control>

  <control type="group"> <!-- multi langues 4-->
    <visible>!IsEmpty(ListItem.Property(AudioLanguage.1))+!IsEmpty(ListItem.Property(AudioLanguage.2))+!IsEmpty(ListItem.Property(AudioLanguage.4))</visible>
    <visible>!Skin.HasSetting(hidelangues)</visible>

    <height>80</height>
    <width>332</width>


    <control type="image">
      <posx>-10</posx>
      
      <height>76</height>
      <texture>flags/flag_frame.png</texture>
      <colordiffuse>MediaFlagDiffuse</colordiffuse>
      <visible></visible>
    </control>  
  <include>multilangues</include>

   
  </control>
   <control type="group"> <!-- multi langues 3-->
    <visible>!IsEmpty(ListItem.Property(AudioLanguage.1))+!IsEmpty(ListItem.Property(AudioLanguage.2))+!IsEmpty(ListItem.Property(AudioLanguage.3))+IsEmpty(ListItem.Property(AudioLanguage.4))</visible>
    <visible>!Skin.HasSetting(hidelangues)</visible>

  
    <width>252</width>
    <height>80</height>


   
    <control type="image">
      <posx>-5</posx>
      
      <height>76</height>
      <texture>flags/flag_frame.png</texture>
      <colordiffuse>MediaFlagDiffuse</colordiffuse>
      <visible></visible>
    </control>
   
  <include>multilangues</include>

   
  </control>
    <control type="group"> <!-- multi langues 2-->
    <visible>!IsEmpty(ListItem.Property(AudioLanguage.1))+!IsEmpty(ListItem.Property(AudioLanguage.2))+IsEmpty(ListItem.Property(AudioLanguage.4))+IsEmpty(ListItem.Property(AudioLanguage.3))</visible>
    <visible>!Skin.HasSetting(hidelangues)</visible>

    <width>172</width>
    <height>80</height>


    
    <control type="image">
      <posx>0</posx>
      <width>172</width>
      <height>76</height>
      <texture>flags/flag_frame.png</texture>
      <colordiffuse>MediaFlagDiffuse</colordiffuse>
      <visible></visible>
    </control>
  <include>multilangues</include>

   
  </control>

</include>


<include name="mediaflagline2">

  <visible>!Skin.HasSetting(Hide_ExtraMediaFlags)</visible>
  
  <control type="group"> <!-- country --->
    <visible>!IsEmpty(Window(Home).Property(ItemCountry1))</visible>
    <visible>!Skin.HasSetting(hideitemcountry2)+!Window.IsActive(12003)</visible>
    <width>136</width>
    <height>80</height>
    <control type="image">
      <top>9</top>
      <left>23</left>
      <width>90</width>
      <height>60</height>
      <!-- <texture background="true" >resource://resource.images.languageflags.colour/$INFO[ListItem.Country].png</texture> --
      <texture background="true" >resource://resource.images.languageflags.colour/$INFO[Window(Home).Property(ItemCountry1)].png</texture>
      -->
      <texture background="true"  >$VAR[flagpath]$INFO[Window(Home).Property(ItemCountry1)]$VAR[flagpathext]</texture>


      <aspectratio aligny="center">scale</aspectratio>
    </control>
    <control type="image">
      <texture>flags/flag_frame.png</texture>
      <colordiffuse>MediaFlagDiffuse</colordiffuse>
    </control>

  </control>
  <control type="group"> <!-- codec video --->
    <visible>!IsEmpty(ListItem.VideoCodec)</visible>
    <visible>!Skin.HasSetting(hidecodecvideo2)</visible>
    <width>156</width>
    <height>80</height>
    <control type="image">
      <include>MediaFlagsVarsWide</include>
      <texture fallback="flags/default.png">$VAR[MediaFlag_VideoCodec]</texture>
      <colordiffuse>MediaFlagDiffuse</colordiffuse>
    </control>
    <control type="image">
      <texture>flags/flag_frame.png</texture>
      <colordiffuse>MediaFlagDiffuse</colordiffuse>
    </control>

  </control>
  <control type="group"> <!-- video resolution -->
    <visible>!IsEmpty(ListItem.VideoResolution)</visible>
    <visible>!Skin.HasSetting(hideresolution2)</visible>
    <width>156</width>
    <height>80</height>
    <control type="image">
      <include>MediaFlagsVarsWide</include>
      <texture fallback="flags/default.png">$INFO[ListItem.VideoResolution,flags/VideoResolution/,.png]</texture>
      <colordiffuse>MediaFlagDiffuse</colordiffuse>
    </control>
    <control type="image">

      <texture>flags/flag_frame.png</texture>
      <colordiffuse>MediaFlagDiffuse</colordiffuse>
    </control>

  </control>


  <control type="group"><!-- Video Aspect -->
    <visible>!IsEmpty(ListItem.VideoAspect2)</visible>
    <visible>!Skin.HasSetting(hideaspect)</visible>
    <width>156</width>
    <height>80</height>
    <control type="image">
      <include>MediaFlagsVarsWide</include>
      <texture fallback="flags/VideoAspect/default.png">$INFO[ListItem.VideoAspect,flags/VideoAspect/,.png]</texture>
      <colordiffuse>MediaFlagDiffuse</colordiffuse>
    </control>
    <control type="image">
      <texture>flags/flag_frame.png</texture>
      <colordiffuse>MediaFlagDiffuse</colordiffuse>
    </control>

  </control>

  <control type="group"> <!-- sous-titres -->
    <visible>!Skin.HasSetting(hidesoustitres2)</visible>
    <width>156</width>
    <height>80</height>
    <visible>!IsEmpty(ListItem.Property(SubtitleLanguage.1))</visible>
    <control type="image">
      <posx>2</posx>
      <colordiffuse>MediaFlagDiffuse</colordiffuse>
      <texture>flags/flag_frame.png</texture>
    </control>

    <control type="image">
      <visible>IsEmpty(ListItem.Property(SubtitleLanguage.2))</visible>
      <posx>20</posx>
      <include>MediaFlagsVarsWide</include>
      <texture background="true" >resource://resource.images.languageflags.colour/$INFO[ListItem.Property(SubtitleLanguage.1)].png</texture>
      <visible>!IsEmpty(ListItem.Property(SubtitleLanguage.1))</visible>
      <aspectratio aligny="center" scalediffuse="true">scale</aspectratio>
    </control>
    <control type="image">
      <visible>IsEmpty(ListItem.Property(SubtitleLanguage.2))</visible>
      <posx>20</posx>
      <include>MediaFlagsVarsWide</include>
      <texture background="true" >flags/cc.png</texture>
      <visible>!IsEmpty(ListItem.Property(SubtitleLanguage.1))</visible>
      <aspectratio aligny="center" scalediffuse="true">scale</aspectratio>
    </control>
    <control type="group">
      <visible>!IsEmpty(ListItem.Property(SubtitleLanguage.2))</visible>
      <control type="image">
        <posx>18</posx>
        <posy>8</posy>
        <width>60</width>
        <height>30</height>
        <texture background="true" >resource://resource.images.languageflags.colour/$INFO[ListItem.Property(SubtitleLanguage.1)].png</texture>
        <visible>!IsEmpty(ListItem.Property(SubtitleLanguage.1))</visible>
        <aspectratio aligny="center" scalediffuse="true">scale</aspectratio>
      </control>
      <control type="image">
        <posx>18</posx>
        <posy>8</posy>
        <width>60</width>
        <height>30</height>
        <texture background="true" >flags/cc.png</texture>
        <visible>!IsEmpty(ListItem.Property(SubtitleLanguage.1))</visible>
        <aspectratio aligny="center" scalediffuse="true">scale</aspectratio>
      </control>
      <control type="image">
        <posx>82</posx>
        <width>60</width>
        <posy>8</posy>
        <height>30</height>
        <texture background="true" >resource://resource.images.languageflags.colour/$INFO[ListItem.Property(SubtitleLanguage.2)].png</texture>
        <visible>!IsEmpty(ListItem.Property(SubtitleLanguage.2))</visible>
        <aspectratio aligny="center" scalediffuse="true">scale</aspectratio>
      </control>
      <control type="image">
        <posx>82</posx>
        <width>60</width>
        <posy>8</posy>
        <height>30</height>
        <texture background="true" >flags/cc.png</texture>
        <visible>!IsEmpty(ListItem.Property(SubtitleLanguage.2))</visible>
        <aspectratio aligny="center" scalediffuse="true">scale</aspectratio>
      </control>
      <control type="image">
        <posx>18</posx>
        <posy>42</posy>
        <width>60</width>
        <height>30</height>
        <texture background="true" >resource://resource.images.languageflags.colour/$INFO[ListItem.Property(SubtitleLanguage.3)].png</texture>
        <visible>!IsEmpty(ListItem.Property(SubtitleLanguage.3))</visible>
        <aspectratio aligny="center" scalediffuse="true">scale</aspectratio>
      </control>
      <control type="image">
        <posx>18</posx>
        <posy>42</posy>
        <width>60</width>
        <height>30</height>
        <texture background="true" >flags/cc.png</texture>
        <visible>!IsEmpty(ListItem.Property(SubtitleLanguage.3))</visible>
        <aspectratio aligny="center" scalediffuse="true">scale</aspectratio>
      </control>
      <control type="image">
        <posx>82</posx>
        <posy>42</posy>
        <width>60</width>
        <height>30</height>
        <texture background="true" >resource://resource.images.languageflags.colour/$INFO[ListItem.Property(SubtitleLanguage.4)].png</texture>
        <visible>!IsEmpty(ListItem.Property(SubtitleLanguage.4))</visible>
        <aspectratio aligny="center" scalediffuse="true">scale</aspectratio>
      </control>
      <control type="image">
        <posx>82</posx>
        <posy>42</posy>
        <width>60</width>
        <height>30</height>
        <texture background="true" >flags/cc.png</texture>
        <visible>!IsEmpty(ListItem.Property(SubtitleLanguage.4))</visible>
        <aspectratio aligny="center" scalediffuse="true">scale</aspectratio>
      </control>
    </control>

  </control>

  <control type="group"> <!-- une seule langue -->
    <visible>!Skin.HasSetting(hidelangues2)</visible>
    <width>156</width>
    <height>80</height>
    <visible>!IsEmpty(ListItem.Property(AudioLanguage.1)) + IsEmpty(ListItem.Property(AudioLanguage.2))</visible>
    <control type="image">
      <posx>2</posx>
      <colordiffuse>MediaFlagDiffuse</colordiffuse>
      <texture>flags/flag_frame.png</texture>
    </control>
    <control type="image" id="7770">
      <visible>IsEmpty(ListItem.Property(AudioLanguage.2))</visible>
      <posx>18</posx>
      <posy>25</posy>
      <width>60</width>
      <height>30</height>
      <texture background="true" >resource://resource.images.languageflags.colour/$INFO[ListItem.Property(AudioLanguage.1)].png</texture>
      <visible>!IsEmpty(ListItem.Property(AudioLanguage.1))</visible>
      <aspectratio aligny="center">scale</aspectratio>
    </control>

    <control type="group">

      <posx>85</posx>
      <posy>10</posy>
      <width>60</width>
      <height>30</height>
      <control type="image">
        <posx>-7</posx>
        <posy>0</posy>
        <width>57</width>
        <height>30</height>
        <texture>flags/flag_frame2.png</texture>
        <colordiffuse>A0FFFFFF</colordiffuse>
        <aspectratio>scale</aspectratio>
      </control>
      <control type="image">
        <posx>0</posx>
        <posy>1</posy>
        <width>50</width>
        <heigth>30</heigth>
        <texture background="true" >$INFO[ListItem.Property(AudioChannels.1),flags/AudioChannels/,chOverlay.png]</texture>
        <aspectratio>scale</aspectratio>
      </control>
      <control type="image">
        <posx>-7</posx>
        <posy>30</posy>
        <width>57</width>
        <height>28</height>
        <texture>flags/flag_frame2.png</texture>
        <colordiffuse>A0FFFFFF</colordiffuse>
        <aspectratio>scale</aspectratio>
      </control>
      <control type="image">
        <posx>-5</posx>
        <posy>30</posy>
        <width>50</width>
        <height>30</height>
        <texture >$VAR[MediaFlag_AudioCodec]</texture>
        <colordiffuse>MediaFlagDiffuse</colordiffuse>
        <aspectratio>scale</aspectratio>
      </control>
    </control>
  </control>

  
  <control type="group"> <!-- multi langues 4-->
    <visible>!IsEmpty(ListItem.Property(AudioLanguage.1))+!IsEmpty(ListItem.Property(AudioLanguage.2))+!IsEmpty(ListItem.Property(AudioLanguage.4))</visible>
    <visible>!Skin.HasSetting(hidelangues2)</visible>

    <height>80</height>
    <width>332</width>


    <control type="image">
      <posx>-10</posx>
      
      <height>76</height>
      <texture>flags/flag_frame.png</texture>
      <colordiffuse>MediaFlagDiffuse</colordiffuse>
      <visible></visible>
    </control>  
  <include>multilangues</include>

   
  </control>
   <control type="group"> <!-- multi langues 3-->
    <visible>!IsEmpty(ListItem.Property(AudioLanguage.1))+!IsEmpty(ListItem.Property(AudioLanguage.2))+!IsEmpty(ListItem.Property(AudioLanguage.3))+IsEmpty(ListItem.Property(AudioLanguage.4))</visible>
    <visible>!Skin.HasSetting(hidelangues2)</visible>

  
    <width>252</width>
    <height>80</height>


   
    <control type="image">
      <posx>-5</posx>
      
      <height>76</height>
      <texture>flags/flag_frame.png</texture>
      <colordiffuse>MediaFlagDiffuse</colordiffuse>
      <visible></visible>
    </control>
   
  <include>multilangues</include>

   
  </control>
    <control type="group"> <!-- multi langues 2-->
    <visible>!IsEmpty(ListItem.Property(AudioLanguage.1))+!IsEmpty(ListItem.Property(AudioLanguage.2))+IsEmpty(ListItem.Property(AudioLanguage.4))+IsEmpty(ListItem.Property(AudioLanguage.3))</visible>
    <visible>!Skin.HasSetting(hidelangues2)</visible>

    <width>172</width>
    <height>80</height>


    
    <control type="image">
      <posx>0</posx>
      <width>172</width>
      <height>76</height>
      <texture>flags/flag_frame.png</texture>
      <colordiffuse>MediaFlagDiffuse</colordiffuse>
      <visible></visible>
    </control>
  <include>multilangues</include>

   
  </control>
<!-- ------------------------------------ ---->
<control type="group"> <!-- chrono -->
    <visible>!Skin.HasSetting(hideduree2)</visible>
    <width>156</width>
    <height>80</height>
    <control type="image">

      <colordiffuse>MediaFlagDiffuse</colordiffuse>
      <texture>flags/flag_frame.png</texture>
    </control>
    <control type="image">
      <top>7</top>
      <left>15</left>
      <width>110</width>
      <height>70</height>
      <texture>$VAR[chronotoolstexture]</texture>
      <aspectratio>scale</aspectratio>
      <colordiffuse>MediaFlagDiffuse</colordiffuse>

    </control>
    <control type="group">
      <top>8</top>
      <left>23</left>
      <include>chronotoolsV</include>
    </control>
    <visible>!IsEmpty(ListItem.Duration)|[Skin.HasSetting(Show_HeureFin)+!IsEmpty(Window(10000).Property(DurationTools))]</visible>
    <visible>!Container.Content(seasons)+!Container.Content(tvshows)</visible>
  </control>

  <control type="group"> <!--- GENRES -->
    <visible>!IsEmpty(ListItem.Genre)+Skin.HasSetting(CacheFond)+!Window.IsActive(2003)</visible>
    <visible>!Skin.HasSetting(hidegenre2)</visible>
    <width>300</width>
    <height>80</height>
    <left>-5</left>

    <control type="textbox">
      <top>8</top>
      <left>25</left>
      <height>70</height>
      <width>236</width>
      <align>center</align>
      <font>comic24</font>
      <textcolor>TextNF</textcolor>
    <!-- <label>[COLOR=MediaDetailsInfo]$INFO[Window(10000).Property(ItemUniqueGenre)][/COLOR]</label> -->
    <label>[COLOR=MediaDetailsInfo]$INFO[ListItem.Genre][/COLOR]</label>
    <autoscroll delay="5000" time="3500" repeat="5000">true</autoscroll>

  </control>
  <control type="image">
    <texture>flags/flag_frame.png</texture>
    <colordiffuse>MediaFlagDiffuse</colordiffuse>
  </control>
</control>

<control type="group"> <!-- studio -->
  <visible>!Skin.HasSetting(hidestudio2)</visible>
  <width>156</width>
  <height>80</height>
  <align>center</align>
<!-- <visible>!IsEmpty(Control.GetLabel(2525))</visible> -->
<control type="image">

  <colordiffuse>MediaFlagDiffuse</colordiffuse>
  <texture>flags/flag_frame.png</texture>
</control>
<control type="image">
  <top>3</top>
  <aspectratio align="center" aligny="center">keep</aspectratio>
  <texture fallback="flags\default-studio.png">resource://resource.images.studios.coloured/$INFO[ListItem.Studio].png</texture>
  <colordiffuse>MediaFlagDiffuse</colordiffuse>

</control>
</control>
<control type="group"> <!-- année -->
  <visible>!Skin.HasSetting(hideannee2)</visible>
  <visible>!IsEmpty(ListItem.Year)</visible>
  <width>156</width>
  <height>80</height>
  <control type="image">

    <colordiffuse>MediaFlagDiffuse</colordiffuse>
    <texture>flags/flag_frame.png</texture>
  </control>


  <control type="label">
    <width min="25" max="200">auto</width>
    <posx>30</posx>
    <posy>10</posy>
    <height>50</height>
    <aligny>center</aligny>
    <font>chicken</font>
    <textcolor>white</textcolor>
    <label>[I]$INFO[ListItem.Year][/I]</label>
  </control>
</control>

<control type="group"> <!-- notation -->
  <visible>!IsEmpty(ListItem.Rating)</visible>
  <visible>!Skin.HasSetting(hidenotation2)</visible>
  <width>107</width>
  <height>80</height>
  <control type="image">
    <top>1</top>
    <include>MediaFlagsVarsSquare</include>
  <!-- <texture>Star.png</texture> -->
  <texture>flags/notation/notefilm.png</texture>
  <aspectratio>stretch</aspectratio>
  <visible>StringCompare(ListItem.DBTYPE,movie)|StringCompare(ListItem.DBTYPE,set)</visible>
</control>
<control type="image">
  <include>MediaFlagsVarsSquare</include>
<!-- <texture>Star.png</texture> -->
<texture>flags/notation/notetv.png</texture>
<aspectratio>stretch</aspectratio>
<visible>StringCompare(ListItem.DBTYPE,tvshow)|StringCompare(ListItem.DBTYPE,episode)</visible>
</control>
<control type="label">
  <posy>11</posy>
  <include>MediaFlagsVarsSquare</include>
  <align>center</align>
  <aligny>center</aligny>
  <label>$VAR[StarRating]</label>
  <textcolor>grey</textcolor>
  <font>METF_StarRating</font>
  <angle>5</angle>
</control>

<control type="image">
  <posx>2</posx>
  <width>98</width>
  <height>80</height>
  <texture>flags/flag_frame.png</texture>
  <aspectratio>stretch</aspectratio>
</control>
</control>

<control type="group"> <!-- MPAA -->
  <width>80</width>
  <height>80</height>
  <visible>Container.Content(movies) | Container.Content(episodes)| Container.Content(tvshows) | Container.Content(MusicVideos)</visible>
  <visible>!IsEmpty(ListItem.Mpaa)</visible>
  <visible>!Skin.HasSetting(hidempaa2)</visible>
  <control type="image">
    <posx>10</posx>
    <posy>8</posy>
    <width>60</width>
    <height>60</height>
    <aspectratio>keep</aspectratio>
    <texture fallback="flags/default.png">$VAR[MPAATexture]</texture>
    <colordiffuse>MediaFlagDiffuse</colordiffuse>
  </control>
  <control type="image">
    <colordiffuse>MediaFlagDiffuse</colordiffuse>
    <texture>flags/flag_frame.png</texture>
  </control>

</control>

<control type="group"> <!-- Source-->
  <visible>!Skin.HasSetting(hidesource2)</visible>
  <width>156</width>
  <height>80</height>
  <visible>Container.Content(movies) | Container.Content(episodes) | Container.Content(MusicVideos)</visible>
  <visible>!IsEmpty(ListItem.VideoCodec)</visible>
  <control type="image">
    <include>MediaFlagsVarsWide</include>
    <texture fallback="flags/default.png">$VAR[VarFlagSource]</texture>
    <colordiffuse>MediaFlagDiffuse</colordiffuse>
  </control>
  <control type="image">

    <colordiffuse>MediaFlagDiffuse</colordiffuse>
    <texture>flags/flag_frame.png</texture>
  </control>

</control>

<!-- Video 3D (sbs/tab) -->
<control type="group">
  <visible>!Skin.HasSetting(hide3d2)</visible>
  <visible>SubString(ListItem.StereoscopicMode,split_) | SubString(ListItem.StereoscopicMode,anaglyph_)|SubString(listitem.filename,.3D.)</visible>
  <width>156</width>
  <height>80</height>
  <control type="image">
    <include>MediaFlagsVarsWide</include>
  <!--<texture fallback="flags/default.png">flags/VideoCodec/flag3dSBS.png</texture>-->
  <texture fallback="flags/default.png">flags/VideoCodec/flag3d.png</texture>
  <colordiffuse>MediaFlagDiffuse</colordiffuse>
  <visible>SubString(listitem.filename,.sbs.) | SubString(ListItem.StereoscopicMode,split_horizontal)</visible>
</control>
<control type="image">
  <include>MediaFlagsVarsWide</include>
<!--<texture fallback="flags/default.png">flags/VideoCodec/flag3dTAB.png</texture>-->
<texture fallback="flags/default.png">flags/VideoCodec/flag3d.png</texture>
<colordiffuse>MediaFlagDiffuse</colordiffuse>
<visible>SubString(listitem.filename,.tab.) | SubString(ListItem.StereoscopicMode,split_vertical)</visible>
</control>
<control type="image">
  <include>MediaFlagsVarsWide</include>
  <texture fallback="flags/default.png">flags/VideoCodec/flag3d.png</texture>
  <colordiffuse>MediaFlagDiffuse</colordiffuse>
  <visible>!SubString(listitem.filename,.tab.)+!SubString(listitem.filename,.sbs.)+!SubString(ListItem.StereoscopicMode,split_)</visible>
</control>
<control type="image">
  <width>156</width>
  <height>76</height>
  <texture>flags/flag_frame.png</texture>
  <colordiffuse>MediaFlagDiffuse</colordiffuse>
</control>
</control>

</include>


 <include name="multilangues">
   

    <control type="group"> <!-- language 1 -->
      <width>60</width>
      <height>65</height>
      <posx>20</posx>
      <control type="image">
        <posx>0</posx>
        <width>60</width>
        <height>30</height>
        <include>MediaFlagsVarsWide</include>
        <texture background="true" >resource://resource.images.languageflags.colour/$INFO[ListItem.Property(AudioLanguage.1)].png</texture>
        <aspectratio aligny="center" scalediffuse="true">scale</aspectratio>
      </control>
      <control type="image">
        <posx>30</posx>
        <posy>10</posy>
        <width>25</width>
        <height>21</height>
        <texture>flags/flag_frame2.png</texture>
        <aspectratio >stretch</aspectratio>
      </control>
      <control type="image">
        <posx>30</posx>
        <posy>10</posy>
        <width>22</width>
        <height>18</height>
        <texture background="true" >$INFO[ListItem.Property(AudioChannels.1),flags/AudioChannels/,chOverlay.png]</texture>
        <aspectratio>scale</aspectratio>
      </control>
      <control type="image">
        <posx>0</posx>
        <posy>40</posy>
        <width>60</width>
        <height>30</height>
        <include>MediaFlagsVarsWide</include>
        <texture fallback="flags/defaultsound.png">$INFO[ListItem.Property(AudioCodec.1),flags/AudioCodec/,.png]</texture>
        <aspectratio aligny="center" scalediffuse="true">scale</aspectratio>
      </control>
    </control>

    <control type="group"> <!-- language 2 -->
      <visible>!IsEmpty(ListItem.Property(AudioLanguage.2))</visible>
      <width>60</width>
      <height>65</height>
      <posx>85</posx>
      <control type="image">
        <posx>0</posx>
        <width>60</width>
        <height>30</height>
        <include>MediaFlagsVarsWide</include>
        <texture background="true" >resource://resource.images.languageflags.colour/$INFO[ListItem.Property(AudioLanguage.2)].png</texture>
        <aspectratio aligny="center" scalediffuse="true">scale</aspectratio>
      </control>
      <control type="image">
        <posx>30</posx>
        <posy>10</posy>
        <width>25</width>
        <height>21</height>
        <texture>flags/flag_frame2.png</texture>
        <aspectratio >stretch</aspectratio>
      </control>
      <control type="image">
        <posx>30</posx>
        <posy>10</posy>
        <width>22</width>
        <height>18</height>
        <texture background="true" >$INFO[ListItem.Property(AudioChannels.2),flags/AudioChannels/,chOverlay.png]</texture>
        <aspectratio>scale</aspectratio>
      </control>
      <control type="image">
        <posx>0</posx>
        <posy>40</posy>
        <width>60</width>
        <height>30</height>
        <include>MediaFlagsVarsWide</include>
        <texture fallback="flags/defaultsound.png">$INFO[ListItem.Property(AudioCodec.2),flags/AudioCodec/,.png]</texture>
        <aspectratio aligny="center" scalediffuse="true">scale</aspectratio>
      </control>
    </control>
    <control type="group"> <!-- language 3 -->
      <visible>!IsEmpty(ListItem.Property(AudioLanguage.3))</visible>
      <width>60</width>
      <height>65</height>
      <posx>155</posx>
      <control type="image">
        <posx>0</posx>
        <width>60</width>
        <height>30</height>
        <include>MediaFlagsVarsWide</include>
        <texture background="true" >resource://resource.images.languageflags.colour/$INFO[ListItem.Property(AudioLanguage.3)].png</texture>
        <aspectratio aligny="center" scalediffuse="true">scale</aspectratio>
      </control>
      <control type="image">
        <posx>30</posx>
        <posy>10</posy>
        <width>25</width>
        <height>21</height>
        <texture>flags/flag_frame2.png</texture>
        <aspectratio >stretch</aspectratio>
      </control>
      <control type="image">
        <posx>30</posx>
        <posy>10</posy>
        <width>22</width>
        <height>18</height>
        <texture background="true" >$INFO[ListItem.Property(AudioChannels.3),flags/AudioChannels/,chOverlay.png]</texture>
        <aspectratio>scale</aspectratio>
      </control>
      <control type="image">
        <posx>0</posx>
        <posy>40</posy>
        <width>60</width>
        <height>30</height>
        <include>MediaFlagsVarsWide</include>
        <texture fallback="flags/defaultsound.png">$INFO[ListItem.Property(AudioCodec.3),flags/AudioCodec/,.png]</texture>
        <aspectratio aligny="center" scalediffuse="true">scale</aspectratio>
      </control>
    </control>
    <control type="group"> <!-- language 4 -->
      <visible>!IsEmpty(ListItem.Property(AudioLanguage.4))</visible>
      <width>60</width>
      <height>65</height>
      <posx>225</posx>
      <control type="image">
        <posx>0</posx>
        <width>60</width>
        <height>30</height>
        <include>MediaFlagsVarsWide</include>
        <texture fallback="flags/defaultsound.png" background="true" >resource://resource.images.languageflags.colour/$INFO[ListItem.Property(AudioLanguage.4)].png</texture>
        <aspectratio aligny="center" scalediffuse="true">scale</aspectratio>
      </control>
      <control type="image">
        <posx>30</posx>
        <posy>10</posy>
        <width>25</width>
        <height>21</height>
        <texture>flags/flag_frame2.png</texture>
        <aspectratio >stretch</aspectratio>
      </control>
      <control type="image">
        <posx>30</posx>
        <posy>10</posy>
        <width>22</width>
        <height>18</height>
        <texture background="true" >$INFO[ListItem.Property(AudioChannels.4),flags/AudioChannels/,chOverlay.png]</texture>
        <aspectratio>scale</aspectratio>
      </control>
      <control type="image">
        <posx>0</posx>
        <posy>40</posy>
        <width>60</width>
        <height>30</height>
        <include>MediaFlagsVarsWide</include>
        <texture fallback="flags/defaultsound.png">$INFO[ListItem.Property(AudioCodec.4),flags/AudioCodec/,.png]</texture>
        <aspectratio aligny="center" scalediffuse="true">scale</aspectratio>
      </control>
    </control>
 
 </include>
  
<include name="MediaInfoGroup3">
  <control type="group">
    <width>1920</width>
    <align>left</align>
    <include>Animation_FadedByMenu</include>
    <include>Animation_CommonFade</include>
    <visible>!SubString(Container.FolderPath,plugin)</visible>
    <visible>!SubString(ListItem.Label,..,left)+[Container.Content(movies)| Container.Content(tvshows) | Container.Content(episodes) | Container.Content(seasons)  | Container.Content(MusicVideos)]</visible>
    <include>VisibleIfNotMovieSet</include>
    <control type="grouplist"> <!-- 1ere ligne-->
    <!-- <posx>500</posx> -->
    <height>100</height>
    <align>left</align>
    <itemgap>-20</itemgap>
    <orientation>horizontal</orientation>
    <include>mediaflagline1</include>
    <include>mediaflagline2</include>
  </control>
</control>

</include>
<include name="mediaflaglinesettings1">
  <visible>!Skin.HasSetting(Hide_ExtraMediaFlags)</visible>
  <control type="group"> <!-- chrono -->
    <visible>!Skin.HasSetting(hideduree)</visible>
    <width>156</width>
    <height>80</height>
    <control type="image">
      <texture>settings/chronoset.png</texture>
    </control>

  </control>

  <control type="group"> <!--- GENRES -->
    <visible>!Skin.HasSetting(hidegenre)</visible>
    <width>300</width>
    <height>80</height>
    <left>-5</left>

    <control type="textbox">
      <top>8</top>
      <left>25</left>
      <height>70</height>
      <width>236</width>
      <align>center</align>
      <font>comic24</font>
      <textcolor>TextNF</textcolor>
    <!-- <label>[COLOR=MediaDetailsInfo]$INFO[Window(10000).Property(ItemUniqueGenre)][/COLOR]</label> -->
    <label>[COLOR=MediaDetailsInfo]Drame / Histoire / Science-Fiction[/COLOR]</label>
    <autoscroll delay="5000" time="3500" repeat="5000">true</autoscroll>

  </control>
  <control type="image">
    <texture>flags/flag_frame.png</texture>
    <colordiffuse>MediaFlagDiffuse</colordiffuse>
  </control>
</control>

<control type="group"> <!-- studio -->
  <visible>!Skin.HasSetting(hidestudio)</visible>
  <width>156</width>
  <height>80</height>
  <align>center</align>
<!-- <visible>!IsEmpty(Control.GetLabel(2525))</visible> -->
<control type="image">

  <colordiffuse>MediaFlagDiffuse</colordiffuse>
  <texture>flags/flag_frame.png</texture>
</control>
<control type="image">
  <top>3</top>
  <aspectratio align="center" aligny="center">keep</aspectratio>
  <texture>flags\default-studio.png</texture>
  <colordiffuse>MediaFlagDiffuse</colordiffuse>

</control>
</control>
<control type="group"> <!-- année -->
  <visible>!Skin.HasSetting(hideannee)</visible>
  <width>156</width>
  <height>80</height>
  <control type="image">

    <colordiffuse>MediaFlagDiffuse</colordiffuse>
    <texture>flags/flag_frame.png</texture>
  </control>


  <control type="label">
    <width min="25" max="200">auto</width>
    <posx>30</posx>
    <posy>10</posy>
    <height>50</height>
    <aligny>center</aligny>
    <font>chicken</font>
    <textcolor>white</textcolor>
    <label>[I]2017[/I]</label>
  </control>
</control>

<control type="group"> <!-- notation -->
  <visible>!Skin.HasSetting(hidenotation)</visible>
  <width>107</width>
  <height>80</height>
  <control type="image">
    <top>1</top>
    <include>MediaFlagsVarsSquare</include>
  <!-- <texture>Star.png</texture> -->
  <texture>flags/notation/notefilm.png</texture>
  <aspectratio>stretch</aspectratio>
</control>
<control type="label">
  <posy>11</posy>
  <include>MediaFlagsVarsSquare</include>
  <align>center</align>
  <aligny>center</aligny>
  <label>8.9</label>
  <textcolor>grey</textcolor>
  <font>METF_StarRating</font>
  <angle>5</angle>
</control>

<control type="image">
  <posx>2</posx>
  <width>98</width>
  <height>80</height>
  <texture>flags/flag_frame.png</texture>
  <aspectratio>stretch</aspectratio>
</control>
</control>

<control type="group"> <!-- MPAA -->
  <width>80</width>
  <height>80</height>
  <visible>!Skin.HasSetting(hidempaa)</visible>
  <control type="image">
    <posx>10</posx>
    <posy>8</posy>
    <width>60</width>
    <height>60</height>
    <aspectratio>keep</aspectratio>
    <texture>flags\Rating\Moins16.png</texture>
    <colordiffuse>MediaFlagDiffuse</colordiffuse>
  </control>
  <control type="image">
    <colordiffuse>MediaFlagDiffuse</colordiffuse>
    <texture>flags/flag_frame.png</texture>
  </control>

</control>

<control type="group"> <!-- Source-->
  <visible>!Skin.HasSetting(hidesource)</visible>
  <width>156</width>
  <height>80</height>
  <control type="image">
    <include>MediaFlagsVarsWide</include>
    <texture>flags\Source\bluray.png</texture>
    <colordiffuse>MediaFlagDiffuse</colordiffuse>
  </control>
  <control type="image">

    <colordiffuse>MediaFlagDiffuse</colordiffuse>
    <texture>flags/flag_frame.png</texture>
  </control>

</control>

<!-- Video 3D (sbs/tab) -->
<control type="group">
  <visible>!Skin.HasSetting(hide3d)</visible>
  <width>156</width>
  <height>80</height>
  <control type="image">
    <include>MediaFlagsVarsWide</include>
  <!--<texture fallback="flags/default.png">flags/VideoCodec/flag3dSBS.png</texture>-->
  <texture>flags\VideoCodec\flag3DSBS.png</texture>
  <colordiffuse>MediaFlagDiffuse</colordiffuse>
</control>
<control type="image">
  <width>156</width>
  <height>76</height>
  <texture>flags/flag_frame.png</texture>
  <colordiffuse>MediaFlagDiffuse</colordiffuse>
</control>
</control>
<!--- ------------------------------------------ --->
<control type="group"> <!-- country --->

  <visible>!Skin.HasSetting(hideitemcountry)</visible>
  <width>136</width>
  <height>80</height>
  <control type="image">
    <top>9</top>
    <left>23</left>
    <width>90</width>
    <height>60</height>
    <!-- <texture background="true" >resource://resource.images.languageflags.colour/$INFO[ListItem.Country].png</texture> --
    <texture background="true" >resource://resource.images.languageflags.colour/$INFO[Window(Home).Property(ItemCountry1)].png</texture>
    -->
    <texture background="true"  >$VAR[flagpath]France$VAR[flagpathext]</texture>


    <aspectratio aligny="center">scale</aspectratio>
  </control>
  <control type="image">
    <texture>flags/flag_frame.png</texture>
    <colordiffuse>MediaFlagDiffuse</colordiffuse>
  </control>

</control>

<control type="group"> <!-- codec video --->

  <visible>!Skin.HasSetting(hidecodecvideo)</visible>
  <width>156</width>
  <height>80</height>
  <control type="image">
    <include>MediaFlagsVarsWide</include>
    <texture>flags\VideoCodec\h.264.png</texture>
    <colordiffuse>MediaFlagDiffuse</colordiffuse>
  </control>
  <control type="image">
    <texture>flags/flag_frame.png</texture>
    <colordiffuse>MediaFlagDiffuse</colordiffuse>
  </control>

</control>

<control type="group"> <!-- video resolution -->
  <visible>!Skin.HasSetting(hideresolution)</visible>
  <width>156</width>
  <height>80</height>
  <control type="image">
    <include>MediaFlagsVarsWide</include>
    <texture>flags\VideoResolution\1080.png</texture>
    <colordiffuse>MediaFlagDiffuse</colordiffuse>
  </control>
  <control type="image">

    <texture>flags/flag_frame.png</texture>
    <colordiffuse>MediaFlagDiffuse</colordiffuse>
  </control>

</control>


<control type="group"><!-- Video Aspect -->
  <visible>!Skin.HasSetting(hideaspect)</visible>
  <width>156</width>
  <height>80</height>
  <control type="image">
    <include>MediaFlagsVarsWide</include>
    <texture>flags\VideoAspect\2.35.png</texture>
    <colordiffuse>MediaFlagDiffuse</colordiffuse>
  </control>
  <control type="image">
    <texture>flags/flag_frame.png</texture>
    <colordiffuse>MediaFlagDiffuse</colordiffuse>
  </control>

</control>

<control type="group"> <!-- sous-titres -->
  <visible>!Skin.HasSetting(hidesoustitres)</visible>
  <width>156</width>
  <height>80</height>

  <control type="image">
    <include>MediaFlagsVarsWide</include>
    <texture background="true" >settings\subsettings.png</texture>
    <aspectratio aligny="center" scalediffuse="true">scale</aspectratio>
  </control>
  <control type="image">
    <texture>flags/flag_frame.png</texture>
    <colordiffuse>MediaFlagDiffuse</colordiffuse>
  </control>


</control>

<control type="group"> <!-- une seule langue -->
  <visible>!Skin.HasSetting(hidelangues)</visible>
  <width>156</width>
  <height>80</height>
  <control type="image">
    <posx>2</posx>
    <texture>settings\audiosettings.png</texture>
  </control>
  <control type="image">
    <texture>flags/flag_frame.png</texture>
    <colordiffuse>MediaFlagDiffuse</colordiffuse>
  </control>
</control>



</include>


<include name="mediaflaglinesettings2">
  <visible>!Skin.HasSetting(Hide_ExtraMediaFlags)</visible>
  <control type="group"> <!-- chrono -->
    <visible>!Skin.HasSetting(hideduree2)</visible>
    <width>156</width>
    <height>80</height>
    <control type="image">
      <texture>settings/chronoset.png</texture>
    </control>

  </control>

  <control type="group"> <!--- GENRES -->
    <visible>!Skin.HasSetting(hidegenre2)</visible>
    <width>300</width>
    <height>80</height>
    <left>-5</left>

    <control type="textbox">
      <top>8</top>
      <left>25</left>
      <height>70</height>
      <width>236</width>
      <align>center</align>
      <font>comic24</font>
      <textcolor>TextNF</textcolor>
    <!-- <label>[COLOR=MediaDetailsInfo]$INFO[Window(10000).Property(ItemUniqueGenre)][/COLOR]</label> -->
    <label>[COLOR=MediaDetailsInfo]Drame / Histoire / Science-Fiction[/COLOR]</label>
    <autoscroll delay="5000" time="3500" repeat="5000">true</autoscroll>

  </control>
  <control type="image">
    <texture>flags/flag_frame.png</texture>
    <colordiffuse>MediaFlagDiffuse</colordiffuse>
  </control>
</control>

<control type="group"> <!-- studio -->
  <visible>!Skin.HasSetting(hidestudio2)</visible>
  <width>156</width>
  <height>80</height>
  <align>center</align>
<!-- <visible>!IsEmpty(Control.GetLabel(2525))</visible> -->
<control type="image">

  <colordiffuse>MediaFlagDiffuse</colordiffuse>
  <texture>flags/flag_frame.png</texture>
</control>
<control type="image">
  <top>3</top>
  <aspectratio align="center" aligny="center">keep</aspectratio>
  <texture>flags\default-studio.png</texture>
  <colordiffuse>MediaFlagDiffuse</colordiffuse>

</control>
</control>
<control type="group"> <!-- année -->
  <visible>!Skin.HasSetting(hideannee2)</visible>
  <width>156</width>
  <height>80</height>
  <control type="image">

    <colordiffuse>MediaFlagDiffuse</colordiffuse>
    <texture>flags/flag_frame.png</texture>
  </control>


  <control type="label">
    <width min="25" max="200">auto</width>
    <posx>30</posx>
    <posy>10</posy>
    <height>50</height>
    <aligny>center</aligny>
    <font>chicken</font>
    <textcolor>white</textcolor>
    <label>[I]2017[/I]</label>
  </control>
</control>

<control type="group"> <!-- notation -->
  <visible>!Skin.HasSetting(hidenotation2)</visible>
  <width>107</width>
  <height>80</height>
  <control type="image">
    <top>1</top>
    <include>MediaFlagsVarsSquare</include>
  <!-- <texture>Star.png</texture> -->
  <texture>flags/notation/notefilm.png</texture>
  <aspectratio>stretch</aspectratio>
</control>
<control type="label">
  <posy>11</posy>
  <include>MediaFlagsVarsSquare</include>
  <align>center</align>
  <aligny>center</aligny>
  <label>8.9</label>
  <textcolor>grey</textcolor>
  <font>METF_StarRating</font>
  <angle>5</angle>
</control>

<control type="image">
  <posx>2</posx>
  <width>98</width>
  <height>80</height>
  <texture>flags/flag_frame.png</texture>
  <aspectratio>stretch</aspectratio>
</control>
</control>

<control type="group"> <!-- MPAA -->
  <width>80</width>
  <height>80</height>
  <visible>!Skin.HasSetting(hidempaa2)</visible>
  <control type="image">
    <posx>10</posx>
    <posy>8</posy>
    <width>60</width>
    <height>60</height>
    <aspectratio>keep</aspectratio>
    <texture>flags\Rating\Moins16.png</texture>
    <colordiffuse>MediaFlagDiffuse</colordiffuse>
  </control>
  <control type="image">
    <colordiffuse>MediaFlagDiffuse</colordiffuse>
    <texture>flags/flag_frame.png</texture>
  </control>

</control>

<control type="group"> <!-- Source-->
  <visible>!Skin.HasSetting(hidesource2)</visible>
  <width>156</width>
  <height>80</height>
  <control type="image">
    <include>MediaFlagsVarsWide</include>
    <texture>flags\Source\bluray.png</texture>
    <colordiffuse>MediaFlagDiffuse</colordiffuse>
  </control>
  <control type="image">

    <colordiffuse>MediaFlagDiffuse</colordiffuse>
    <texture>flags/flag_frame.png</texture>
  </control>

</control>

<!-- Video 3D (sbs/tab) -->
<control type="group">
  <visible>!Skin.HasSetting(hide3d2)</visible>
  <width>156</width>
  <height>80</height>
  <control type="image">
    <include>MediaFlagsVarsWide</include>
  <!--<texture fallback="flags/default.png">flags/VideoCodec/flag3dSBS.png</texture>-->
  <texture>flags\VideoCodec\flag3DSBS.png</texture>
  <colordiffuse>MediaFlagDiffuse</colordiffuse>
</control>
<control type="image">
  <width>156</width>
  <height>76</height>
  <texture>flags/flag_frame.png</texture>
  <colordiffuse>MediaFlagDiffuse</colordiffuse>
</control>
</control>

<!-- ----------------------------------------- -->

<control type="group"> <!-- country --->

  <visible>!Skin.HasSetting(hideitemcountry2)</visible>
  <width>136</width>
  <height>80</height>
  <control type="image">
    <top>9</top>
    <left>23</left>
    <width>90</width>
    <height>60</height>
    <!-- <texture background="true" >resource://resource.images.languageflags.colour/$INFO[ListItem.Country].png</texture> --
    <texture background="true" >resource://resource.images.languageflags.colour/$INFO[Window(Home).Property(ItemCountry1)].png</texture>
    -->
    <texture background="true"  >$VAR[flagpath]France$VAR[flagpathext]</texture>


    <aspectratio aligny="center">scale</aspectratio>
  </control>
  <control type="image">
    <texture>flags/flag_frame.png</texture>
    <colordiffuse>MediaFlagDiffuse</colordiffuse>
  </control>

</control>

<control type="group"> <!-- codec video --->

  <visible>!Skin.HasSetting(hidecodecvideo2)</visible>
  <width>156</width>
  <height>80</height>
  <control type="image">
    <include>MediaFlagsVarsWide</include>
    <texture>flags\VideoCodec\h.264.png</texture>
    <colordiffuse>MediaFlagDiffuse</colordiffuse>
  </control>
  <control type="image">
    <texture>flags/flag_frame.png</texture>
    <colordiffuse>MediaFlagDiffuse</colordiffuse>
  </control>

</control>

<control type="group"> <!-- video resolution -->
  <visible>!Skin.HasSetting(hideresolution2)</visible>
  <width>156</width>
  <height>80</height>
  <control type="image">
    <include>MediaFlagsVarsWide</include>
    <texture>flags\VideoResolution\1080.png</texture>
    <colordiffuse>MediaFlagDiffuse</colordiffuse>
  </control>
  <control type="image">

    <texture>flags/flag_frame.png</texture>
    <colordiffuse>MediaFlagDiffuse</colordiffuse>
  </control>

</control>


<control type="group"><!-- Video Aspect -->
  <visible>!Skin.HasSetting(hideaspect2)</visible>
  <width>156</width>
  <height>80</height>
  <control type="image">
    <include>MediaFlagsVarsWide</include>
    <texture>flags\VideoAspect\2.35.png</texture>
    <colordiffuse>MediaFlagDiffuse</colordiffuse>
  </control>
  <control type="image">
    <texture>flags/flag_frame.png</texture>
    <colordiffuse>MediaFlagDiffuse</colordiffuse>
  </control>

</control>

<control type="group"> <!-- sous-titres -->
  <visible>!Skin.HasSetting(hidesoustitres2)</visible>
  <width>156</width>
  <height>80</height>

  <control type="image">
    <include>MediaFlagsVarsWide</include>
    <texture background="true" >settings\subsettings.png</texture>
    <aspectratio aligny="center" scalediffuse="true">scale</aspectratio>
  </control>
  <control type="image">
    <texture>flags/flag_frame.png</texture>
    <colordiffuse>MediaFlagDiffuse</colordiffuse>
  </control>


</control>

<control type="group"> <!-- une seule langue -->
  <visible>!Skin.HasSetting(hidelangues2)</visible>
  <width>156</width>
  <height>80</height>
  <control type="image">
    <posx>2</posx>
    <texture>settings\audiosettings.png</texture>
  </control>
  <control type="image">
    <texture>flags/flag_frame.png</texture>
    <colordiffuse>MediaFlagDiffuse</colordiffuse>
  </control>
</control>


</include>
</includes>
