<?xml version="1.0" encoding="UTF-8"?>
<window id="120">
	<defaultcontrol>4</defaultcontrol>
	<controls>
		<control type="group">
			<!-- <include>OSD_Player_Banner</include> -->
			<include>OSD_Player_Details</include>		
				
				<!-- <include>NextTracksPlaylist_Content</include> -->
			
			<animation type="Visible">
				<effect type="slide" start="0,-300" end="0,0" time="400" tween="cubic" easing="out" />
				<effect type="fade" start="0" end="100" time="400" />
			</animation>
			<animation type="Hidden">
				<effect type="slide" start="0,0" end="0,-300" time="400" tween="cubic" easing="out" />
				<effect type="fade" start="100" end="0" time="400" />
			</animation>
			<include>Animation_SlideDownFadeOut</include>
			<control type="group">
				<posx>30</posx>
				<posy>18</posy>
				<control type="image">
					<width>122</width>
					<height>22</height>
					<info>Player.StarRating</info>
					<colordiffuse>MediaFlagDiffuse</colordiffuse>
				</control>
			</control>
			<control type="fadelabel">
				<posx>10</posx>
				<posy>15</posy>
				<width>1920</width>
				<height>40</height>
				<font>led45</font>
				<textcolor>TextNF</textcolor>
				<align>center</align>
				<aligny>center</aligny>
				<scrollout>false</scrollout>
				<pauseatend>3800</pauseatend>
				<scrollspeed>40</scrollspeed>
				<scroll>true</scroll>
				<label>$INFO[MusicPlayer.Title]</label>  
			</control>
		</control>
		
		<!--
		<control type="group">
			<animation type="Visible">
				<effect type="slide" start="1580,0" end="0,0" time="400" tween="cubic" easing="out" />
				<effect type="fade" start="0" end="100" time="400" />
			</animation>
			<animation type="Hidden">
				<effect type="slide" start="0,0" end="0,1580" time="400" tween="cubic" easing="out" />
				<effect type="fade" start="100" end="0" time="400" />
			</animation>
			<animation effect="slide" start="1580,0" end="0,0" time="400" tween="quadratic" easing="out">WindowOpen</animation>
			<animation effect="slide" start="0,0" end="1580,0" time="400" tween="quadratic" easing="out">WindowClose</animation>
			<control type="label">
				<posx>1800</posx>
				<posy>10</posy>
				<width>150</width>
				<height>40</height>
				<aligny>center</aligny>
				<align>right</align>
				<font>METF_OSDTime</font>
				<textcolor>OSDFinishTime</textcolor>
				<label>$INFO[MusicPlayer.PlaylistPosition]$INFO[MusicPlayer.PlaylistLength,/]</label>
			</control>
		</control>
		-->
		
		
		<!--- apparait avec les controles MUSIQUE
		<include>OSD_Player_Banner</include> -->
		<control type="group">
			<posy>350</posy>
			<include>Animation_SlideUpFadeOut</include>
			<include>OSD_Progress_Bar</include>
			
			<control type="label">
				<posx>30</posx>
				<posy>590</posy>
				<width>150</width>
				<height>40</height>
				<aligny>center</aligny>
				<font>led24</font>
				<textcolor>NowPlayingTitle</textcolor>
				<label>$INFO[MusicPlayer.Time]</label>
			</control>
			<control type="label">
				<posx>1880</posx>
				<posy>590</posy>
				<width>150</width>
				<height>40</height>
				<aligny>center</aligny>
				<align>right</align>
				<font>led24</font>
				<textcolor>NowPlayingTitle</textcolor>
				<label>$INFO[MusicPlayer.Duration]</label>
			</control>
			
			<control type="grouplist" id="2001">
				<posx>0</posx>
				<posy>634</posy>
				<width>560</width>
				<itemgap>-5</itemgap>
				<orientation>horizontal</orientation>
				<onleft>193</onleft>
				<onright>9</onright>
				<onup>Close</onup>
				<ondown>Close</ondown>
				<control type="button" id="16">
					<description>Repeat</description>
					<height>68</height>
					<width>68</width>
					<label>-</label>
					<texturefocus>-</texturefocus>
					<texturenofocus>-</texturenofocus>
					<onclick>PlayerControl(repeat)</onclick>
				</control>
				<control type="button" id="11">
					<description>Playlists</description>
					<height>68</height>
					<width>68</width>
					<texturefocus>osd/osd_button_playlist_fo.png</texturefocus>
					<texturenofocus>osd/osd_button_playlist_nf.png</texturenofocus>
					<onclick>ActivateWindow(musicplaylist)</onclick>
				</control>
				
				<control type="togglebutton" id="8">
					<description>Random</description>
					<height>68</height>
					<width>68</width>
					<label>-</label>
					<texturefocus>osd/osd_button_random_fo.png</texturefocus>
					<texturenofocus>osd/osd_button_random_nf.png</texturenofocus>
					<usealttexture>Playlist.IsRandom</usealttexture>
					<alttexturefocus>osd/osd_button_random_on_fo.png</alttexturefocus>
					<alttexturenofocus>osd/osd_button_random_on_nf.png</alttexturenofocus>
					<disabledcolor>-</disabledcolor>
					<colordiffuse>-</colordiffuse>
					<onclick>PlayerControl(random)</onclick>
				</control>
				<control type="button" id="1101">
					<description>Last.fm love</description>
					<height>68</height>
					<width>68</width>
					<texturefocus>osd/osd_button_love_fo.png</texturefocus>
					<texturenofocus>osd/osd_button_love_nf.png</texturenofocus>
					<onclick>RunScript(service.scrobbler.lastfm,action=LastFM.Love)</onclick>
					<visible>!IsEmpty(Window(Home).Property(LastFM.CanLove))</visible>
				</control>
				<control type="button" id="1102">
					<description>Last.fm ban</description>
					<height>68</height>
					<width>68</width>
					<texturefocus>osd/osd_button_ban_fo.png</texturefocus>
					<texturenofocus>osd/osd_button_ban_nf.png</texturenofocus>
					<onclick>RunScript(service.scrobbler.lastfm,action=LastFM.Ban)</onclick>
					<visible>!IsEmpty(Window(Home).Property(LastFM.CanBan))</visible>
				</control>
			</control>
			
			
			<control type="group" id="2000">
				<posx>20</posx>
				<posy>634</posy>
				<control type="image">
					<height>68</height>
					<width>68</width>
					<texture>osd/osd_button_repeat_nf.png</texture>
					<visible>!Playlist.IsRepeat + !Playlist.IsRepeatOne</visible>
					<visible>!Control.HasFocus(16)</visible>
				</control>
				<control type="image">
					<height>68</height>
					<width>68</width>
					<texture>osd/osd_button_repeat_fo.png</texture>
					<visible>!Playlist.IsRepeat + !Playlist.IsRepeatOne</visible>
					<visible>Control.HasFocus(16)</visible>
				</control>
				<control type="image">
					<height>68</height>
					<width>68</width>
					<texture>osd/osd_button_repeat_one_nf.png</texture>
					<visible>Playlist.IsRepeatOne</visible>
					<visible>!Control.HasFocus(16)</visible>
				</control>
				<control type="image">
					<height>68</height>
					<width>68</width>
					<texture>osd/osd_button_repeat_one_fo.png</texture>
					<visible>Playlist.IsRepeatOne</visible>
					<visible>Control.HasFocus(16)</visible>
				</control>
				<control type="image">
					<height>68</height>
					<width>68</width>
					<texture>osd/osd_button_repeat_all_nf.png</texture>
					<visible>Playlist.IsRepeat</visible>
					<visible>!Control.HasFocus(16)</visible>
				</control>
				<control type="image">
					<height>68</height>
					<width>68</width>
					<texture>osd/osd_button_repeat_all_fo.png</texture>
					<visible>Playlist.IsRepeat</visible>
					<visible>Control.HasFocus(16)</visible>
				</control>
			</control>
			
			<control type="grouplist" id="2002">
				<posx>460</posx>
				<posy>634</posy>
				<width>400</width>
				<itemgap>-5</itemgap>
				<orientation>horizontal</orientation>
				<onleft>1102</onleft>
				<onright>15</onright>
				<onup>Close</onup>
				<ondown>Close</ondown>
				<control type="button" id="9">
					<description>Previous</description>
					<height>68</height>
					<width>68</width>
					<texturefocus>osd/osd_button_prev_fo.png</texturefocus>
					<texturenofocus>osd/osd_button_prev_nf.png</texturenofocus>
					<onclick>PlayerControl(Previous)</onclick>
				</control>
				<control type="button" id="3">
					<description>Rewind</description>
					<height>68</height>
					<width>68</width>
					<texturefocus>osd/osd_button_rew_fo.png</texturefocus>
					<texturenofocus>osd/osd_button_rew_nf.png</texturenofocus>
					<onclick>PlayerControl(rewind)</onclick>
				</control>
				<control type="togglebutton" id="4">
					<description>Play</description>
					<height>68</height>
					<width>68</width>
					<texturefocus>osd/osd_button_pause_fo.png</texturefocus>
					<texturenofocus>osd/osd_button_pause_nf.png</texturenofocus>
					<usealttexture>Player.Paused | Player.Forwarding | Player.Rewinding</usealttexture>
					<alttexturefocus>osd/osd_button_play_fo.png</alttexturefocus>
					<alttexturenofocus>osd/osd_button_play_nf.png</alttexturenofocus>
					<disabledcolor>-</disabledcolor>
					<colordiffuse>-</colordiffuse>
					<onclick>PlayerControl(play)</onclick>
				</control>
				<control type="button" id="5">
					<description>Stop</description>
					<height>68</height>
					<width>68</width>
					<texturefocus>osd/osd_button_stop_fo.png</texturefocus>
					<texturenofocus>osd/osd_button_stop_nf.png</texturenofocus>
					<onclick>PlayerControl(stop)</onclick>
				</control>
				<control type="button" id="6">
					<description>Forward</description>
					<height>68</height>
					<width>68</width>
					<texturefocus>osd/osd_button_ff_fo.png</texturefocus>
					<texturenofocus>osd/osd_button_ff_nf.png</texturenofocus>
					<onclick>PlayerControl(forward)</onclick>
				</control>
				<control type="button" id="10">
					<description>Next</description>
					<height>68</height>
					<width>68</width>
					<texturefocus>osd/osd_button_next_fo.png</texturefocus>
					<texturenofocus>osd/osd_button_next_nf.png</texturenofocus>
					<onclick>PlayerControl(Next)</onclick>
				</control>
			</control>
			
			<control type="grouplist" id="2003">
				<posx>1050</posx>
				<posy>634</posy>
				<width>208</width>
				<align>right</align>
				<itemgap>-5</itemgap>
				<orientation>horizontal</orientation>
				<onleft>10</onleft>
				<onright>16</onright>
				<onup>Close</onup>
				<ondown>Close</ondown>
				<control type="button" id="15">
					<description>Lyrics</description>
					<height>68</height>
					<width>68</width>
					<texturefocus>osd/osd_button_sub_fo.png</texturefocus>
					<texturenofocus>osd/osd_button_sub_nf.png</texturenofocus>
					<onclick>Close</onclick>
					<onclick>RunScript($INFO[Skin.String(LyricPath)])</onclick>
					<altclick>Skin.SetAddon(LyricPath,xbmc.python.lyrics)</altclick>
					<altclick>Close</altclick>
					<altclick>RunScript($INFO[Skin.String(LyricPath)])</altclick>
					<usealttexture>IsEmpty(Skin.String(LyricPath))</usealttexture>
				</control>
				
				<control type="button" id="13">
					<description>Visualisation Preset List</description>
					<height>68</height>
					<width>68</width>
					<texturefocus>osd/osd_button_vis_fo.png</texturefocus>
					<texturenofocus>osd/osd_button_vis_nf.png</texturenofocus>
					<enable>Visualisation.HasPresets</enable>
					<onclick>ActivateWindow(visualisationpresetlist)+Visualisation.HasPresets</onclick>
				</control>
				<!--
				<control type="button" id="14">
					<description>Visualisation Settings</description>
					<height>68</height>
					<width>68</width>
					<texturefocus>osd/osd_button_settings_fo.png</texturefocus>
					<texturenofocus>osd/osd_button_settings_nf.png</texturenofocus>
					<onclick>ActivateWindow(1105)</onclick>
				</control>
				-->
				<control type="togglebutton" id="193">
					<description>Biography</description>
					<height>68</height>
					<width>68</width>					
					<texturefocus>osd/osd_button_bio_inactive_fo.png</texturefocus>
					<texturenofocus>osd/osd_button_bio_inactive_nf.png</texturenofocus>
					<usealttexture>Skin.HasSetting(ShowArtistBio)</usealttexture>
					<alttexturefocus>osd/osd_button_bio_active_fo.png</alttexturefocus>
					<alttexturenofocus>osd/osd_button_bio_active_nf.png</alttexturenofocus>
					<disabledcolor>-</disabledcolor>
					<colordiffuse>-</colordiffuse>
					<onclick>Skin.ToggleSetting(ShowArtistBio)</onclick>
				</control>
				
			</control>
		</control>
	</controls>
</window>
