<?xml version="1.0" encoding="UTF-8"?>
<window>
	<defaultcontrol always="true">50</defaultcontrol>
	<views>50</views>
	<controls>
		<include>Global_Background</include>

		<!-- TV Channel view -->
		<control type="group">
			<description>TV Channels group</description>
			<visible>Control.IsVisible(50)</visible>
			<control type="group">
				<posx>760</posx>
				<posy>50</posy>
  				<control type="list" id="50">
	  				<posx>0</posx>
  					<posy>0</posy>
  					<width>550</width>
  					<height>487</height>
  					<onleft>100</onleft>
	  				<onright>100</onright>
					<viewtype label="535">list</viewtype>
					<pagecontrol>70</pagecontrol>
					<scrolltime>200</scrolltime>
					<itemlayout height="60" width="550">
						<control type="label">	
							<description>Channel number label</description>
							<left>0</left>
							<top>0</top>
							<width>110</width>
							<height>35</height>
							<align>right</align>
							<aligny>center</aligny>
							<font>METF_PVRChannelList</font>
							<info>ListItem.ChannelNumber</info>
						</control>
						<control type="label">
							<description>Channel name label</description>
							<posx>115</posx>
							<posy>4</posy>
							<width>340</width>
							<height>25</height>
							<align>left</align>
							<aligny>center</aligny>
							<font>METF_PVRChannelList</font>
							<info>ListItem.Label</info>
						</control>
						<control type="label">
							<description>Channel title label</description>
							<posx>115</posx>
							<posy>29</posy>
							<width>340</width>
							<height>20</height>
							<align>left</align>
							<aligny>center</aligny>
							<font>METF_PVRChannelList</font>
							<info>ListItem.Title</info>
						</control>
						<control type="image">
							<description>Channel icon</description>
							<posx>370</posx>
							<posy>5</posy>
							<width>50</width>
							<height>50</height>
							<texture>$INFO[ListItem.Icon]</texture>
						</control>
						<control type="progress">
							<description>Channel progressbar</description>
							<posx>115</posx>
							<posy>54</posy>
							<width>350</width>
							<height>6</height>
							<colordiffuse>88FFFFFF</colordiffuse>
							<info>ListItem.Progress</info>
						</control>
					</itemlayout>
					<focusedlayout height="60" width="550">
						<control type="image">
							<description>Channel focus selection</description>
							<posx>0</posx>
							<posy>4</posy>
							<width>475</width>
							<height>62</height>
							<texture>FocusLine.png</texture>
							<colordiffuse>FocusBar</colordiffuse>
						</control>
						<control type="label">
							<description>Channel number label</description>
							<left>0</left>
							<top>0</top>
							<width>110</width>
							<height>35</height>
							<align>right</align>
							<aligny>center</aligny>
							<font>METF_PVRChannelList</font>
							<info>ListItem.ChannelNumber</info>
						</control>
						<control type="label">
							<description>Channel name label</description>
							<posx>115</posx>
							<posy>4</posy>
							<width>340</width>
							<height>25</height>
							<align>left</align>
							<aligny>center</aligny>
							<font>METF_PVRChannelList</font>
							<info>ListItem.Label</info>
						</control>
						<control type="label">
		 					<description>Channel title label</description>
							<posx>115</posx>
							<posy>29</posy>
							<width>340</width>
							<height>20</height>
							<align>left</align>
							<aligny>center</aligny>
							<font>METF_PVRChannelList</font>
							<info>ListItem.Title</info>
						</control>
						<control type="image">
							<description>Channel icon</description>
							<posx>370</posx>
	 						<posy>5</posy>
							<width>50</width>
							<height>50</height>
							<texture>$INFO[ListItem.Icon]</texture>
						</control>
						<control type="progress">
							<description>Channel progressbar</description>
							<posx>115</posx>
							<posy>54</posy>
							<width>350</width>
							<height>6</height>
							<colordiffuse>88FFFFFF</colordiffuse>
							<info>ListItem.Progress</info>
						</control>
					</focusedlayout>
				</control>
				<control type="scrollbar" id="70">
					<description>Channel scrollbar</description>
					<posx>445</posx>
					<posy>0</posy>
					<width>25</width>
					<height>500</height>
					<texturesliderbackground>-</texturesliderbackground>
					<textureslidernibfocus>ScrollBarV_Nib_Focus.png</textureslidernibfocus>
					<onleft>50</onleft>
 					<onright>100</onright>
					<showonepage>false</showonepage>
					<orientation>vertical</orientation>
				</control>
			</control>

			<control type="group">
				<description>TV Channel information</description>
				<posx>25</posx>
				<posy>40</posy>
				<control type="image">
					<description>PVR Display Picture</description>
					<posx>22</posx>
					<posy>20</posy>
					<width>704</width>
					<height>396</height>
					<texture background="true" fallback="home_art/livetv.jpg">$INFO[Skin.String(CustomLiveTV)]</texture>
					<aspectratio aligny="bottom">stretch</aspectratio>
					<visible>!Player.HasVideo</visible>
				</control>
				<control type="videowindow">
					<description>PVR Display Window</description>
					<posx>22</posx>
					<posy>20</posy>
					<width>704</width>
					<height>396</height>
					<aspectratio aligny="bottom">stretch</aspectratio>
					<texture background="true" diffuse="diffuse_fanart.png"></texture>
					<visible>Player.HasVideo</visible>
				</control>
				<control type="image">
					<posx>0</posx>
					<posy>0</posy>
					<width>746</width>
					<height>442</height>
					<texture>frames/ClassicFrame_Fanart.png</texture>
				</control>
				<control type="label">
					<description>Channel start time label</description>
					<posx>120</posx>
					<posy>434</posy>
					<width>110</width>
					<height>20</height>
					<align>right</align>
					<aligny>center</aligny>
					<include>LiveTVLabel</include>
					<info>ListItem.StartTime</info>
				</control>
				<control type="progress">
					<description>Channel progress bar</description>
					<posx>130</posx>
					<posy>442</posy>
					<width>480</width>
					<height>8</height>
					<info>Container(50).ListItem.Progress</info>
				</control>
				<control type="label">
					<description>Channel end time label</description>
					<posx>620</posx>
					<posy>434</posy>
					<width>110</width>
					<height>20</height>
					<align>left</align>
					<aligny>center</aligny>
					<include>LiveTVLabel</include>
					<info>ListItem.EndTime</info>
				</control>
				<control type="label">
					<posx>0</posx>
					<posy>468</posy>
					<width>746</width>
					<height>20</height>
					<align>center</align>
					<aligny>center</aligny>
					<include>LiveTVLabel</include>
					<label>$LOCALIZE[19031] : $INFO[ListItem.NextTitle]</label>
					<visible>!IsEmpty(ListItem.NextTitle)</visible>
				</control>
			</control>
			<!-- TV Channel Plot (Bottom) -->
			<include>LiveTVPlot</include> 
		</control>		
	
		<!--  Side Buttons -->	
		<control type="group">
			<include>Animation_NavMenu</include>
			<include>NavMenuBackground</include>
			<control type="grouplist" id="7000">
				<posx>470</posx>
				<posy>120</posy>
				<width>340</width>
				<height>472</height>
				<itemgap>2</itemgap>
				<onleft>50</onleft>
				<onright>50</onright>
				<visible allowhiddenfocus="true">ControlGroup(7000).HasFocus</visible>
				<include>PVR_SideMenu</include>
				<include>Nav_NowPlaying</include>
			</control>
		</control>
	
		<include>PVR_Headers</include>
		<!--<include>Global_Weather</include>-->
		<!--<include>Global_Time</include>-->
		<include condition="Skin.HasSetting(DebugGrid)">Object_DebugGrid</include>
	</controls>
</window>
