<?xml version="1.0" encoding="UTF-8"?>
<window>
	<defaultcontrol always="true">10</defaultcontrol>
	
	<onload>Skin.SetBool(SmartShortcuts.playlists)</onload> <!-- pour skinhelperservice -->
	<onload>Skin.SetBool(SmartShortcuts.favorites)</onload>
  <onload condition="!Skin.HasSetting(SagaDetailsDisc)+!Skin.HasSetting(SagaDetailsTexte)+!Skin.HasSetting(SagaDetailsAucun)+!Skin.HasSetting(SagaDetailsClearArt)+!Skin.HasSetting(SagaDetailsBoitier)">Skin.ToggleSetting(SagaDetailsBoitier)</onload>
	<onload condition="!Skin.HasSetting(GenreDetailsDisc)+!Skin.HasSetting(GenreDetailsTexte)+!Skin.HasSetting(GenreDetailsAucun)+!Skin.HasSetting(GenreDetailsClearArt)+!Skin.HasSetting(GenreDetailsBoitier)">Skin.ToggleSetting(GenreDetailsBoitier)</onload>
	<onload condition="!Skin.HasSetting(directorDisc)+!Skin.HasSetting(directorTexte)+!Skin.HasSetting(directorAucun)+!Skin.HasSetting(directorClearArt)+!Skin.HasSetting(directorBoitier)">Skin.ToggleSetting(directorBoitier)</onload>
	RunScript(script.tv.show.next.aired,silent=True)
	<onload>SetProperty(WidgetActifFanart,,Home)</onload>
	<onload>SetProperty(VideoOsdOn,0,Home)</onload>

	<controls>
		<!-- -->
		<control type="button" id="10">
			<description>Weather</description>
			<onfocus>SetFocus(20)</onfocus>
			<texturenofocus>-</texturenofocus>
			<texturefocus>-</texturefocus>
			<label>$INFO[Weather.Conditions]</label>
			<font>-</font>
		</control>
		<control type="button" id="20">
			<description>Passthrough</description>
			<onfocus>SetFocus(50)</onfocus>
			<texturenofocus>-</texturenofocus>
			<texturefocus>-</texturefocus>
			<visible>!Skin.HasSetting(Use_Startup_Playlist)</visible>
		</control>
		<control type="button" id="20">
			<description>Startup Playlist</description>
			<onfocus>PlayMedia($INFO[Skin.String(Startup_Playlist_Path)])</onfocus>
			<onfocus>SetFocus(50)</onfocus>
			<texturenofocus>-</texturenofocus>
			<texturefocus>-</texturefocus>
			<visible>Skin.HasSetting(Use_Startup_Playlist)</visible>
		</control>
		
	
		<control type="button" id="50">
			<description>TV Show Next Aired</description>
			<onfocus>ReplaceWindow($INFO[System.StartupWindow])</onfocus>
			<texturenofocus>-</texturenofocus>
			<texturefocus>-</texturefocus>
		</control>
		-->
	</controls>
</window>
