<?xml version="1.0" encoding="UTF-8"?>
<includes>
	<include name="Viewtype_Poster_Large_WrapVertical">
		<control type="group">
			<visible>Control.IsVisible(553)</visible>
			<!-- Browser -->
			<control type="wraplist" id="553">
				<viewtype label="$LOCALIZE[31808]">bigwrap</viewtype>
				<onup>550</onup>
				<ondown>550</ondown>
				<visible>!Skin.HasSetting(NoViewPosterLargeWrap)</visible>
				<include>PosterLargeViewCommon_BrowserVertical</include>
			</control>
	
			<include>ScrollBar_Horizontal</include>
		</control>
	</include>
</includes>
