<?xml version="1.0" encoding="UTF-8"?>
<includes>
	<include name="Viewtype_Gallery_Square">
		<control type="group">
			<visible>Control.IsVisible(58)</visible>
			<!-- Browser -->
			<control type="panel" id="58">
				<viewtype label="$LOCALIZE[31822]">icon</viewtype>
				<posx>25</posx>
				<posy>10</posy>
				<width>1870</width>
				<height>810</height>
				<scrolltime>200</scrolltime>
				<orientation>vertical</orientation>
				<onup>58</onup>
				<ondown>58</ondown>
				<include condition="!Skin.HasSetting(ViewLockdown)">OnLeft7000</include>
				<onright>61</onright>
				<pagecontrol>61</pagecontrol>
				<preloaditems>2</preloaditems>
				<include>Animation_OpenCloseFade</include>
				<include>Animation_FadedByMenu</include>
				<include>Animation_HiddenByInfo</include>
				<visible>!Skin.HasSetting(NoViewGallerySquare)</visible>
				<itemlayout width="205" height="195">
					<control type="group">
					<control type="image">
						<posx>27</posx>
						<posy>27</posy>
						<width>155</width>
						<height>155</height>
						<texture fallback="DefaultThumb.png">$INFO[ListItem.Icon]</texture>
						<aspectratio>scale</aspectratio>
						<colordiffuse>FFFFFFFF</colordiffuse>
					</control>
					<control type="image">
						<posx>10</posx>
						<posy>24</posy>
						<width>175</width>
						<height>160</height>
						<texture>frames/cd.png</texture>
						<aspectratio scalediffuse="true">stretch</aspectratio>
						<colordiffuse>FFFFFFFF</colordiffuse>
					</control>
					<include>AnimationCacheNonSelect</include>
			</control>
				</itemlayout>
				<focusedlayout width="205" height="195">
					<include>ActiveClearArt</include>
					<control type="group">
						<animation reversible="false" effect="zoom" center="auto" start="100" end="140" time="200" tween="sine" easing="inout">focus</animation>
						<animation reversible="false" effect="zoom" center="auto" start="150" end="100" time="200" tween="sine" easing="inout">unfocus</animation>
						<control type="image">
							<posx>27</posx>
							<posy>27</posy>
							<width>155</width>
							<height>155</height>
							<texture fallback="DefaultThumb.png">$INFO[ListItem.Icon]</texture>
							<aspectratio>scale</aspectratio>
							<colordiffuse>FFFFFFFF</colordiffuse>
						</control>
						<control type="image">
							<posx>10</posx>
							<posy>24</posy>
							<width>175</width>
							<height>160</height>
							<texture>frames/cd.png</texture>
							<aspectratio scalediffuse="true">stretch</aspectratio>
							<colordiffuse>FFFFFFFF</colordiffuse>
						</control>
						
					</control>
				</focusedlayout>
			</control>
			
			<!-- Browser label and flags 
		

			<include>ScrollBar_Vertical</include>-->
		</control>
	</include>
</includes>
