<?xml version="1.0" encoding="UTF-8"?>
<includes>
	
	
	<include name="Viewtype_Roulette">

		<control type="group">
			<visible>Control.IsVisible(501)</visible>
			<include>Animation_OpenCloseFade</include>
			<include>Animation_FadedByMenu</include>
			<include>Animation_HiddenByInfo</include>


			<control type="wraplist" id="501">
				<posx>0</posx>
				<posy>50</posy>
				<width>1940</width>
				<height>450</height>
				<include condition="!Skin.HasSetting(ViewLockdown)">OnUp7000</include>
				<ondown>60</ondown>
				<viewtype label="31819">wrap</viewtype>
				<pagecontrol>60</pagecontrol>
				<orientation>horizontal</orientation>
				<scrolltime>1000</scrolltime>
				<focusposition>1</focusposition>
				<itemlayout height="1" width="1">

				</itemlayout>

				<focusedlayout height="1" width="1">


				</focusedlayout>
			</control>

			<!-- -->

			<control type="group">
				<animation type="Conditional" condition="System.IdleTime(3)" reversible="true">
				<effect type="slide" end="0,200" time="1000"  />
			</animation>
				<posy>500</posy>
				<posx>500</posx>
				
		<!-- -->
				<control type="image">
					<animation effect="rotate" center="406,406" end="86" condition="true">Conditional</animation>
					<include>portioncommune</include>
					<texture background="true" diffuse="cddecoupe.png" >$INFO[Container(501).ListItem(-2).Icon]</texture>
				</control>
			
				<control type="image">
					<animation effect="rotate" center="406,406" end="43" condition="true">Conditional</animation>
					<include>portioncommune</include>
					<texture background="true" diffuse="cddecoupe.png" >$INFO[Container(501).ListItem(-1).Icon]</texture>
				</control>	-->
				<control type="image">
					<colordiffuse>FFFFFFFF</colordiffuse>
					<include>portioncommune</include>
					<texture background="true" diffuse="cddecoupe.png" >$INFO[Container(501).ListItem.Icon]</texture>
				</control>
				<control type="image">
					<include>portioncommune</include>
					<animation effect="rotate" center="406,406" end="-43" condition="true">Conditional</animation>

					<texture background="true" diffuse="cddecoupe.png" >$INFO[Container(501).ListItem(1).Icon]</texture>
				</control>
				<!-- -->
				<control type="image">
					<animation effect="rotate" center="406,406" end="-86" condition="true">Conditional</animation>
					<include>portioncommune</include>
					<texture background="true" diffuse="cddecoupe.png" >$INFO[Container(501).ListItem(2).Icon]</texture>
				</control>
				<control type="image">
					<width>812</width>
					<height>812</height>
					
					<texture>roulette.png</texture>
					<aspectratio>stretch</aspectratio>
				</control>
				-->
			</control>
		
		<!-- 	<include>ScrollBar_Horizontal</include> -->
		</control>

	</include>
	<include name="portioncommune">
		<top>10</top>
		<left>251</left>
		<width>310</width>
		<height>290</height>
		<aspectratio scalediffuse="false">stretch</aspectratio>
		<colordiffuse>FFA0A0A0</colordiffuse>
	</include>
</includes>
