<?xml version="1.0" encoding="UTF-8"?>
<includes>
  <variable name="CoverflowItem7Image">
    <value condition="!IsEmpty(ListItem(7).Art(poster))">$INFO[ListItem(7).Art(poster)]</value>
    <value condition="SubString(Container.FolderPath,plugin)">$INFO[ListItem(7).Icon]</value>
    <value>DefaultThumb.png</value>
  </variable>
 
  <include name="leftpanel">
    <param name="id" />
     <param name="left" />
    <definition>
      <!--
      <control type="label">
      <label>$INFO[Container(512).ListItem($PARAM[id]).Icon]</label>
      </control>
      -->
      <control type="group">
        <left>$PARAM[left]</left>
       <visible>!Container(512).OnNext+!Container(512).OnPrevious</visible>
        <width>260</width>
        <height>380</height>
        <!--<animation effect="rotatey" center="180" start="25" end="0" time="50" condition="Container(512).OnNext|Container(512).OnPrevious">Conditional</animation> -->
        <animation type="Visible"  reversible="false">
          <effect type="rotatey" center="auto" start="0" end="-45" time="100" />
        </animation>

        <control type="image">

          <align>center</align>
          <texture background="true" diffuse="showcase_matte.png">$INFO[Container(512).ListItem($PARAM[id]).Icon]</texture>
          <aspectratio scalediffuse="false">stretch</aspectratio>
        </control>
        <control type="image">
          <description>Glass overlay</description>

          <texture border="-17">showcase_shadow.png</texture>
        </control>
      </control> -->
    </definition>
  </include>
   <include name="rightpanel">
    <param name="id" />
    <param name="left" />
    <definition>
      <!--
      <control type="label">
      <label>$INFO[Container(512).ListItem($PARAM[id]).Icon]</label>
      </control>
      -->
      <control type="group">
        <left>$PARAM[left]</left>
        <top>0</top>
       <visible>!Container(512).OnNext+!Container(512).OnPrevious</visible>
        <width>260</width>
        <height>380</height>
        <!--<animation effect="rotatey" center="180" start="25" end="0" time="50" condition="Container(512).OnNext|Container(512).OnPrevious">Conditional</animation> -->
        <animation type="Visible"  reversible="false">
          <effect type="rotatey" center="auto" start="0" end="45" time="100" />
        </animation>

        <control type="image">

          <align>center</align>
          <texture background="true" diffuse="showcase_matte.png">$INFO[Container(512).ListItem($PARAM[id]).Icon]</texture>
          <aspectratio scalediffuse="false">stretch</aspectratio>
        </control>
        <control type="image">
          <description>Glass overlay</description>

          <texture border="-17">showcase_shadow.png</texture>
        </control>
      </control> -->
    </definition>
  </include>


  <!--------------------------------------------------------------------------------------------------------------------------- -->


  <include name="Viewtype_Coverflow">
    <control type="group">
      <posx>0</posx>
      <posy>150</posy>
      <visible>Control.IsVisible(512)</visible>
      <include>Animation_OpenCloseFade</include>
      <include>Animation_FadedByMenu</include>
      <include>Animation_HiddenByInfo</include>

      <control type="group">

        <control type="fixedlist" id="512">

          <posx>770</posx>
          <width>400</width>
          <height>450</height>
          <include condition="!Skin.HasSetting(ViewLockdown)">OnUp7000</include>

          <onfocus condition="Skin.HasSetting(CacheFond)">SetProperty(ActeurDirection,up,Home)</onfocus>
          <onfocus condition="!Skin.HasSetting(CacheFond)">SetProperty(ActeurDirection,down,Home)</onfocus>


          <ondown>60</ondown>
          <viewtype label="31809">wrap</viewtype>
          <pagecontrol>60</pagecontrol>
          <orientation>horizontal</orientation>
          <scrolltime>250</scrolltime>
          <focusposition>0</focusposition>
          <visible>!Skin.HasSetting(NoViewCoverflow)</visible>
          <visible>Container.Content(movies) | Container.Content(sets) | Container.Content(tvshows) | Container.Content(seasons)</visible>
          <itemlayout height="1" width="1">
          </itemlayout>
          <focusedlayout height="1" width="1">
          </focusedlayout>
        </control>

      </control>
      <control type="group" >      

        <include name="leftpanel" content="leftpanel">
          <param name="left" value="0" />
          <param name="id" value="-5"/>
        </include>
        <include name="leftpanel" content="leftpanel">
          <param name="left" value="100" />
          <param name="id" value="-4"/>
        </include>
        <include name="leftpanel" content="leftpanel">
          <param name="left" value="200" />
          <param name="id" value="-3"/>
        </include>
        <include name="leftpanel" content="leftpanel">
          <param name="left" value="300" />
          <param name="id" value="-2"/>
        </include>
        <include name="leftpanel" content="leftpanel">
          <param name="left" value="400" />
          <param name="id" value="-1"/>
        </include>
      </control>
        <control type="group" >   
        <posx>1100</posx>   

        <include name="rightpanel" content="rightpanel">
          <param name="left" value="400" />
          <param name="id" value="5"/>
        </include>
        <include name="rightpanel" content="rightpanel">
          <param name="left" value="300" />
          <param name="id" value="4"/>
        </include>
        <include name="rightpanel" content="rightpanel">
          <param name="left" value="200" />
          <param name="id" value="3"/>
        </include>
        <include name="rightpanel" content="rightpanel">
          <param name="left" value="100" />
          <param name="id" value="2"/>
        </include>
        <include name="rightpanel" content="rightpanel">
          <param name="left" value="0" />
          <param name="id" value="1"/>
        </include>
      </control>
      <!--
       <control type="grouplist" >
        
        <posx>1200</posx>
        <width>1550</width>
        <height>450</height>
        <orientation>horizontal</orientation>
        <itemgap>-100</itemgap>
        <align>left</align>

        <include name="rightpanel" content="rightpanel">
          <param name="id" value="1"/>
        </include>
        <include name="rightpanel" content="rightpanel">
          <param name="id" value="2"/>
        </include>
        <include name="rightpanel" content="rightpanel">
          <param name="id" value="3"/>
        </include>
        <include name="rightpanel" content="rightpanel">
          <param name="id" value="4"/>
        </include>
        <include name="rightpanel" content="rightpanel">
          <param name="id" value="5"/>
        </include>
      </control>
      -->
      <control type="group"> 
        <width>290</width>
        <height>410</height>
        <visible>!Container.OnNext+!Container.OnPrevious</visible>
        <posx>770</posx>
        <animation type="Visible"  reversible="false">
          <effect type="rotatey" center="180" start="-45" end="0" time="300" />
        </animation>
      
        <control type="image"> 
          <align>center</align>
          <texture background="true" diffuse="showcase_matte.png">$INFO[Container(512).ListItem.Art(poster)]</texture>
          <aspectratio scalediffuse="false">stretch</aspectratio>
        </control>
        <control type="image">
          <description>Glass overlay</description>
          <texture border="-17">showcase_shadow.png</texture>
        </control>
      </control>
      
      <include>ScrollBar_Horizontal</include>
    </control>
  </include>
</includes>
