<?xml version="1.0" encoding="UTF-8"?>
<includes>
	<include name="VuePosterChoix">
  <param name="Poster">$VAR[PosterThumb]</param>
  <definition>

		<!-- pochette -->
		<control type="group">
			<visible>!String.IsEqual(Control.GetLabel(1099),3)+!Container.Content(Genres)</visible>
			<control type="image">
				<posx>20</posx>
				<posy>21</posy>
				<width>286</width>
				<height>412</height>
				<bordersize>9</bordersize>
				<bordertexture border="9" colordiffuse="FFFFFFFF">landscapeinfo.png</bordertexture>
				<texture background="true" fallback="DefaultThumb.png">$PARAM[Poster]</texture>
				<aspectratio scalediffuse="false">scale</aspectratio>
				<visible>!String.IsEmpty(ListItem.Title)</visible>
			</control>
			<control type="image">
				<posx>20</posx>
				<posy>21</posy>
				<width>286</width>
				<height>412</height>
				<bordersize>9</bordersize>
				<bordertexture border="9" colordiffuse="FFFFFFFF">landscapeinfo.png</bordertexture>
				<texture background="true">$INFO[ListItem.Icon]</texture>
				<aspectratio scalediffuse="false">scale</aspectratio>
				<visible>String.IsEmpty(ListItem.Title)+!Container.Content(genres)</visible>
			</control>
			<control type="image">
				<posx>20</posx>
				<posy>21</posy>
				<width>286</width>
				<height>412</height>
				<bordersize>9</bordersize>
				<bordertexture border="9" colordiffuse="FFFFFFFF">landscapeinfo.png</bordertexture>
				<texture fallback="DefaultMovieGenre.jpg">$VAR[VideoMusicGenres]</texture>
				<aspectratio scalediffuse="false">scale</aspectratio>
				<visible>String.IsEmpty(ListItem.Title)+Container.Content(genres)</visible>
			</control>
			<control type="group">
				<visible>String.IsEqual(Control.GetLabel(1099),2)+!Container.Content(Genres)</visible>
				<control type="image">
					<description>Glass overlay</description>
					<posx>17</posx>
					<posy>-9</posy>
					<width>292</width>
					<height>442</height>
					<texture>$VAR[Boitier_SelonResolution]</texture>
					
				</control>
			
			</control>
		</control>

		<!-- arrondies -->
		<control type="group">
			<visible>String.IsEqual(Control.GetLabel(1099),3)|Container.Content(Genres)</visible>
			<control type="image">
				<posx>20</posx>
				<posy>21</posy>
				<width>286</width>
				<height>412</height>

				<texture background="true" diffuse="showcase_matte.png" fallback="DefaultThumb.png">$VAR[PosterThumb]</texture>

				<aspectratio scalediffuse="false">scale</aspectratio>
				<visible>!String.IsEmpty(ListItem.Title)</visible>
			</control>
			<control type="image">
				<posx>20</posx>
				<posy>21</posy>
				<width>286</width>
				<height>412</height>

				<texture background="true" diffuse="showcase_matte.png">$INFO[ListItem.Icon]</texture>
				<aspectratio scalediffuse="false">scale</aspectratio>
				<visible>String.IsEmpty(ListItem.Title)+!Container.Content(genres)</visible>
			</control>
			<control type="image">
				<posx>20</posx>
				<posy>21</posy>
				<width>286</width>
				<height>412</height>

				<texture background="true" diffuse="showcase_matte.png" fallback="DefaultMovieGenre.jpg">$VAR[VideoMusicGenres]</texture>
				<aspectratio scalediffuse="false">scale</aspectratio>
				<visible>String.IsEmpty(ListItem.Title)+Container.Content(genres)</visible>
			</control>

			<control type="image">
				<description>Glass overlay</description>
				<posx>0</posx>
				<posy>0</posy>
				<width>326</width>
				<height>452</height>
				<texture>showcase_noshadow.png</texture>
			</control>
		</control>
  </definition>
	</include>

	<include name="VuePosterChoixLarge">
		

		<!-- pochette -->
		<control type="group">
			<posy>10</posy>
			<visible>!String.IsEqual(Control.GetLabel(1099),3)+!Container.Content(Genres)</visible>
			<control type="image">
				<posx>40</posx>
				<posy>41</posy>
				<width>386</width>
				<height>562</height>
				<bordersize>9</bordersize>
				<bordertexture border="13" colordiffuse="FFFFFFFF">landscapeinfo.png</bordertexture>
				<texture background="true" fallback="DefaultThumb.png">$VAR[PosterThumb]</texture>
				<!-- <colordiffuse>80A0A0A0</colordiffuse> -->
				<aspectratio scalediffuse="false">scale</aspectratio>
				<visible>!String.IsEmpty(ListItem.Title)</visible>
			</control>
			<control type="image">
				<posx>40</posx>
				<posy>41</posy>
				<width>386</width>
				<height>562</height>
				<bordersize>9</bordersize>
				<bordertexture border="13" colordiffuse="FFFFFFFF">landscapeinfo.png</bordertexture>
				<texture background="true">$INFO[ListItem.Icon]</texture>
				<aspectratio scalediffuse="false">scale</aspectratio>
				<visible>String.IsEmpty(ListItem.Title)+!Container.Content(genres)</visible>
			</control>
			<control type="image">
				<posx>40</posx>
				<posy>41</posy>
				<width>386</width>
				<height>562</height>
				<bordersize>9</bordersize>
				<bordertexture border="13" colordiffuse="FFFFFFFF">landscapeinfo.png</bordertexture>
				<texture fallback="DefaultMovieGenre.jpg">$VAR[VideoMusicGenres]</texture>
				<aspectratio scalediffuse="false">scale</aspectratio>
				<visible>String.IsEmpty(ListItem.Title)+Container.Content(genres)</visible>
			</control>
			<control type="group">
				<visible>String.IsEqual(Control.GetLabel(1099),2)+!Container.Content(Genres)</visible>
				<control type="image">
					<description>Glass overlay</description>
					<posx>37</posx>
					<posy>-7</posy>
					<width>392</width>
					<height>610</height>
					<texture>$VAR[Boitier_SelonResolution]</texture>
					
				</control>
				
			</control>
		</control>

		<!-- arrondies -->
		<control type="group">
			<posy>10</posy>
			<visible>String.IsEqual(Control.GetLabel(1099),3)|Container.Content(Genres)</visible>
			<control type="image">
				<posx>40</posx>
				<posy>41</posy>
				<width>386</width>
				<height>562</height>
				<texture background="true" diffuse="showcase_matte.png" fallback="DefaultThumb.png">$VAR[PosterThumb]</texture>
				<aspectratio scalediffuse="false">scale</aspectratio>
				<visible>!String.IsEmpty(ListItem.Title)</visible>
			</control>
			<control type="image">
				<posx>40</posx>
				<posy>41</posy>
				<width>386</width>
				<height>562</height>
				<texture background="true" diffuse="showcase_matte.png">$INFO[ListItem.Icon]</texture>
				<aspectratio scalediffuse="false">scale</aspectratio>
				<visible>String.IsEmpty(ListItem.Title)+!Container.Content(genres)</visible>
			</control>
			<control type="image">
				<posx>40</posx>
				<posy>41</posy>
				<width>386</width>
				<height>562</height>
				<texture background="true" diffuse="showcase_matte.png" fallback="DefaultMovieGenre.jpg">$VAR[VideoMusicGenres]</texture>
				<aspectratio scalediffuse="false">scale</aspectratio>
				<visible>String.IsEmpty(ListItem.Title)+Container.Content(genres)</visible>
			</control>

			<control type="image">
				<description>Glass overlay</description>
				<posx>30</posx>
				<posy>31</posy>
				<width>406</width>
				<height>582</height>
				<texture>showcase_noshadow.png</texture>

			</control>
		</control>

	</include>
	<include name="PosterViewCommon_Details">
		<!-- Browser label and flags -->
		<control type="group">
			<include>Animation_OpenCloseFade</include>
			<include>Animation_FadedByMenu</include>
			<include>Animation_HiddenByInfo</include>
			<visible>!String.IsEmpty(ListItem.Title)</visible>	
			
			<!-- Tagline -->
			<control type="textbox">
				<posx>400</posx>
				<posy>10</posy>
				<width>700</width>
				<height>70</height>
				<align>left</align>
				<font>METF_PlotText</font>
				<textcolor>TextNF</textcolor>
				<label>$INFO[ListItem.Tagline]</label>
				<!---<visible>Container.Content(movies) + !String.IsEmpty(ListItem.Tagline) + !Skin.HasSetting(Hide_MovieTagline)</visible> -->
			</control>
		</control>
			<!-- Browser label and flags -->
		
	</include>

	<!------------------------------------------------------------------------------------------------------------->

	
	<include name="PosterVeryLargeViewCommon_Browser">
		<posx>-250</posx>
		<posy>-5</posy>
		<height>800</height>
		<width>2250</width>
		
		<include condition="!Skin.HasSetting(ViewLockdown)">OnUp7000</include>





		<!-- <ondown>60</ondown> -->
		<orientation>horizontal</orientation>
		<scrolltime>200</scrolltime>
		<!-- XXX: Causes left-most item to 'blink' out instead of smoothly scrolling off (sometimes...)
		<preloaditems>2</preloaditems>-->
		<pagecontrol>60</pagecontrol>
		<include>Animation_FadedByMenu</include>
		<include>Animation_OpenCloseFade</include>
		<include>Animation_HiddenByInfo</include>
		<itemlayout width="480" height="620">
			<control type="group">
				<posx>-10</posx>
				<posy>160</posy>
				<include>isWatched</include>
				<include>VuePosterChoixLarge</include>
				<!-- Unfocused Item - Watched Overlay -->
				
				<control type="group">
					<posx>330</posx>
					<posy>582</posy>
					<include>OverlayProgress</include>
				</control>
				<control type="group">
					<left>28</left>
					<top>30</top>
					<include>ShowTotalTvEp</include>		
				</control>
			<include>AnimationCacheNonSelect</include>
			</control>
		</itemlayout>
		<focusedlayout width="530" height="720">
			<include>ActiveClearArt</include>
			<!-- Focused Item Poster -->
			<control type="group">
				<animation type="Focus" reversible="false">
					<effect type="zoom" center="0,520" start="100" end="125" time="150" tween="sine" easing="inout" delay="50" />
					<effect type="rotatey" center="150" end="-15" time="300" delay="250" />
				</animation>
				
				<posx>-10</posx>
				<posy>120</posy>
				<width>435</width>
					<height>608</height>
				<include>VuePosterChoixLarge</include>
				<!-- Unfocused Item - Watched Overlay -->
				
				<control type="group">
					<posx>330</posx>
					<posy>582</posy>
					<include>OverlayProgress</include>
				</control>
				
			</control>
			<control type="group">
			<left>130</left>
			<include>PosterViewCommon_Details</include>
			</control>
		</focusedlayout>
		
	</include>
	

	
	<include name="PosterLargeViewCommon_Browser">
		<posx>50</posx>
		<posy>210</posy>
		<height>600</height>
		<width>2000</width>
		<include condition="!Skin.HasSetting(ViewLockdown)">OnUp7000</include>

		<!-- <ondown>60</ondown> -->
		<orientation>horizontal</orientation>
		<scrolltime>200</scrolltime>
		<preloaditems>2</preloaditems>-->
		<pagecontrol>60</pagecontrol>
		<include>Animation_FadedByMenu</include>
		<include>Animation_OpenCloseFade</include>
		<include>Animation_HiddenByInfo</include>
		<animation type="Conditional" condition="!Skin.HasSetting(ShowFilePath)+Skin.HasSetting(VueExperimentale)" reversible="false">
          <effect type="slide" end="0,20" time="0"  />
     </animation>
     <animation type="Conditional" condition="!Control.IsVisible(1777)" reversible="false">
          <effect type="slide" end="0,20" time="0"  />
     </animation>
		<itemlayout width="340" height="420">
			<control type="group">
				<posx>-10</posx>
				<posy>130</posy>
		<include>isWatched</include>
				<!-- Unfocused Item - Poster -->
				<include>VuePosterChoix</include>
				<!-- Unfocused Item - Watched Overlay -->
				
				<control type="group">
					<posx>220</posx>
					<posy>402</posy>
					<include>OverlayProgress</include>
				</control>
				<control type="group">
					<left>28</left>
					<top>30</top>
					<include>ShowTotalTvEp</include>		
				</control>
			<include>AnimationCacheNonSelect</include>
			<visible>!String.IsEqual(ListItem.Label,..)+!String.IsEqual(ListItem.Title,..)</visible>
  </control>
  <control type="image">
    <left>20</left>
    <top>150</top>
    <width>287</width>
								<height>443</height>
    <aspectratio>keep</aspectratio>
    <texture>buttons/parent.png</texture>
    <visible>String.IsEqual(ListItem.Label,..)|String.IsEqual(ListItem.Title,..)</visible>
  
  </control>
		</itemlayout>
		<focusedlayout width="380" height="520">
			<include>ActiveClearArt</include>
			<!-- Focused Item Poster -->
			<control type="group">
				<animation type="Focus" reversible="false">
					<effect type="zoom" center="0,520" start="100" end="130" time="150" tween="sine" easing="inout" delay="50" />
					<effect type="rotatey" center="150" end="-15" time="300" delay="250" />
				</animation>
				<posx>-20</posx>
				<posy>120</posy>
				<width>285</width>
					<height>408</height>
				<include>VuePosterChoix</include>
				<!-- Unfocused Item - Watched Overlay -->
				
				<control type="group">
					<posx>220</posx>
					<posy>402</posy>
					<include>OverlayProgress</include>
				</control>
				
			<visible>!String.IsEqual(ListItem.Label,..)+!String.IsEqual(ListItem.Title,..)</visible>
  </control>
  <control type="image">
    <left>20</left>
    <top>150</top>
    <width>287</width>
								<height>443</height>
    <aspectratio>keep</aspectratio>
    <texture>buttons/parent.png</texture>
    <visible>String.IsEqual(ListItem.Label,..)|String.IsEqual(ListItem.Title,..)</visible>
    <animation type="Focus" reversible="false">
					<effect type="zoom" center="auto" start="100" end="130" time="150" tween="sine" easing="inout" delay="50" />
					<effect type="rotatey" center="150" end="-15" time="300" delay="250" />
				</animation>
  </control>
			<include>PosterViewCommon_Details</include>
		</focusedlayout>
		
	</include>

	
	<include name="PosterLargeViewCommon_BrowserVertical">
		<posx>20</posx>
		<posy>-40</posy>
		<height>860</height>
		<width>1900</width>
		
		<include condition="!Skin.HasSetting(ViewLockdown)">OnLeft7000</include>





		<!-- <ondown>60</ondown> -->
		<orientation>vertical</orientation>
		<focusposition>2</focusposition>
		<scrolltime>200</scrolltime>
		<!-- XXX: Causes left-most item to 'blink' out instead of smoothly scrolling off (sometimes...)
		<preloaditems>2</preloaditems>-->
		<pagecontrol>60</pagecontrol>
		<include>Animation_FadedByMenu</include>
		<include>Animation_OpenCloseFade</include>
		<include>Animation_HiddenByInfo</include>
		
		<itemlayout width="300" height="210">
			<control type="group">
				<posx>-10</posx>
				<posy>9</posy>
				<!-- Unfocused Item - Poster -->
				<control type="image">
					<posx>20</posx>
					<posy>21</posy>
					<width>118</width>
					<height>181</height>
					<texture colordiffuse="A0A0A0A0"  background="true" fallback="DefaultThumb.png">$VAR[PosterThumb]</texture>
					<!-- <colordiffuse>80A0A0A0</colordiffuse> -->
					<aspectratio scalediffuse="false">stretch</aspectratio>
					<visible>!String.IsEmpty(ListItem.Title)</visible>
				</control>
				<control type="image">
					<posx>20</posx>
					<posy>21</posy>
					<width>118</width>
					<height>181</height>
					<texture colordiffuse="A0A0A0A0" background="true">$INFO[ListItem.Icon]</texture>
					<aspectratio scalediffuse="false">keep</aspectratio>
					<visible>String.IsEmpty(ListItem.Title)+!Container.Content(genres)</visible>
			</control>
			<control type="image">
					<posx>20</posx>
					<posy>21</posy>
					<width>118</width>
					<height>181</height>
					<texture colordiffuse="A0A0A0A0"  fallback="DefaultMovieGenre.jpg">$VAR[VideoMusicGenres]</texture>
				<aspectratio scalediffuse="false">keep</aspectratio>
				<visible>String.IsEmpty(ListItem.Title)+Container.Content(genres)</visible>
			</control>
				<!-- Unfocused Item - Frame -->
				<control type="image">
					<posx>20</posx>
					<posy>21</posy>
					<width>118</width>
					<height>181</height>
					<texture>frames/ClassicFrameGlass_Vertical.png</texture>
					<aspectratio scalediffuse="false">stretch</aspectratio>
					<colordiffuse>GlassDiffuse</colordiffuse>
					<visible>!String.IsEmpty(ListItem.Title)</visible>
				</control>
				<control type="image">
				<posx>10</posx>
				<posy>10</posy>				
					<width>142</width>
					<height>204</height>
					<texture>frames/ClassicFrame_PosterSmall.png</texture>
					<aspectratio scalediffuse="false">stretch</aspectratio>
					<visible>!String.IsEmpty(ListItem.Title)</visible>
				</control>
				<!-- Unfocused Item - Watched Overlay -->
				
				<!-- Unfocused Item - Watched Overlay for In-Progress Items -->
				<control type="group">
					<posx>30</posx>
					<posy>185</posy>
					<include>OverlayProgress</include>
				</control>
				<control type="group">
				<left>28</left>
				<top>30</top>
			<include>ShowTotalTvEp</include>		
			</control>
			<include>AnimationCacheNonSelect</include>
			</control>
		</itemlayout>
		<focusedlayout width="1800" height="210">
			<include>ActiveClearArt</include>
		<control type="group">
				<posx>-10</posx>
				<posy>9</posy>
				<!-- Unfocused Item - Poster -->
				<control type="image">
					<posx>20</posx>
					<posy>21</posy>
					<width>118</width>
					<height>181</height>
					<texture background="true" fallback="DefaultThumb.png">$VAR[PosterThumb]</texture>
					<!-- <colordiffuse>80A0A0A0</colordiffuse> -->
					<aspectratio scalediffuse="false">stretch</aspectratio>
					<visible>!String.IsEmpty(ListItem.Title)</visible>
				</control>
				<control type="image">
					<posx>20</posx>
					<posy>21</posy>
					<width>118</width>
					<height>181</height>
					<texture background="true">$INFO[ListItem.Icon]</texture>
					<aspectratio scalediffuse="false">keep</aspectratio>
					<visible>String.IsEmpty(ListItem.Title)+!Container.Content(genres)</visible>
			</control>
			<control type="image">
					<posx>20</posx>
					<posy>21</posy>
					<width>118</width>
					<height>181</height>
					<texture fallback="DefaultMovieGenre.jpg">$VAR[VideoMusicGenres]</texture>
				<aspectratio scalediffuse="false">keep</aspectratio>
				<visible>String.IsEmpty(ListItem.Title)+Container.Content(genres)</visible>
			</control>
				<!-- Unfocused Item - Frame -->
				<control type="image">
					<posx>20</posx>
					<posy>21</posy>
					<width>118</width>
					<height>181</height>
					<texture>frames/ClassicFrameGlass_Vertical.png</texture>
					<aspectratio scalediffuse="false">stretch</aspectratio>
					<colordiffuse>GlassDiffuse</colordiffuse>
					<visible>!String.IsEmpty(ListItem.Title)</visible>
				</control>
				<control type="image">
				<posx>10</posx>
				<posy>10</posy>				
					<width>142</width>
					<height>204</height>
					<texture >frames/ClassicFrame_PosterSmall.png</texture>
					<aspectratio scalediffuse="false">stretch</aspectratio>
					<visible>!String.IsEmpty(ListItem.Title)</visible>
				</control>
				<!-- Unfocused Item - Watched Overlay -->
				
				<!-- Unfocused Item - Watched Overlay for In-Progress Items -->
				<control type="group">
					<posx>30</posx>
					<posy>185</posy>
					<include>OverlayProgress</include>
				</control>
			</control>
			<!--
		<control type="image">	
					<posy>-40</posy>
					<posx>45</posx>
					<width>1820</width>
					<height>200</height>
					<texture>blue-lineF.png</texture>
					<aspectratio>stretch</aspectratio>				 
				</control>
				-->
			<control type="group">			
				<posx>1440</posx>
				<posy>-350</posy>
					<animation effect="rotatey" center="1600" start="0" end="35" time="500" condition="true">Conditional</animation>
				<control type="image">
				<posx>13</posx>
					<posy>27</posy>
					<width>340</width>
					<height>493</height>
					<texture background="true" fallback="DefaultThumb.png">$VAR[PosterThumb]</texture>
					<aspectratio scalediffuse="false">stretch</aspectratio>
					<visible>!String.IsEmpty(ListItem.Title)</visible>
				</control>
				<control type="image">
				<posx>13</posx>
					<posy>27</posy>
				<width>340</width>
					<height>493</height>					
					<texture background="true">$INFO[ListItem.Icon]</texture>
					<aspectratio scalediffuse="false">keep</aspectratio>
					<visible>String.IsEmpty(ListItem.Title)</visible>
				</control>
				<control type="image">
					<posx>-2</posx>
					<posy>6</posy>
					<width>371</width>
					<height>535</height>
					<colordiffuse>80A0A0A0</colordiffuse>
					<texture>frames/ClassicFrame_PosterMedium.png</texture>
					<aspectratio>stretch</aspectratio>
					<visible>!String.IsEmpty(ListItem.Title)</visible>
				</control>	
				<control type="textbox">
					<posx>-50</posx>
					<posy>540</posy>
					<width>440</width>
					<height>70</height>
					<align>center</align>
					<font>PlotFont</font>
					<textcolor>yellow</textcolor>
					<label>$INFO[ListItem.Tagline]</label>
					<!---<visible>Container.Content(movies) + !String.IsEmpty(ListItem.Tagline) + !Skin.HasSetting(Hide_MovieTagline)</visible> -->
				</control>
			</control>		
			
		</focusedlayout>
	</include>
	
	
	<include name="PosterLargeViewCommon_Details">
		<!-- Browser label and flags -->
		
	</include>
	<!------------------------------------------------------------------------------------------------------------->
	
	
</includes>
