<?xml version="1.0" encoding="UTF-8"?>
<window id="10025">
  
 <!-- <onload condition="String.IsEmpty(Window(Home).property(iconmixtoolsbackend))">RunScript(script.iconmixtools,backend=True)</onload>-->
  <onload>SetProperty(ActeurVideoLocal,1,Home)</onload>
  <onload>SetProperty(ActeurVideoReset,1,Home)</onload>
  <onload>SetProperty(IconMixUpdateSagas,1,Home)</onload>
  <onload>ClearProperty(SetTitle,Home) </onload>
  <onunload>ClearProperty(SetTitle,Home) </onunload>
  <onload>ClearProperty(MovieSagaTitle,Home)</onload>
  <onload>ClearProperty(MoviePlayerArt,Home)</onload>
  <onload>ClearProperty(TvPlayerArt,Home)</onload>

  <onload>ClearProperty(IconMixDirector,Home)</onload>
  <onunload>ClearProperty(MovieSagaTitle,Home)</onunload>
  <onunload>ClearProperty(ActeurVideoLocal,Home)</onunload>
  <onunload>ClearProperty(IconMixExtraFanart,Home)</onunload>
  <onload>ClearProperty(IconMixVerticalNavigation,Home)</onload>
  <onload>ClearProperty(IconMixUpdating,Home)</onload>
  <onload>ClearProperty(IconMixActor,Home)</onload>
  <onload>ClearProperty(ShowSeekBar,Home)</onload>
  <onload>ClearProperty(IconmixShowInfo,Home)</onload>
  <onunload>ClearProperty(IconmixShowInfo,Home)</onunload>
  <onload>ClearProperty(IconmixDialogContext,Home)</onload>
  <onunload>ClearProperty(IconmixDialogContext,Home)</onunload>
  <onload>Container.Refresh</onload>
  
  
  <onload condition="!String.IsEmpty(Window(Home).property(IconmixFlagPanelEpisode))">SetFocus(2998)</onload>
 
  <menucontrol>7000</menucontrol>

  <views>55,557,508,905,906,53,57,558,559,555,501,552,554,511,512,513,514,510,52,56,512,584,585,586,562,563,900</views>
  <defaultcontrol always="true">55</defaultcontrol>
  
  <controls>
   
     <include>Global_Background_Fanart</include>
    
    <include>ActeursRolesFanart</include>
   
    <control type="group">
     
      <control type="group">
      <include>Animation_HiddenByInfo</include>
   
      <control type="group">
        <animation type="Conditional" condition="Control.HasFocus(7779)|Control.HasFocus(7781)" reversible="true">
          <effect type="fade" start="100" end="15" time="500"  />
        </animation>
        <animation type="Conditional" condition="Skin.HasSetting(VueExperimentale)" reversible="false">
          <effect type="slide" end="0,200" time="0"  />
        </animation>
        <animation type="Conditional" condition="Control.HasFocus(2999)" reversible="true">
          <effect type="fade" start="100" end="0" time="500"  />
        </animation>
        

        
        <!--<include>Viewtype_ListFanart</include>			 509 -->
        <!--<include>Viewtype_LandscapeV</include>			 521 -->
        <!--<include>Viewtype_LogoV</include>			 560 -->
        <!--<include>Viewtype_DiscV</include>			 587 -->
        
        <include condition="!Skin.HasSetting(hide55)">Viewtype_List</include>			                    <!-- 55 -->
        <include condition="!Skin.HasSetting(hide508)">Viewtype_ListSobre</include>			                <!-- 508 -->
        <include condition="!Skin.HasSetting(hide557)">Viewtype_ListTrio</include>			                <!-- 557 -->
        <include condition="!Skin.HasSetting(hide905)">Viewtype_Onglets</include>                       <!-- 905 -->
        <include condition="!Skin.HasSetting(hide555)">Viewtype_Poster_VeryLarge_Fixed</include>		    <!-- 555 -->
        <include condition="!Skin.HasSetting(hide552)">Viewtype_Poster_Large_Fixed</include>		        <!-- 552 -->
        <include condition="!Skin.HasSetting(hide554)">Viewtype_Poster_Large_FixedVertical</include>		<!-- 554 -->
        <include condition="!Skin.HasSetting(hide52)">Viewtype_Landscape</include>			                <!-- 52 -->
        <include condition="!Skin.HasSetting(hide511)">Viewtype_Banner</include>			                  <!-- 511 -->
        <include condition="!Skin.HasSetting(hide514)">Viewtype_BannerWall</include>			              <!-- 514 -->
        <include condition="!Skin.HasSetting(hide513)">Viewtype_BannerV</include>			                  <!-- 513 -->
        <include condition="!Skin.HasSetting(hide510)">Viewtype_BannerPoster</include>		              <!-- 510 -->
        <include condition="!Skin.HasSetting(hide558)">Viewtype_Gallery_Square</include>		            <!-- 558 -->
        <include condition="!Skin.HasSetting(hide559)">Viewtype_Panel_Square</include>		              <!-- 559 -->
        <include condition="!Skin.HasSetting(hide56)">Viewtype_Logo</include>			                    <!-- 56 -->        
        <include condition="!Skin.HasSetting(hide562)">Viewtype_Netflix_Poster</include>                <!-- 562 -->
        <include condition="!Skin.HasSetting(hide563)">Viewtype_Netflix_Paysage</include>               <!-- 563 -->
        <include condition="!Skin.HasSetting(hide584)">ViewType_Vitrine</include>			                  <!-- 584 -->
        <include condition="!Skin.HasSetting(hide585)">Viewtype_MurFilms</include>		                  <!-- 585 -->
        <include condition="!Skin.HasSetting(hide586)">Viewtype_Disc</include>			                    <!-- 586 -->        
        <include condition="!Skin.HasSetting(hide906)">Viewtype_ListCurved</include>                    <!-- 906 -->
        <include condition="!Skin.HasSetting(hide512)">Viewtype_Coverflow</include>                     <!-- 512 -->
        <include condition="!Skin.HasSetting(hide900)">Viewtype_ListeDetails</include>                     <!-- 900 -->
       
      </control>

      <!-- -->
      <control type="group">
        <animation type="Conditional" condition="Control.HasFocus(7779)|Control.HasFocus(7781)" reversible="true">
          <effect type="fade" start="100" end="15" time="500"  />
        </animation>
        
        <include>ClearLogoArt</include>
        <control type="image">
          <posx>0</posx>
          <posy>815</posy>
          <width>1920</width>
          <height>265</height>
          <texture>fondflaggris.png</texture>
          <colordiffuse>BackgroundColor</colordiffuse>
        </control>
        <include>LabelFlagsCommon</include>
        <control type="group">
          <include condition="!Skin.HasSetting(Hide_ExtraMediaFlags)">MediaInfoGroup2</include>
          <visible>!Window.IsVisible(movieinformation)</visible>
        </control>
        
        <include>Global_ScrollOffsetLabel</include>
        <include>Global_AddonInfo</include>
        <visible>!Skin.HasSetting(VueExperimentale)+!Control.IsVisible(562)+!Control.IsVisible(563)+!Control.IsVisible(900)</visible>
        	<control type="group">
		  <posy>1105</posy>
		        <include>VisibleIfNotMovieSet</include>
		        <visible>!String.IsEmpty(ListItem.FilenameAndPath)+Skin.HasSetting(ShowFilePath)</visible>
		         <animation reversible="false" type="Conditional" condition="!Container().OnNext+!Container().OnPrevious">
        <effect type="slide" end="0,-50" time="250" delay="250" />
      </animation>
		
        <control type="label">
          <top>13</top>
          <width>1400</width>
            <align>left</align>
            <aligny>center</aligny>
            <scroll>true</scroll>
            <scrollout>false</scrollout>
            <font>impactsongs</font>
            <textcolor>lightgrey</textcolor>
            <label>$INFO[ListItem.FilenameAndPath]</label>
          </control>
          
     </control>
      </control>

      <!----------------------------------------------SAGAS------------------------------------------------------------------ -->
      <control type="group">
        <visible>!Window.IsActive(502)+Control.HasFocus(2999)+!String.IsEmpty(Window(Home).Property(ShowFocus))+!Container(1999).OnNext+!Container(1999).OnPrevious</visible>
        <posx>480</posx>
        <posy>260</posy>
        <animation type="Visible"  reversible="false">
          <effect type="zoom"  center="720,400" start="0" end="100" time="50"  delay="300" /> -->
          <effect type="fade"  start="0" end="100" time="300" delay="300" />
        </animation>
        <include>focusboitiers</include>
      </control>
     
      <control type="button" id="2999">
        <left>-2000</left>
        <label>---</label>
        <onfocus>SetProperty(ShowFocus,ok,Home)</onfocus>
        <onleft condition="String.IsEqual(Window(Home).Property(IconMixVerticalNavigation),horizontal)">Control.Move(1999,-1)</onleft>
        <onright condition="String.IsEqual(Window(Home).Property(IconMixVerticalNavigation),horizontal)">Control.Move(1999,1)</onright>
        <onup condition="String.IsEqual(Window(Home).Property(IconMixVerticalNavigation),horizontal)">SetProperty(ShowFocus,,Home)</onup>
        <onup condition="String.IsEqual(Window(Home).Property(IconMixVerticalNavigation),horizontal)">SetFocus(55)</onup>
        
        <ondown condition="String.IsEqual(Window(Home).Property(IconMixVerticalNavigation),horizontal)">SetFocus(7781)</ondown>
        <!--
        <ondown condition="String.IsEqual(Window(Home).Property(IconMixVerticalNavigation),horizontal)">SetProperty(ShowFocus,,Home)</ondown>
        <ondown condition="String.IsEqual(Window(Home).Property(IconMixVerticalNavigation),horizontal)">SetFocus(55)</ondown>
        -->
        <onup condition="!String.IsEqual(Window(Home).Property(IconMixVerticalNavigation),horizontal)">Control.Move(1999,-1)</onup>
        <ondown condition="!String.IsEqual(Window(Home).Property(IconMixVerticalNavigation),horizontal)">Control.Move(1999,1)</ondown>
        <onleft condition="!String.IsEqual(Window(Home).Property(IconMixVerticalNavigation),horizontal)">SetProperty(ShowFocus,,Home)</onleft>
        <onleft condition="!String.IsEqual(Window(Home).Property(IconMixVerticalNavigation),horizontal)">SetFocus(55)</onleft>
        <onright condition="!String.IsEqual(Window(Home).Property(IconMixVerticalNavigation),horizontal)">SetProperty(ShowFocus,,Home)</onright>
        <onright condition="!String.IsEqual(Window(Home).Property(IconMixVerticalNavigation),horizontal)">SetFocus(55)</onright>
        <onclick>SetProperty(FenetreListeChoix,1,Home)</onclick>
        <oninfo>SetProperty(IconmixShowInfo,1,Home)</oninfo>        
         <!-- <onclick>RunScript(script.iconmixtools,trailer=True)</onclick>         -->
         <onclick>setProperty(iconmixgettrailer,dbid:$INFO[Container(1999).ListItem.DBID],10000)</onclick>
        <onback>55</onback>
        <visible>Integer.IsGreater(Container(1999).NumItems,0)</visible>
      </control>

      <control type="image">
        <posy>1000</posy>
        <posx>5</posx>
        <width>1950</width>
        <height>95</height>
        <aspectratio>stretch</aspectratio>
        <texture>frames/submenubar.png</texture>
        <colordiffuse>BackgroundColor</colordiffuse>
        
        <visible>[[String.Contains(ListItem.DBTYPE,set)+Skin.HasSetting(SagaDetailsClearArt)]|[Skin.HasSetting(GenreDetailsClearArt)+Container.Content(Genres)]]+!Skin.HasSetting(VueExperimentale)</visible>
      </control>
      
     
      <control type="group">
       <!--  <visible>!Control.IsVisible(562)+!Control.IsVisible(563)</visible> -->
       <animation type="Conditional" condition="[Control.IsVisible(562)|Control.IsVisible(563)]+!Control.HasFocus(2999)" reversible="true">
          <effect type="zoom" center="auto" end="80"  />
          <effect type="fade" start="100" end="70" />
         
          <effect type="slide" end="50,250" time="0"  />
          -->
          
        </animation>
        
        <animation type="Conditional" condition="Container.OnNext|Container.OnPrevious|!String.IsEmpty(Window(Home).Property(IconMixUpdate1999))" reversible="false">
          <effect type="fade" end="0"   />
        </animation>
        <animation type="Conditional" condition="Skin.HasSetting(VueExperimentale)" reversible="false">
          <effect type="slide" end="0,-835" time="0"  />
        </animation>
         
       
        
        <align>center</align>

        <control type="list" id="1999">
          
          <onfocus condition="Skin.HasSetting(SagaDetailsAucun)">SetFocus(55)</onfocus>
          <onfocus>SetProperty(IconMixVerticalNavigation,"horizontal",Home)</onfocus>
          <onfocus>SetFocus(2999)</onfocus>
          <include>HorizVert</include>
          <include>VueElementsBoitiers</include>
          <visible>!Skin.HasSetting(SagaDetailsTexte)</visible>
          <include>Vue900</include>
          <include>VisibleIfMovieSet</include>
        </control>
       
        
        
        <control type="list" id="1999">
          <onfocus condition="Skin.HasSetting(SagaDetailsAucun)">SetFocus(55)</onfocus>
          <onfocus>SetProperty(IconMixVerticalNavigation,"vertical",Home)</onfocus>
          <onfocus>SetFocus(2999)</onfocus>
          <include>VertHoriz</include>
          <include>VueElementsBoitiers</include>
          <visible>Skin.HasSetting(SagaDetailsTexte)</visible>
          <include>VisibleIfMovieSet</include>
        </control>
      </control>
      <!------------------------------------------GENRES---------------------------------------------------------------------- -->
      <control type="group">
        <animation type="Conditional" condition="Skin.HasSetting(VueExperimentale)" reversible="false">
          <effect type="slide" end="0,-835" time="0"  />
        </animation>
        
        <visible>!String.IsEqual(ListItem.Label,..)+!String.IsEqual(ListItem.Title,..)</visible>
        <control type="list" id="1999">
          <onfocus condition="Skin.HasSetting(GenreDetailsAucun)">SetFocus(55)</onfocus>
          <onfocus>SetProperty(IconMixVerticalNavigation,"horizontal",Home)</onfocus>
          <onfocus>Action(FirstPage)</onfocus>
          <onfocus>SetFocus(2999)</onfocus>
          <content sortby="name" sortorder="ascending">$INFO[Container.FolderPath]$INFO[ListItem.DBID]</content>
          <include>HorizVert</include>
          <include>VueElementsBoitiers</include>
          <include>Vue900</include>
          <visible>!Skin.HasSetting(GenreDetailsTexte)</visible>
          <visible>Container.Content(genres)</visible>
        </control>
        <control type="list" id="1999">
          <onfocus condition="Skin.HasSetting(GenreDetailsAucun)">SetFocus(55)</onfocus>
          <onfocus>SetProperty(IconMixVerticalNavigation,"vertical",Home)</onfocus>
          <onfocus>Action(FirstPage)</onfocus>
          <onfocus>SetFocus(2999)</onfocus>
          <content sortby="name" sortorder="ascending">$INFO[Container.FolderPath]$INFO[ListItem.DBID]</content>
          <include>VertHoriz</include>
          <include>VueElementsBoitiers</include>
          <visible>Skin.HasSetting(GenreDetailsTexte)</visible>
          <visible>Container.Content(genres)</visible>
        </control>
      </control>
      <!----------------------------------------REALISATEURS/ACTEURS------------------------------------------------------------------------ -->
      <control type="group">
        <top>-15</top>
        <visible>!String.IsEmpty(ListItem.DBID)</visible>
        <animation type="Conditional" condition="Skin.HasSetting(VueExperimentale)" reversible="false">
          <effect type="slide" end="0,-820" time="0"  />
        </animation>
        
        <control type="list" id="1999">
          <onfocus condition="Skin.HasSetting(directorAucun)">SetFocus(55)</onfocus>
          <onfocus>SetProperty(IconMixVerticalNavigation,"horizontal",Home)</onfocus>
          <onfocus>Action(FirstPage)</onfocus>
          <onfocus>SetFocus(2999)</onfocus>
          <include>Vue900</include>
          
          <include>HorizVert</include>
          <include>VueElementsBoitiers</include>
          <visible>!Skin.HasSetting(directorTexte)</visible>
          <visible>Container.Content(directors)|Container.Content(actors)</visible>
        </control>
        <control type="list" id="1999">
          <onfocus condition="Skin.HasSetting(directorAucun)">SetFocus(55)</onfocus>
          <onfocus>SetProperty(IconMixVerticalNavigation,"vertical",Home)</onfocus>
          <onfocus>Action(FirstPage)</onfocus>
          <onfocus>SetFocus(2999)</onfocus>
          
          <width>1920</width>
          <height>177</height>
          <include>VertHoriz</include>
          <include>VueElementsBoitiers</include>
          <visible>Skin.HasSetting(directorTexte)</visible>
          <visible>Container.Content(directors)|Container.Content(actors)</visible>
        </control>
      </control>
      
    
      

      <!-- bandeau séries --->
      <control type="group"> 
        <width>1920</width>
        <height>55</height>
        
        <visible>!Control.IsVisible(562)+!Control.IsVisible(563)+[[Container.Content(episodes)|Container.Content(seasons)]+!String.IsEmpty(ListItem.TVShowTitle)+Skin.HasSetting(VueExperimentale)]|[Container.Content(episodes)+!String.IsEmpty(ListItem.TVShowTitle)+!Skin.HasSetting(VueExperimentale)]</visible>
        <!---->
        <control type="image">
          
          <texture>osd/OSDdialogback_top.png</texture>
          <colordiffuse>BackgroundColor</colordiffuse>
          <aspectratio>stretch</aspectratio>
        </control>
        <control type="image">
          <posx>5</posx>          
          <align>left</align>          
          <posy>-2</posy>
          <height>52</height>
          <width>280</width>
          <texture diffuse="frames/banner.png">$VAR[BanniereEpTv]</texture>   
          <aspectratio scalediffuse="true">stretch</aspectratio>     
          <visible>!Control.IsVisible(510)+!Control.IsVisible(511)+!Control.IsVisible(513)+!Control.IsVisible(514)</visible>
        </control>
        <control type="grouplist">
          <visible>Container.Content(episodes)</visible>
          <left>280</left>
          <width>1360</width>
          <align>center</align>
          <orientation>horizontal</orientation>
          <control type="label">
          <include>FontTitre</include>
          <textcolor>white</textcolor>
          <shadowcolor>ff000000</shadowcolor>
          <width>auto</width>
          <label>$INFO[ListItem.TVShowTitle] [LIGHT]$INFO[ListItem.Season,- $LOCALIZE[31761] ,][/LIGHT]</label>
          
        </control>
        
          <control type="label">
          <include>FontTitre</include>
          <textcolor>white</textcolor>
          <shadowcolor>ff000000</shadowcolor>
          <width>auto</width>
          <label>[LIGHT][I][COLOR=lightgrey]: $VAR[CheckSaison][/COLOR][/I][/LIGHT]</label>
          <visible>Skin.HasSetting(CheckSeries)</visible>
        </control>
        
        
        </control>
        
      </control>
      <control type="label" id="1991">
        <label></label>
        <visible>[[String.Contains(ListItem.DbType,episode)]|[!Container.OnNext+!Container.OnPrevious+String.Contains(ListItem.DbType,tvshow)]]+!String.IsEmpty(Window(Home).Property(MonNextAired.NextDay))+Skin.HasSetting(VueExperimentale)</visible>

      </control>
      <control type="group">
			  <posy>25</posy>
			  <visible>!Control.Isvisible(562)+!Control.IsVisible(563)+[String.Contains(ListItem.DbType,episode)|String.Contains(ListItem.DbType,tvshow)]+!String.IsEmpty(Window(Home).Property(MonNextAired.NextDay))+Skin.HasSetting(VueExperimentale)</visible>
			  
       <!--  
       <animation reversible="false" type="Conditional" condition="Control.IsVisible(1991)+!String.Contains(ListItem.DbType,tvshow)">
          <effect type="fade" start="0" end="100" time="1500" /> 
          <effect type="slide" start="0,-65" end="0,0" time="1500" tween="bounce"/>
        </animation>
       -->
        <animation reversible="false" type="Conditional" condition="Control.IsVisible(1991)+String.Contains(ListItem.DbType,tvshow)">
          <effect type="fade" start="0" end="100" time="1000" /> 
          <effect type="slide" start="0,-65" end="0,-50" time="1000" tween="bounce"/>
        </animation>
        
  			<control type="image">
  				<top>0</top>
  				<left>-50</left>
  				<width>2020</width>
  				<height>65</height>
  				<align>center</align>  				
  				<texture>frames/genrestagntv2.png</texture>
  				<colordiffuse>BackgroundColor</colordiffuse>
  				<aspectratio>stretch</aspectratio>  				
  			</control>
  			<control type="image">
  				<top>30</top>
  				<left>460</left>
  				<width>35</width>
  				<height>35</height>
  				<align>center</align>  				
  				<texture>calendrier.png</texture>
  				<aspectratio>stretch</aspectratio>  				
  			</control>
  			
  		
  			<control type="label">
  				<left>505</left>
  				<width>965</width>
  				<height>30</height>
  				<align>center</align>
  				<top>18</top>
  				<font>impactsongs</font>
  				<textcolor>TextNF</textcolor>
  				<label>[COLOR=yellow]$INFO[Window(Home).Property(MonNextAired.NextDay)][/COLOR] :[COLOR=white] $INFO[Window(Home).Property(MonNextAired.NextTitle)] [I]$INFO[Window(Home).Property(MonNextAired.NextEpisode),(,)][/I][/COLOR][COLOR=red]$INFO[Window(Home).Property(MonNextAired.IsFinal)][/COLOR]</label>
  			</control>
  			
       
  			
  			
      </control>
      
      
      
      <!-- bandeau genre/sagas--->
      <control type="group"> 
        <width>700</width>
        <height>88</height>
        <posy>130</posy>
        <posx>-90</posx>
        <animation type="Conditional" condition="!Skin.HasSetting(VueExperimentale)">
          <effect type="rotate" center="0,88" end="20" time="1" />
        </animation>
        <animation type="Conditional" condition="Skin.HasSetting(VueExperimentale)" reversible="false">
          <effect type="slide" end="1460,898" time="0"  />
          <effect type="rotate" center="0,88" end="45" time="1" />
        </animation>
        <visible>[[Container.Content(Genres)|Container.Content(movies)|Container.Content(sets)|Container.Content(tvshows)]+Control.HasFocus(2999)]|[[String.Contains(Container.FolderPath,videodb://movies/genres)|String.Contains(Container.FolderPath,videodb://tvshows/genres)]+[Container.Content(tvshows)|Container.Content(movies)]]</visible>
        <control type="image">
          <left>-20</left>
          <width>740</width>
          <texture>frames/genrestag.png</texture>
          <visible>!String.Contains(ListItem.Art(clearlogo),http)|String.Contains(Container.FolderPath,videodb://movies/genres)</visible>
          <aspectratio>stretch</aspectratio>
        </control>
        <control type="image">
          <visible>String.Contains(Container.FolderPath,videodb://movies/genres)</visible>
          <left>600</left>
          <top>-40</top>
          <texture>defaultfilms.png</texture>
          <width>60</width>
          <aspectratio>keep</aspectratio>
        </control>
         <control type="image">
          <visible>String.Contains(Container.FolderPath,videodb://tvshows/genres)</visible>
           <left>600</left>
          <top>-40</top>
          <texture>DefaultTVShows.png</texture>
          <width>60</width>
          <aspectratio>keep</aspectratio>
        </control>
        <control type="group"> <!-- genres -->
          <visible>[!String.Contains(Container.FolderPath,videodb://movies/genres)+!String.Contains(Container.FolderPath,videodb://tvshows/genres)]|Container.Content(genres)|Control.HasFocus(2999)</visible>
          <control type="group"> <!-- en vue experimentale -->
            <visible>Skin.HasSetting(VueExperimentale)</visible>
            <control type="group">
              <visible>String.IsEmpty(ListItem.Art(clearlogo))</visible>
              <control type="fadelabel">
                <width>550</width>
                <posx>40</posx>
                <posy>12</posy>
                <aligny>center</aligny>
                <align>center</align>
                <font>impact</font>
                <textcolor>black</textcolor>
                <label>$INFO[ListItem.Label]</label>
                <scrollout>true</scrollout>
                <scroll>true</scroll>
              </control>
              <control type="fadelabel">
                <width>550</width>
                <posx>43</posx>
                <aligny>center</aligny>
                <align>center</align>
                <font>impact</font>
                <textcolor>white</textcolor>
                <label>$INFO[ListItem.Label]</label>
                <scroll>true</scroll>
                <scrollout>true</scrollout>
              </control>
            </control>
            <control type="image">
              <left>-100</left>
              <posy>30</posy>
              <height>120</height>
              <aspectratio>keep</aspectratio>
              <aligny>center</aligny>
              <texture>$INFO[ListItem.Art(clearlogo)]</texture>
            </control>
          </control>
          <control type="group"> <!-- en vue normale -->
            <visible>!Skin.HasSetting(VueExperimentale)</visible>
            <control type="group">
              <visible>String.IsEmpty(ListItem.Art(clearlogo))</visible>
              <control type="fadelabel">
                <width>550</width>
                <posx>40</posx>
                <posy>12</posy>
                <aligny>center</aligny>
                <align>center</align>
                <font>impact</font>
                <textcolor>black</textcolor>
                <label>$INFO[ListItem.Label]</label>
                <scrollout>true</scrollout>
                <scroll>true</scroll>
              </control>
              <control type="fadelabel">
                <width>550</width>
                <posx>43</posx>
                <aligny>center</aligny>
                <align>center</align>
                <font>impact</font>
                <textcolor>white</textcolor>
                <label>BB$INFO[ListItem.Label]</label>
                <scroll>true</scroll>
                <scrollout>true</scrollout>
              </control>
            </control>
            <control type="image">
              <left>-180</left>
              <posy>-10</posy>
              <height>120</height>
              <aspectratio>keep</aspectratio>
              <aligny>center</aligny>
             <!-- <texture>$INFO[ListItem.Art(clearlogo)]</texture> -->
             <texture>$INFO[ListItem.Art(clearlogo)]</texture>
             
            </control>
          </control>
        </control>

        <control type="group"> <!-- pas genres ni focus(2999)-->
          <visible>!Container.Content(Genres)+[String.Contains(Container.FolderPath,videodb://movies/genres)|String.Contains(Container.FolderPath,videodb://tvshows/genres)]+!Control.HasFocus(2999)</visible>
          <control type="fadelabel">
            <width>550</width>
                <posx>40</posx>
            <posy>12</posy>
            <aligny>center</aligny>
            <align>center</align>
            <font>impact</font>
            <textcolor>black</textcolor>
            <label>$INFO[Container.FolderName]</label>
            <scrollout>true</scrollout>
            <scroll>true</scroll>
          </control>
          <control type="fadelabel">
            <width>550</width>
                <posx>43</posx>
            <aligny>center</aligny>
            <align>center</align>
            <font>impact</font>
            <textcolor>white</textcolor>
            <label>$INFO[Container.FolderName]</label>
            <scroll>true</scroll>
            <scrollout>true</scrollout>
          </control>
        </control>
      </control>
      <!-- bandeau et photo acteurs/realisateurs--->
     <control type="group"> 
        <visible>[Container.Content(actors)|Container.Content(directors)]|[Container.Content(movies)+!String.IsEmpty(Window(Home).Property(IconMixActor))]</visible>
        <width>700</width>
        <height>88</height>
        <posy>130</posy>
        <posx>-90</posx>
        
        <animation type="Conditional" condition="!Skin.HasSetting(VueExperimentale)">
          <!-- <effect type="rotate" center="0,88" end="20" time="1" /> -->
          <effect type="slide" end="1590,-120" time="0"  />
          <effect type="rotate" center="0,88" end="-45" time="1" />
        </animation>
        <animation type="Conditional" condition="Skin.HasSetting(VueExperimentale)" reversible="false">
          <effect type="slide" end="1460,898" time="0"  />
          <effect type="rotate" center="0,88" end="45" time="1" />
        </animation>
        <control type="image">
          <texture>frames/genrestag.png</texture>
          <aspectratio>stretch</aspectratio>
        </control>
        
        <control type="group">
          <control type="group">
            <left>30</left>
            <visible>Skin.HasSetting(VueExperimentale)</visible>
            <control type="fadelabel">
              <width>550</width>
              <posx>40</posx>
              <posy>12</posy>
              <aligny>center</aligny>
              <align>center</align>
              <font>impact</font>
              <textcolor>black</textcolor>
              <label>$VAR[bandeauactreal]</label>
              <scrollout>true</scrollout>
              <scroll>true</scroll>
            </control>
            <control type="fadelabel">
              <width>550</width>
              <posx>43</posx>
              <aligny>center</aligny>
              <align>center</align>
              <font>impact</font>
              <textcolor>white</textcolor>
              <label>$VAR[bandeauactreal]</label>
              <scroll>true</scroll>
              <scrollout>true</scrollout>
            </control>
          </control>
          <control type="group">
            <visible>!Skin.HasSetting(VueExperimentale)</visible>
            <control type="fadelabel">
              <width>550</width>
              <posx>40</posx>
              <posy>12</posy>
              <aligny>center</aligny>
              <align>center</align>
              <font>impact</font>
              <textcolor>black</textcolor>
              <label>$VAR[bandeauactreal]</label>
              <scrollout>true</scrollout>
              <scroll>true</scroll>
            </control>
            <control type="fadelabel">
              <width>550</width>
              <posx>43</posx>
              <aligny>center</aligny>
              <align>center</align>
              <font>impact</font>
              <textcolor>white</textcolor>
              <label>$VAR[bandeauactreal]</label>
              <scroll>true</scroll>
              <scrollout>true</scrollout>
            </control>
          </control>
        </control>
      </control>
      <control type="group">
        <animation type="Conditional" condition="Skin.HasSetting(VueExperimentale)" reversible="false">
          <effect type="slide" end="0,875" time="0"  />
        </animation>
        <animation type="Conditional" condition="true" reversible="false">
          <effect type="rotate" center="auto" end="10" time="0"  />
        </animation>
        <posx>1750</posx>
        <width>200</width>
        <height>250</height>
        <visible>[[Control.HasFocus(2999)+[Container.Content(actors)|Container.Content(directors)]]|[![Container.Content(actors)|Container.Content(directors)]+[[String.Contains(Container.FolderPath,/actors)|String.Contains(Container.FolderPath,?actorid)]|[String.Contains(Container.FolderPath,/directors)|String.Contains(Container.FolderPath,?directorid)]]]]+!String.Contains(Window(Home).Property(IconMixActorIcon),Default)</visible>
        <control type="image">
          <top>25</top>
          <width>150</width>
          <height>180</height>
          <bordersize>20</bordersize>
							<bordertexture border="20" colordiffuse="FFFFFFFF">frames/Menu_Glass2b.png</bordertexture>
          <aspectratio scalediffuse="true">stretch</aspectratio>
          <texture fallback="DefaultActor.png">$INFO[Window(Home).Property(IconMixActorIcon)]</texture>
          
        </control>
        <control type="image">
          <left>0</left>
          <top>-156</top>
          <width>80</width>
          <texture>acteurs/punaise.png</texture>
          <aspectratio>keep</aspectratio>
          
        </control>
        <!--
        <control type="group">
          <visible>!String.Contains(Window(Home).Property(IconMixActorIcon),realisateur.png)+!String.Contains(Window(Home).Property(IconMixActorIcon),actorfilm.png)</visible>
          <top>-160</top>
          <left>-30</left>
          <width>70</width>
        <control type="image">
          
          <texture>flags/realisateur.png</texture>
          <aspectratio scalediffuse="true">keep</aspectratio>
          <visible>String.Contains(Container.FolderPath,/directors)|String.Contains(Container.FolderPath,?directorid)</visible>
        </control>
         <control type="image">
         
          <texture>frames/actorfilm.png</texture>
          <aspectratio scalediffuse="true">keep</aspectratio>
          <visible>String.Contains(Container.FolderPath,/actors)|String.Contains(Container.FolderPath,?actorid)</visible>
        </control>
        
        </control>
        -->
      </control>
      
      <!--- ------------------------------------------------------------- -->
      <include condition="Skin.HasSetting(VueExperimentale)">vueexperimentale</include>
      <animation type="Conditional" condition="Control.HasFocus(7779)|Control.HasFocus(7778)" reversible="true">
          <effect type="fade" start="100" end="0" time="1"  />
        </animation>        
      </control>
      <!------------------------------------------------- ACTEURS et ROLES---------------------------------------->
      <control type="group">
     <top>-10</top>
      <include>PanelActeurs</include>
      </control>
      <!--- Indicateur de position ----->
      <control type="group">
        <animation type="Conditional" condition="Skin.HasSetting(VueExperimentale)" reversible="false">
          <!-- <effect type="slide" end="0,-835" time="0"  /> -->
          <effect type="slide" end="0,205" time="0"  /> -->
        </animation>
      <include>AffichagePosition</include>
      </control>
      
          
    
    
     <control type="image">
        <include>Animation_FadeFond</include>
       <posx>0</posx>
       <posy>0</posy>
       <width>1920</width>
       <height>1080</height>
       <texture>background.png</texture>
      </control>
      <include>ListeEpisodes</include>
    </control>
  <control type="group">
   <!-- <visible>!Window.IsVisible(contextmenu)</visible> -->
  <include>MenuGeneral</include>
  </control>
       	
			
    
    
    <!--- ------------------------------------------------------------------ ---->
    
    <!--	DEBUG 
   
    <control type="label" id="3333">
      
		  <width max="1920">auto</width>
      <height>90</height>
      <left>40</left>
      <posy>10</posy>
      <label>*$INFO[Window(Home).Property(ItemCountry1)]*</label>
      <textcolor>white</textcolor>
      <shadowcolor>FF7F7F7F</shadowcolor>
		</control>
		<!--  --
		<control type="button">
		  <width max="1900">auto</width>
          <height>30</height>
          <left>40</left>
          <posy>970</posy>
          <label>$VAR[NetflixThumb]</label>
          <font>exptextacteurs</font>
          <textcolor>FF404040</textcolor>
          <shadowcolor>FF7F7F7F</shadowcolor>
		  <textoffsetx>45</textoffsetx>
		  <texturenofocus colordiffuse="AFFFFFFF">acteurs/framenombulle.png</texturenofocus>
		</control>
		<control type="button">
		  <width max="900">auto</width>
      <height>30</height>
      <left>40</left>
      <posy>1000</posy>
      <label>Repertoire</label>
      <font>exptextacteurs</font>
      <textcolor>FF404040</textcolor>
      <shadowcolor>FF7F7F7F</shadowcolor>
			<textoffsetx>45</textoffsetx>
			<texturenofocus colordiffuse="AFFFFFFF">acteurs/framenombulle.png</texturenofocus>
		</control>
    
    <!-- --
    <control type="label">
    <posx>700</posx>

    <label>$INFO[Container.Content][CR][CR]ImdbNumber:$INFO[ListItem.FolderPath][CR]$INFO[ListItem.Icon][CR]$INFO[ListItem.Year][CR]DBID=$INFO[ListItem.DBID][CR]IconMixSaga=$INFO[Window(Home).Property(IconmixFlagPanelEpisode)][CR]DBTYPE=$INFO[ListItem.DBType][CR]Rating1999=$INFO[Container(1999).ListItem.Property(Rating)][CR]1991:$INFO[Container(1991).NumItems][CR]1998:$INFO[Container(1998).NumItems][CR]1999:$INFO[Container(1999).NumItems][CR]poster:$INFO[Container(1999).ListItem.Art(poster)][CR]Pposter:$INFO[Container(1999).ListItem.Property(poster)][CR]Banniere:$INFO[ListItem.Art(banner)][CR]logo:$INFO[ListItem.Art(clearlogo)][CR]clearart:$INFO[ListItem.Art(clearart)][CR]disque:$INFO[ListItem.Art(discart)][CR]Thumb:$INFO[ListItem.Art(thumb)][CR]Fanart:$INFO[ListItem.Art(fanart)][CR]DBTYPE=$INFO[Container(1999).ListItem.DBTYPE][CR]Content:$INFO[Container.Content]Pays : $INFO[ListItem.Country][CR]Country1:$INFO[Window(Home).Property(ItemCountry1)]O[CR]Portrait:$INFO[ListItem.Label][CR]$INFO[ListItem.FileNameAndPath][CR]Variable:$VAR[GlobalFanart]][CR]1:$INFO[ListItem.Path][CR]2:$INFO[ListItem.FolderPath][CR]3:$INFO[Container.FolderPath][CR]NbEpisodes=$INFO[Container(2666).NumItems][CR]Iconflag:$INFO[Listitem.Duration]</label>

    </control>
    -->
    <!--- ------------------------------------------------------------------ ---->

  </controls>
</window>
