<?xml version="1.0" encoding="UTF-8"?>
<template>

  <other include="widget1Fanart">
    <!-- Widget Style -->
    <condition tag="property" attribute="name|widgetStyle">SystemInfo</condition>
    <condition tag="property" attribute="name|widgetStyle">WeatherForecast</condition>
    <match>any</match>
    <property name="id" tag="mainmenuid" />
    <controls>

    </controls>
  </other>

  <other include="widget1Fanart">
    <!-- Widget Style -->
    <property name="id" tag="mainmenuid" />
    <controls>
      <control type="multiimage">
        <skinshortcuts>visibility</skinshortcuts>
        <visible>Control.HasFocus(9000)+String.Contains(Container(9000).ListItem.Property(background),WDF1)+!String.IsEqual(Container(9000).ListItem.Property(backgroundplayliststyle),X2)+!String.IsEqual(Container(9000).ListItem.Property(backgroundplayliststyle),X3)</visible>
        <imagepath background="true">$INFO[Container(8011$SKINSHORTCUTS[id]).ListItem.Art(fanart)]</imagepath>
        <fadetime>600</fadetime>

      </control>
    </controls>
  </other>
  <other include="widget2Fanart">
    <!-- Widget Style -->
    <condition tag="property" attribute="name|widgetStyle.2">SystemInfo</condition>
    <condition tag="property" attribute="name|widgetStyle.2">WeatherForecast</condition>
    <match>any</match>
    <property name="id" tag="mainmenuid" />
    <controls>

    </controls>
  </other>
  <other include="widget2Fanart">
    <!-- Widget Style -->
    <property name="id" tag="mainmenuid" />
    <controls>
      <control type="multiimage">
        <skinshortcuts>visibility</skinshortcuts>
        <visible>Control.HasFocus(9000)+String.Contains(Container(9000).ListItem.Property(background),WDF2)+!String.IsEqual(Container(9000).ListItem.Property(backgroundplayliststyle),X2)+!String.IsEqual(Container(9000).ListItem.Property(backgroundplayliststyle),X3)</visible>
        <imagepath background="true">$INFO[Container(8021$SKINSHORTCUTS[id]).ListItem.Art(fanart)]</imagepath>
        <fadetime>600</fadetime>

      </control>
    </controls>
  </other>
  <!-- ******* WIDGET 1 ******* -->




  <other include="widget1"><!-- Widget system -->
    <condition tag="property" attribute="name|widget">SystemInfo</condition>
    <property name="id" tag="mainmenuid" />
    <property name="widget" tag="property" attribute="name|widget" />
    <property name="widgettype" tag="property" attribute="name|widgetType" />
    <property name="content" tag="property" attribute="name|widgetPath" />
    <property name="target" tag="property" attribute="name|widgetTarget" />
    <property name="label" tag="property" attribute="name|widgetName" />
    <property name="sortby" tag="property" attribute="name|widgetSort" />
    <property name="sort" tag="property" attribute="name|widgetSortOrder" />


    <controls>
      <control type="group">
        <skinshortcuts>visibility</skinshortcuts>
        <include content="AnimationWidget1">
          <param name="id">$SKINSHORTCUTS[id]</param>
        </include>
        <animation effect="slide" end="-30" time="1" condition="Control.HasFocus(8011$SKINSHORTCUTS[id])+ String.IsEmpty(Container(9000).ListItem.Property(widgetShowH)) + String.IsEmpty(Container(9000).ListItem.Property(widgetShow))">Conditional</animation> -->
      <!-- <animation effect="rotatey" center="-90,0" delay="300" start="0" end="65" time="1" condition="!Skin.HasSetting(ShowFullWidgets)+!Skin.HasSetting(HideUnfocusedWidgets)+[!Control.HasFocus(8011$SKINSHORTCUTS[id])|[Control.HasFocus(8011$SKINSHORTCUTS[id])+Container(8011$SKINSHORTCUTS[id]).IsUpdating]]+ String.IsEmpty(Container(9000).ListItem.Property(widgetShowH)) + String.IsEmpty(Container(9000).ListItem.Property(widgetShow))">Conditional</animation> -->
      <!-- Widget -->
      <control type="group">
        <posy>-10</posy>

        <control type="list" id="8011$SKINSHORTCUTS[id]">
          <width>1845</width>
          <height>300</height>

          <onunfocus>SetProperty(WidgetActifFanart,,Home)</onunfocus>
          <onup condition="Integer.IsGreater(Container(8021$SKINSHORTCUTS[id]).NumItems,0)|String.IsEqual(Container(9000).ListItem.Property(widget.2),WeatherForecast)|String.IsEqual(Container(9000).ListItem.Property(widget.2),SystemInfo)">9023</onup>
          <ondown condition="Integer.IsGreater(Container(8021$SKINSHORTCUTS[id]).NumItems,0)|String.IsEqual(Container(9000).ListItem.Property(widget.2),WeatherForecast)|String.IsEqual(Container(9000).ListItem.Property(widget.2),SystemInfo)">9023</ondown>


          <onback>9000</onback>
          <align>center</align>
          <orientation>horizontal</orientation>
          <preloaditems>0</preloaditems>
          <autoscroll>false</autoscroll>

          <itemlayout width="230" height="300">
            <control type="image">
              <width>250</width>
              <aspectratio scalediffuse="true" align="center" aligny="center">stretch</aspectratio>
              <texture diffuse="showcase_matte.png" colordiffuse="7F7F7F7F">white-back.png</texture>
              <bordersize>20</bordersize>
              <bordertexture border="20" colordiffuse="FFFFFFFF">frames/Menu_Glass2b.png</bordertexture>

            </control>
            <control type="image">
              <description>Vertical Widget list Icon</description>
              <top>30</top>
              <left>50</left>
              <width>150</width>
              <height>150</height>
              <aspectratio align="center" >keep</aspectratio>
              <texture diffuse="frames/EpisodeMatte.png">$INFO[ListItem.Icon]</texture>
            </control>
            <control type="textbox">
              <top>170</top>
              <left>10</left>
              <wrapmultiline>true</wrapmultiline>
              <width>230</width>
              <height>80</height>
              <align>center</align>

              <font>impact35</font>
              <textcolor>black</textcolor>
              <shadowcolor>yellow</shadowcolor>
              <label>$INFO[ListItem.Label]</label>
            </control>

            <control type="textbox">
              <top>230</top>
              <left>10</left>
              <width>230</width>
              <height>47</height>
              <font>METF_RecentlyAddedListText</font>
              <textcolor>RecentlyAddedNF</textcolor>
              <label>$INFO[ListItem.label2]</label>
              <align>center</align>
              <include condition="!Skin.HasSetting(AutoScrollFast)">AutoScrollLong</include>
              <include condition="Skin.HasSetting(AutoScrollFast)">AutoScrollLongFast</include>
            </control>
          </itemlayout>

          <focusedlayout width="230" height="300">
            <control type="button">
              <onfocus condition="Control.HasFocus(8011$SKINSHORTCUTS[id])">SetProperty(WidgetActifFanart,$INFO[Container(8011$SKINSHORTCUTS[id]).ListItem.Art(fanart)],Home)</onfocus>
            </control>
            <control type="image">
              <width>250</width>
              <aspectratio scalediffuse="true" align="center" aligny="center">stretch</aspectratio>
              <texture diffuse="showcase_matte.png" colordiffuse="7F7F7F7F">white-back.png</texture>
              <bordersize>20</bordersize>
              <bordertexture border="20" colordiffuse="FFFFFFFF">frames/Menu_Glass2b.png</bordertexture>

            </control>
            <control type="image">
              <description>Vertical Widget list Icon</description>
              <top>30</top>
              <left>50</left>
              <width>150</width>
              <height>150</height>
              <aspectratio align="center" >keep</aspectratio>
              <texture diffuse="frames/EpisodeMatte.png">$INFO[ListItem.Icon]</texture>
            </control>
            <control type="textbox">
              <top>170</top>
              <left>10</left>
              <wrapmultiline>true</wrapmultiline>
              <width>230</width>
              <height>80</height>
              <align>center</align>

              <font>impact35</font>
              <textcolor>black</textcolor>
              <shadowcolor>yellow</shadowcolor>
              <label>$INFO[ListItem.Label]</label>
            </control>

            <control type="textbox">
              <top>230</top>
              <left>10</left>
              <width>230</width>
              <height>47</height>
              <font>METF_RecentlyAddedListText</font>
              <textcolor>RecentlyAddedNF</textcolor>
              <label>$INFO[ListItem.label2]</label>
              <align>center</align>
              <include condition="!Skin.HasSetting(AutoScrollFast)">AutoScrollLong</include>
              <include condition="Skin.HasSetting(AutoScrollFast)">AutoScrollLongFast</include>
            </control>
          </focusedlayout>
          <include>SystemContentList</include>
        </control>
        <!--- nom widget -->
        <control type="group">
          <visible>Integer.IsGreater(Container(8011$SKINSHORTCUTS[id]).NumItems,0)+!Control.HasFocus(8011$SKINSHORTCUTS[id])</visible>
          <control type="button">
            <onfocus>setFocus(8011$SKINSHORTCUTS[id])</onfocus>
            <include>CommonWidgetNameSystem</include>
            <label>$INFO[Container(9000).ListItem.Property(widgetName)]</label>
            <animation type="Conditional" condition="!String.IsEmpty(Container(9000).ListItem.Property(widgetShow))|Skin.HasSetting(ShowFullWidgets)">
              <effect type="slide" end="0,195" time="1" />
            </animation>
          </control>
        </control>
      </control>

      <!-- Affichage Plot,etc .... -->
      <include content="Widget1PlotInfo">
        <param name="id">$SKINSHORTCUTS[id]</param>
        <param name="orientation">Up</param>
        <param name="orientation2">Down</param>
      </include>
      <control type="label" id="8031$SKINSHORTCUTS[id]">
        <left>4000</left>
        <label>*$SKINSHORTCUTS[widget]*</label>
      </control>

    </control>
  </controls>
</other>
<other include="widget1"> <!-- meteo -->

  <condition tag="property" attribute="name|widget">WeatherForecast</condition>
  <!-- Retrieve the widget properties -->
  <property name="id" tag="mainmenuid" />
  <property name="widget" tag="property" attribute="name|widget" />
  <property name="content" tag="property" attribute="name|widgetPath" />
  <property name="target" tag="property" attribute="name|widgetTarget" />

  <controls>
    <control type="group">
      <left>-40</left>

    <!--<include>FondWidgetMeteo</include> -->
    <skinshortcuts>visibility</skinshortcuts>
    <include content="AnimationWidget1">
      <param name="id">$SKINSHORTCUTS[id]</param>
    </include>

    <!-- meteo -->
    <control type="group" >
      <control type="button" id="8011$SKINSHORTCUTS[id]">
        <onup condition="Integer.IsGreater(Container(8021$SKINSHORTCUTS[id]).NumItems,0)|String.IsEqual(Container(9000).ListItem.Property(widget.2),WeatherForecast)|String.IsEqual(Container(9000).ListItem.Property(widget.2),SystemInfo)">9023</onup>

        <onback>9000</onback>

        <left>1</left>
        <top>1</top>
        <width>1</width>
        <height>1</height>
        <label>-</label>
        <onclick>Close</onclick>
        <onclick>ActivateWindow(weather)</onclick>
      </control>

      <control type="grouplist">
        <include>DetailsMeteo</include>
      </control>
    </control>
    <control type="group">

      <!-- nom du widget -->

      <control type="label">
        <posy>-35</posy>
        <width>1805</width>
        <height>30</height>
        <textcolor>white</textcolor>
        <align>center</align>
        <font>impact</font>
        <scrollspeed>30</scrollspeed>
        <scroll>true</scroll>
        <label>$INFO[Container(9000).ListItem.Property(widgetName)] : $INFO[Weather.Location]</label>
        <visible>Skin.HasSetting(ShowFullWidgets)|Control.HasFocus(8011$SKINSHORTCUTS[id])|!String.IsEmpty(Container(9000).ListItem.Property(widgetShow))</visible>
      </control>
      <control type="image">
        <posy>0</posy>
        <posx>1870</posx>
        <width>200</width>
        <height>100</height>
        <animation type="Conditional" condition="true">
          <effect type="rotate" center="1870,0" end="-90" time="1" />
        </animation>
        <aspectratio>keep</aspectratio>
        <texture>$INFO[Window(weather).Property(WeatherProviderLogo)]</texture>
        <colordiffuse>MediaFlagDiffuse</colordiffuse>
      </control>

    </control>
    <control type="label" id="8031$SKINSHORTCUTS[id]">
      <left>4000</left>
      <label>*$SKINSHORTCUTS[widget]*</label>
    </control>
  </control>
</controls>
</other>
<!-- ******* WIDGET 2 ******* -->

<other include="widget2"><!-- Widget system -->
  <condition tag="property" attribute="name|widget.2">SystemInfo</condition>
  <property name="id" tag="mainmenuid" />
  <property name="widget" tag="property" attribute="name|widget.2" />
  <property name="widgettype" tag="property" attribute="name|widgetType.2" />
  <property name="content" tag="property" attribute="name|widgetPath.2" />
  <property name="target" tag="property" attribute="name|widgetTarget.2" />
  <property name="label" tag="property" attribute="name|widgetName.2" />
  <property name="sortby" tag="property" attribute="name|widgetSort.2" />
  <property name="sort" tag="property" attribute="name|widgetSortOrder.2" />


  <controls>
    <control type="group">
      <skinshortcuts>visibility</skinshortcuts>
      <include content="AnimationWidget2">
        <param name="id">$SKINSHORTCUTS[id]</param>
      </include>
      <animation effect="slide" end="-30" time="1" condition="Control.HasFocus(8021$SKINSHORTCUTS[id])+ String.IsEmpty(Container(9000).ListItem.Property(widgetShowH.2)) + String.IsEmpty(Container(9000).ListItem.Property(widgetShow.2))">Conditional</animation> -->

      <!-- Widget -->
      <control type="group">
        <posy>-10</posy>

        <control type="list" id="8021$SKINSHORTCUTS[id]">
          <width>1845</width>
          <height>300</height>

          <onunfocus>SetProperty(WidgetActifFanart,,Home)</onunfocus>
          <onup condition="Integer.IsGreater(Container(8011$SKINSHORTCUTS[id]).NumItems,0)|String.IsEqual(Container(9000).ListItem.Property(widget),WeatherForecast)|String.IsEqual(Container(9000).ListItem.Property(widget),SystemInfo)">9023</onup>
          <ondown condition="Integer.IsGreater(Container(8011$SKINSHORTCUTS[id]).NumItems,0)|String.IsEqual(Container(9000).ListItem.Property(widget),WeatherForecast)|String.IsEqual(Container(9000).ListItem.Property(widget),SystemInfo)">9023</ondown>


          <onback>9000</onback>
          <align>center</align>
          <orientation>horizontal</orientation>
          <preloaditems>0</preloaditems>
          <autoscroll>false</autoscroll>

          <itemlayout width="250" height="300">
            <control type="image">
              <width>250</width>
              <aspectratio scalediffuse="true" align="center" aligny="center">stretch</aspectratio>
              <texture diffuse="showcase_matte.png" colordiffuse="7F7F7F7F">white-back.png</texture>
              <bordersize>20</bordersize>
              <bordertexture border="20" colordiffuse="FFFFFFFF">frames/Menu_Glass2b.png</bordertexture>

            </control>
            <control type="image">
              <description>Vertical Widget list Icon</description>
              <top>30</top>
              <left>50</left>
              <width>150</width>
              <height>150</height>
              <aspectratio align="center" >keep</aspectratio>
              <texture diffuse="frames/EpisodeMatte.png">$INFO[ListItem.Icon]</texture>
            </control>
            <control type="textbox">
              <top>170</top>
              <left>10</left>
              <wrapmultiline>true</wrapmultiline>
              <width>230</width>
              <height>80</height>
              <align>center</align>

              <font>impact35</font>
              <textcolor>black</textcolor>
              <shadowcolor>yellow</shadowcolor>
              <label>$INFO[ListItem.Label]</label>
            </control>

            <control type="textbox">
              <top>230</top>
              <left>10</left>
              <width>230</width>
              <height>47</height>
              <font>METF_RecentlyAddedListText</font>
              <textcolor>RecentlyAddedNF</textcolor>
              <label>$INFO[ListItem.label2]</label>
              <align>center</align>
              <include condition="!Skin.HasSetting(AutoScrollFast)">AutoScrollLong</include>
              <include condition="Skin.HasSetting(AutoScrollFast)">AutoScrollLongFast</include>
            </control>
          </itemlayout>

          <focusedlayout width="250" height="300">
            <control type="button">
              <onfocus condition="Control.HasFocus(8021$SKINSHORTCUTS[id])">SetProperty(WidgetActifFanart,$INFO[Container(8021$SKINSHORTCUTS[id]).ListItem.Art(fanart)],Home)</onfocus>
            </control>
            <control type="image">
              <width>250</width>
              <aspectratio scalediffuse="true" align="center" aligny="center">stretch</aspectratio>
              <texture diffuse="showcase_matte.png" colordiffuse="7F7F7F7F">white-back.png</texture>
              <bordersize>20</bordersize>
              <bordertexture border="20" colordiffuse="FFFFFFFF">frames/Menu_Glass2b.png</bordertexture>

            </control>
            <control type="image">
              <description>Vertical Widget list Icon</description>
              <top>30</top>
              <left>50</left>
              <width>150</width>
              <height>150</height>
              <aspectratio align="center" >keep</aspectratio>
              <texture diffuse="frames/EpisodeMatte.png">$INFO[ListItem.Icon]</texture>
            </control>
            <control type="textbox">
              <top>170</top>
              <left>10</left>
              <wrapmultiline>true</wrapmultiline>
              <width>230</width>
              <height>80</height>
              <align>center</align>

              <font>impact35</font>
              <textcolor>black</textcolor>
              <shadowcolor>yellow</shadowcolor>
              <label>$INFO[ListItem.Label]</label>
            </control>

            <control type="textbox">
              <top>230</top>
              <left>10</left>
              <width>230</width>
              <height>47</height>
              <font>METF_RecentlyAddedListText</font>
              <textcolor>RecentlyAddedNF</textcolor>
              <label>$INFO[ListItem.label2]</label>
              <align>center</align>
              <include condition="!Skin.HasSetting(AutoScrollFast)">AutoScrollLong</include>
              <include condition="Skin.HasSetting(AutoScrollFast)">AutoScrollLongFast</include>
            </control>
          </focusedlayout>
          <include>SystemContentList</include>
        </control>
        <!--- nom widget -->
        <control type="group">
          <visible>Integer.IsGreater(Container(8021$SKINSHORTCUTS[id]).NumItems,0)+!Control.HasFocus(8021$SKINSHORTCUTS[id])</visible>
          <control type="button">
            <onfocus>setFocus(8021$SKINSHORTCUTS[id])</onfocus>
            <include>CommonWidgetNameSystem</include>
            <label>$INFO[Container(9000).ListItem.Property(widgetName.2)]</label>
            <animation type="Conditional" condition="!String.IsEmpty(Container(9000).ListItem.Property(widgetShow.2))|Skin.HasSetting(ShowFullWidgets)">
              <effect type="slide" end="0,195" time="1" />
            </animation>
          </control>

        </control>

        <!-- Affichage Plot,etc .... -->
        <include content="Widget2PlotInfo">
          <param name="id">$SKINSHORTCUTS[id]</param>
          <param name="orientation">Up</param>
          <param name="orientation2">Down</param>
        </include>
        <control type="label" id="8032$SKINSHORTCUTS[id]">
          <left>4000</left>
          <label>*$SKINSHORTCUTS[widget]*</label>
        </control>
      </control>
    </control>
  </controls>
</other>
<other include="widget2"> <!-- meteo -->

  <condition tag="property" attribute="name|widget.2">WeatherForecast</condition>
  <!-- Retrieve the widget properties -->
  <property name="id" tag="mainmenuid" />
  <property name="widget" tag="property" attribute="name|widget.2" />
  <property name="content" tag="property" attribute="name|widgetPath.2" />
  <property name="target" tag="property" attribute="name|widgetTarget.2" />

  <controls>
    <control type="group">
      <left>-40</left>

    <!--<include>FondWidgetMeteo</include> -->
    <skinshortcuts>visibility</skinshortcuts>
    <include content="AnimationWidget2">
      <param name="id">$SKINSHORTCUTS[id]</param>
    </include>

    <!-- meteo -->
    <control type="group" >
      <control type="button" id="8021$SKINSHORTCUTS[id]">
        <ondown condition="Integer.IsGreater(Container(8011$SKINSHORTCUTS[id]).NumItems,0)|String.IsEqual(Container(9000).ListItem.Property(widget.2),WeatherForecast)|String.IsEqual(Container(9000).ListItem.Property(widget.2),SystemInfo)">9023</ondown>
        <onback>9000</onback>

        <left>1</left>
        <top>1</top>
        <width>1</width>
        <height>1</height>
        <label>-</label>
        <onclick>Close</onclick>
        <onclick>ActivateWindow(weather)</onclick>
      </control>

      <control type="grouplist">
        <include>DetailsMeteo</include>
      </control>
    </control>
    <control type="group">

      <!-- nom du widget -->

      <control type="label">
        <posy>-35</posy>
        <width>1805</width>
        <height>30</height>
        <textcolor>white</textcolor>
        <align>center</align>
        <font>impact</font>
        <scrollspeed>30</scrollspeed>
        <scroll>true</scroll>
        <label>$INFO[Container(9000).ListItem.Property(widgetName.2)] : $INFO[Weather.Location]</label>
        <visible>Skin.HasSetting(ShowFullWidgets)|Control.HasFocus(8021$SKINSHORTCUTS[id])|!String.IsEmpty(Container(9000).ListItem.Property(widgetShow.2))</visible>
      </control>
      <control type="image">
        <posy>0</posy>
        <posx>1870</posx>
        <width>200</width>
        <height>100</height>
        <animation type="Conditional" condition="true">
          <effect type="rotate" center="1870,0" end="-90" time="1" />
        </animation>
        <aspectratio>keep</aspectratio>
        <texture>$INFO[Window(weather).Property(WeatherProviderLogo)]</texture>
        <colordiffuse>MediaFlagDiffuse</colordiffuse>
      </control>

    </control>
    <control type="label" id="8032$SKINSHORTCUTS[id]">
      <left>4000</left>
      <label>*$SKINSHORTCUTS[widget]*</label>
    </control>
  </control>
</controls>
</other>

<!-- ************** LISTES ET PANNEAUX *********** -->
<!-- Widget Liste -->
<other include="widget1">
  <condition tag="property" attribute="name|widgetStyle">List</condition>
  <condition tag="property" attribute="name|widget" />
  <match>all</match>
  <property name="id" tag="mainmenuid" />
  <property name="widget" tag="property" attribute="name|widget" />
  <property name="widgettype" tag="property" attribute="name|widgetType" />
  <property name="content" tag="property" attribute="name|widgetPath" />
  <property name="target" tag="property" attribute="name|widgetTarget" />
  <property name="label" tag="property" attribute="name|widgetName" />
  <property name="sortby" tag="property" attribute="name|widgetSort" />
  <property name="sort" tag="property" attribute="name|widgetSortOrder" />
  <property name="showme" tag="property" attribute="name|widgetShow" />
  <property name="top">0</property>

  <controls>
    <control type="group">
      <skinshortcuts>visibility</skinshortcuts>
      <include content="AnimationWidget1">
        <param name="id">$SKINSHORTCUTS[id]</param>
      </include>
      <!-- Widget -->
      <control type="group">
        <posy>-10</posy>
        <animation effect="slide" end="-80,0"  time="0"  reversible="true"  condition="Control.HasFocus(8011$SKINSHORTCUTS[id])">Conditional</animation>
        <control type="group">
          <visible>!Control.HasFocus(8011$SKINSHORTCUTS[id])+[Skin.HasSetting(ShowFullWidgets)|!String.IsEmpty(Container(9000).ListItem.Property(widgetShow))]</visible>
          <control type="image">
            <left>10</left>
            <width>710</width>
            <height>300</height>
            <bordersize>8</bordersize>
            <bordertexture border="8" colordiffuse="FFFFFFFF">landscape.png</bordertexture>
            <aspectratio scalediffuse="true" align="center" aligny="center">stretch</aspectratio>
            <texture colordiffuse="A0FFFFFF">black.png</texture>
          </control>
          <control type="image">
            <left>10</left>
            <width>210</width>
            <height>300</height>
            <aspectratio scalediffuse="true" align="center" aligny="center">keep</aspectratio>
            <bordersize>20</bordersize>
            <bordertexture border="20" colordiffuse="FFFFFFFF">frames/Menu_Glass2b.png</bordertexture>
            <fadetime>800</fadetime>
            <texture diffuse="showcase_matte.png">$VAR[HomeWidgetPosterVarList8011$SKINSHORTCUTS[id]]</texture>

          </control>
        </control>

        <control type="image">
          <top>-150</top>
          <left>0</left>
          <width>360</width>
          <height>450</height>
          <aspectratio scalediffuse="true" align="center" aligny="center">keep</aspectratio>
          <bordersize>22</bordersize>
          <bordertexture border="22" colordiffuse="FFFFFFFF">frames/Menu_Glass2b.png</bordertexture>
          <texture diffuse="showcase_matte.png">$VAR[HomeWidgetPosterVarList8011$SKINSHORTCUTS[id]]</texture>
          <visible>Control.HasFocus(8011$SKINSHORTCUTS[id])</visible>
        </control>
        <control type="grouplist">
          <top>20</top>
          <height>290</height>
          <left>220</left>
          <width>370</width>
          <visible>!Control.HasFocus(8011$SKINSHORTCUTS[id])</visible>

          <include content="commonwidgetitemliste">
            <param name="ContainerID">8011$SKINSHORTCUTS[id]</param>
            <param name="OffsetID" >0</param>
          </include>
          <include content="commonwidgetitemliste">
            <param name="ContainerID">8011$SKINSHORTCUTS[id]</param>
            <param name="OffsetID" >1</param>
          </include>
          <include content="commonwidgetitemliste">
            <param name="ContainerID">8011$SKINSHORTCUTS[id]</param>
            <param name="OffsetID" >2</param>
          </include>
          <include content="commonwidgetitemliste">
            <param name="ContainerID">8011$SKINSHORTCUTS[id]</param>
            <param name="OffsetID" >3</param>
          </include>
          <include content="commonwidgetitemliste">
            <param name="ContainerID">8011$SKINSHORTCUTS[id]</param>
            <param name="OffsetID" >4</param>
          </include>
          <include content="commonwidgetitemliste">
            <param name="ContainerID">8011$SKINSHORTCUTS[id]</param>
            <param name="OffsetID" >5</param>
          </include>
          <include content="commonwidgetitemliste">
            <param name="ContainerID">8011$SKINSHORTCUTS[id]</param>
            <param name="OffsetID" >6</param>
          </include>
          <include content="commonwidgetitemliste">
            <param name="ContainerID">8011$SKINSHORTCUTS[id]</param>
            <param name="OffsetID" >7</param>
          </include>
          <include content="commonwidgetitemliste">
            <param name="ContainerID">8011$SKINSHORTCUTS[id]</param>
            <param name="OffsetID" >8</param>
          </include>
          <include content="commonwidgetitemliste">
            <param name="ContainerID">8011$SKINSHORTCUTS[id]</param>
            <param name="OffsetID" >9</param>
          </include>



        </control>


        <control type="list" id="8011$SKINSHORTCUTS[id]">
          <left>360</left>
          <top>-120</top>
          <width>630</width>
          <height>390</height>
          <onright condition="Integer.IsGreater(Container(8021$SKINSHORTCUTS[id]).NumItems,0)|String.Contains(Control.getLabel(8032$SKINSHORTCUTS[id]),WeatherForecast)">9023</onright>
          <onleft condition="Integer.IsGreater(Container(8021$SKINSHORTCUTS[id]).NumItems,0)|String.Contains(Control.getLabel(8032$SKINSHORTCUTS[id]),WeatherForecast)">9023</onleft>

          <animation type="Conditional" condition="!Control.HasFocus(8011$SKINSHORTCUTS[id])">
            <effect type="slide" start="0,0" end="2000,0" time="1" />
          </animation>
          <onunfocus>SetProperty(WidgetActifFanart,,Home)</onunfocus>

          <onback>9000</onback>
          <autoscroll delay="8000" repeat="10000" time="10000">Skin.HasSetting(AutoRotateWidget)+[Control.HasFocus(9000)|Control.HasFocus(9001)]</autoscroll>
          <viewtype>list</viewtype>
          <orientation>vertical</orientation>
          <preloaditems>2</preloaditems>
          <scrolltime >300</scrolltime>
          <itemlayout condition="Control.HasFocus(8011$SKINSHORTCUTS[id])" width="620" height="30">


            <control type="label">
              <left>6</left>
              <width>620</width>
              <height>28</height>
              <align>left</align>
              <aligny>center</aligny>
              <scrollout>false</scrollout>
              <scrollspeed>20</scrollspeed>
              <font>impact35</font>
              <textcolor>yellow</textcolor>
              <label>$VAR[GlobalWidgetLabel2]</label>
            </control>
          </itemlayout>
          <focusedlayout  condition="Control.HasFocus(8011$SKINSHORTCUTS[id])" width="550" height="30">
            <!-- Focus Bar -->
            <control type="button">
              <onfocus condition="Control.HasFocus(8011$SKINSHORTCUTS[id])">SetProperty(WidgetActifFanart,$INFO[Container(8011$SKINSHORTCUTS[id]).ListItem.Art(fanart)],Home)</onfocus>
            </control>

            <control type="image">
              <width>620</width>
              <height>28</height>
              <aligny>center</aligny>
              <texture>FocusLine.png</texture>
              <colordiffuse>FocusBar</colordiffuse>
              <visible>Control.HasFocus(8011$SKINSHORTCUTS[id])</visible>
            </control>

            <control type="label" >
              <left>6</left>
              <width>620</width>
              <height>28</height>
              <align>left</align>
              <aligny>center</aligny>
              <scrollout>false</scrollout>
              <pauseatend>600</pauseatend>
              <scrollspeed>20</scrollspeed>
              <font>impact35</font>
              <textcolor>white</textcolor>
              <label>$VAR[GlobalWidgetLabel2]</label>
            </control>
          </focusedlayout>

          <content target="$SKINSHORTCUTS[target]" sortby="$SKINSHORTCUTS[sortby]" sortorder="$SKINSHORTCUTS[sort]">$SKINSHORTCUTS[content]</content>
        </control>
        <!--- nom widget -->
        <control type="group">
          <left>-285</left>
          <visible>Integer.IsGreater(Container(8011$SKINSHORTCUTS[id]).NumItems,0)+!Control.HasFocus(8011$SKINSHORTCUTS[id])</visible>

          <control type="button">
            <onfocus>setFocus(8011$SKINSHORTCUTS[id])</onfocus>
            <include>CommonWidgetName</include>
            <label>$INFO[Container(9000).ListItem.Property(widgetName)]</label>
            <animation type="Conditional" condition="Control.HasFocus(8021$SKINSHORTCUTS[id])">
              <effect type="slide" end="0,205" time="1" />
            </animation>
            <animation type="Conditional" condition="!Control.HasFocus(8021$SKINSHORTCUTS[id])+[!String.IsEmpty(Container(9000).ListItem.Property(widgetShow))|Skin.HasSetting(ShowFullWidgets)]">
              <effect type="slide" end="0,-75" time="1" />

            </animation>
          </control>

        </control>

        <!-- apercu -->
        <control type="group">
          <visible>!Control.HasFocus(8011$SKINSHORTCUTS[id])+!Control.HasFocus(8021$SKINSHORTCUTS[id])+!Skin.HasSetting(ShowFullWidgets)+String.IsEmpty(Container(9000).ListItem.Property(widgetShow))</visible>
          <control type="image">
            <width>345</width>
            <left>-420</left>
            <height>300</height>
            <aspectratio scalediffuse="true" align="right" aligny="center">keep</aspectratio>
            <bordersize>20</bordersize>
            <bordertexture border="20" colordiffuse="FFFFFFFF">frames/Menu_Glass2b.png</bordertexture>
            <fadetime>800</fadetime>
            <texture diffuse="showcase_matte.png">$VAR[HomeWidgetPosterVarList8011$SKINSHORTCUTS[id]]</texture>
          </control>
        </control>
      </control>
      <include content="Widget1PlotInfo">
        <param name="id">$SKINSHORTCUTS[id]</param>
      </include>
      <control type="label" id="8031$SKINSHORTCUTS[id]">
        <left>4000</left>
        <label>*$SKINSHORTCUTS[target]$SKINSHORTCUTS[content]$SKINSHORTCUTS[widget]*</label>
      </control>
    </control>
  </controls>
</other>

<other include="widget1"><!-- Widget Panneau -->
  <condition tag="property" attribute="name|widget" />
  <match>all</match>
  <property name="id" tag="mainmenuid" />
  <property name="widget" tag="property" attribute="name|widget" />
  <property name="widgettype" tag="property" attribute="name|widgetType" />
  <property name="content" tag="property" attribute="name|widgetPath" />
  <property name="target" tag="property" attribute="name|widgetTarget" />
  <property name="label" tag="property" attribute="name|widgetName" />
  <property name="sortby" tag="property" attribute="name|widgetSort" />
  <property name="sort" tag="property" attribute="name|widgetSortOrder" />
  <property name="StylePanneau" tag="property" attribute="name|widgetStyle" />


  <controls>
    <control type="group">
      <skinshortcuts>visibility</skinshortcuts>
      <include content="AnimationWidget1">
        <param name="id">$SKINSHORTCUTS[id]</param>
      </include>
      <!-- Widget -->
      <control type="group">
        <posy>-10</posy>

        <control type="list" id="8011$SKINSHORTCUTS[id]">
          <width>1805</width>
          <height>300</height>
          <onunfocus>SetProperty(WidgetActifFanart,,Home)</onunfocus>
          <onup condition="Integer.IsGreater(Container(8021$SKINSHORTCUTS[id]).NumItems,0)|String.IsEqual(Container(9000).ListItem.Property(widget.2),WeatherForecast)|String.IsEqual(Container(9000).ListItem.Property(widget.2),SystemInfo)">9023</onup>
          <ondown condition="Integer.IsGreater(Container(8021$SKINSHORTCUTS[id]).NumItems,0)|String.IsEqual(Container(9000).ListItem.Property(widget.2),WeatherForecast)|String.IsEqual(Container(9000).ListItem.Property(widget.2),SystemInfo)">9023</ondown>
          <animation effect="slide" end="0,40" condition="String.Contains(Control.getLabel(8041$SKINSHORTCUTS[id]),land)">Conditional</animation>

          <onback>9000</onback>
          <align>center</align>
          <orientation>horizontal</orientation>
          <preloaditems>0</preloaditems>
          <autoscroll delay="8000" repeat="10000" time="10000">Skin.HasSetting(AutoRotateWidget)+[Control.HasFocus(9000)|Control.HasFocus(9001)]</autoscroll>
          <!-- POSTER -->
          <itemlayout width="225" height="300" condition="!String.Contains(Control.getLabel(8041$SKINSHORTCUTS[id]),land)+!String.Contains(Control.getLabel(8031$SKINSHORTCUTS[id]),music)+!String.Contains(Control.getLabel(8031$SKINSHORTCUTS[id]),addons)">
            <control type="image">
              <width>210</width>
              <aspectratio scalediffuse="true"  align="center" aligny="center">stretch</aspectratio>
              <bordersize>20</bordersize>
              <bordertexture border="20" colordiffuse="FFFFFFFF">frames/Menu_Glass2b.png</bordertexture>
              <texture diffuse="showcase_matte.png">$VAR[HomeWidgetPosterVar]</texture>
              <animation type="Conditional" reversible="false" condition="Control.HasFocus(8011$SKINSHORTCUTS[id])">
                <effect type="zoom" center="auto" start="100" end="95" time="500" tween="bounce" easy="out"  />
              </animation>
            </control>

            <control type="group">
              <top>55</top>
              <left>45</left>
              <visible>String.IsEmpty(ListItem.Art(poster))+String.IsEmpty(ListItem.Art(tvshow.poster))+String.Contains(ListItem.Icon,default)+String.IsEmpty(ListItem.Art(thumb))+String.IsEmpty(ListItem.Art(fanart))</visible>
              <animation type="Conditional" reversible="false" condition="Control.HasFocus(8011$SKINSHORTCUTS[id])">
                <effect type="zoom" center="auto" start="100" end="95" time="500" tween="bounce" easy="out"  />
              </animation>
              <animation type="Conditional" condition="true">
                <effect type="rotate" center="45,55" end="-45" time="1" />
              </animation>
              <width>200</width>
              <height>40</height>
              <control type="label">
                <width max="200">auto</width>
                <height>40</height>

                <align>center</align>
                <aligny>center</aligny>
                <font>defaut24</font>
                <textcolor>black</textcolor>
                <shadowcolor>white</shadowcolor>
                <label>$VAR[GlobalWidgetLabel]</label>

                <shadowcolor>FF000000</shadowcolor>
                <textoffsetx>5</textoffsetx>
                <texturenofocus />
              </control>
            </control>
            <control type="group">
              <left>20</left>
              <top>260</top>
              <include>OverlayProgress</include>
            </control>
          </itemlayout>
          <focusedlayout width="225" height="300" condition="!String.Contains(Control.getLabel(8041$SKINSHORTCUTS[id]),land)+!String.Contains(Control.getLabel(8031$SKINSHORTCUTS[id]),music)+!String.Contains(Control.getLabel(8031$SKINSHORTCUTS[id]),addons)">
            <control type="button">
              <onfocus condition="Control.HasFocus(8011$SKINSHORTCUTS[id])">SetProperty(WidgetActifFanart,$INFO[Container(8011$SKINSHORTCUTS[id]).ListItem.Art(fanart)],Home)</onfocus>
            </control>

            <control type="group">
              <animation type="Focus" reversible="false">
                <effect type="zoom" center="auto" start="98" end="140" time="250"  />
              <!-- <effect type="slide" end="-40,-70"  /> -->
            </animation>


            <control type="image">
              <width>210</width>
              <aspectratio scalediffuse="true" align="center" aligny="center">stretch</aspectratio>
              <texture diffuse="showcase_matte.png">$VAR[HomeWidgetPosterVar]</texture>
              <bordersize>20</bordersize>
              <bordertexture border="20" colordiffuse="FFFFFFFF">frames/Menu_Glass2b.png</bordertexture>

            </control>
            <control type="group">
              <visible>String.IsEmpty(ListItem.Art(poster))+String.IsEmpty(ListItem.Art(tvshow.poster))+String.Contains(ListItem.Icon,default)+String.IsEmpty(ListItem.Art(thumb))+String.IsEmpty(ListItem.Art(fanart))</visible>
              <top>55</top>
              <left>45</left>

              <animation type="Conditional" condition="true">
                <effect type="rotate" center="45,55" end="-45" time="1" />
              </animation>
              <width>200</width>
              <height>40</height>

              <control type="label">

                <width>200</width>
                <align>center</align>
                <aligny>center</aligny>
                <font>defaut24</font>
                <textcolor>black</textcolor>
                <shadowcolor>white</shadowcolor>
                <label>$VAR[GlobalWidgetLabel]</label>
              </control>
            </control>
            <control type="group">
              <left>20</left>
              <top>260</top>
              <include content="OverlayProgressWidget">
                <param name="ContainerID">8011$SKINSHORTCUTS[id]</param>
                <param name="OffsetID"></param>
                <param name="Hauteur">20</param>
                <param name="Largeur">70</param>
                <param name="PositionY">0</param>

              </include>
            </control>
          </control>
        </focusedlayout>

        <!-- PAYSAGE -->
        <itemlayout width="365" height="230" condition="String.Contains(Control.getLabel(8041$SKINSHORTCUTS[id]),land)+!String.Contains(Control.getLabel(8031$SKINSHORTCUTS[id]),music)+!String.Contains(Control.getLabel(8031$SKINSHORTCUTS[id]),addons)">
          <control type="image">
            <aspectratio scalediffuse="true"  align="center" aligny="center">keep</aspectratio>
            <bordersize>20</bordersize>
            <bordertexture border="20" colordiffuse="FFFFFFFF">frames/Menu_Glass2b.png</bordertexture>
            <texture diffuse="showcase_matte.png">$VAR[HomeWidgetPosterVarLand]</texture>
            <animation type="Conditional" reversible="false" condition="Control.HasFocus(8011$SKINSHORTCUTS[id])">
              <effect type="zoom" center="auto" start="100" end="95" time="500" tween="bounce" easy="out"  />
            </animation>
          </control>
          <control type="label">
            <top>210</top>
            <font>METF_StarRating22</font>
            <align>center</align>
            <label>$INFO[ListItem.TvShowTitle]</label>
            <visible>String.Contains(ListItem.DbType,episode)</visible>
          </control>

          <control type="group">
            <top>55</top>
            <left>45</left>
            <visible>String.IsEmpty(ListItem.Art(poster))+String.IsEmpty(ListItem.Art(tvshow.poster))+String.Contains(ListItem.Icon,default)+String.IsEmpty(ListItem.Art(thumb))+String.IsEmpty(ListItem.Art(fanart))</visible>
            <animation type="Conditional" reversible="false" condition="Control.HasFocus(8011$SKINSHORTCUTS[id])">
              <effect type="zoom" center="auto" start="100" end="95" time="500" tween="bounce" easy="out"  />
            </animation>
            <animation type="Conditional" condition="true">
              <effect type="rotate" center="45,55" end="-45" time="1" />
            </animation>
            <width>200</width>
            <height>40</height>
            <control type="label">
              <width max="200">auto</width>
              <height>40</height>

              <align>center</align>
              <aligny>center</aligny>
              <font>defaut24</font>
              <textcolor>black</textcolor>
              <shadowcolor>white</shadowcolor>
              <label>$VAR[GlobalWidgetLabel]</label>

              <shadowcolor>FF000000</shadowcolor>
              <textoffsetx>5</textoffsetx>
              <texturenofocus />
            </control>
          </control>
          <control type="group">
            <left>120</left>
            <top>190</top>
            <include>OverlayProgress</include>
          </control>
        </itemlayout>
        <focusedlayout width="345" height="230" condition="String.Contains(Control.getLabel(8041$SKINSHORTCUTS[id]),land)+!String.Contains(Control.getLabel(8031$SKINSHORTCUTS[id]),music)+!String.Contains(Control.getLabel(8031$SKINSHORTCUTS[id]),addons)">
          <control type="button">
            <onfocus condition="Control.HasFocus(8011$SKINSHORTCUTS[id])">SetProperty(WidgetActifFanart,$INFO[Container(8011$SKINSHORTCUTS[id]).ListItem.Art(fanart)],Home)</onfocus>
          </control>
          <control type="group">

            <animation type="Focus" reversible="false">
              <effect type="zoom" center="auto" start="98" end="140" time="250"  />
            <!-- <effect type="slide" end="-40,-70"  /> -->
          </animation>



          <control type="image">
            <aspectratio scalediffuse="true" align="center" aligny="center">keep</aspectratio>
            <texture diffuse="showcase_matte.png">$VAR[HomeWidgetPosterVarLand]</texture>
            <bordersize>20</bordersize>
            <bordertexture border="20" colordiffuse="FFFFFFFF">frames/Menu_Glass2b.png</bordertexture>

          </control>
          <control type="label">
            <top>210</top>
            <font>METF_StarRating22</font>
            <align>center</align>
            <label>$INFO[ListItem.TvShowTitle]</label>
            <visible>!Control.HasFocus(8021$SKINSHORTCUTS[id])+String.Contains(ListItem.DbType,episode)</visible>
          </control>
          <control type="group">
            <visible>String.IsEmpty(ListItem.Art(poster))+String.IsEmpty(ListItem.Art(tvshow.poster))+String.Contains(ListItem.Icon,default)+String.IsEmpty(ListItem.Art(thumb))+String.IsEmpty(ListItem.Art(fanart))</visible>
            <top>55</top>
            <left>45</left>

            <animation type="Conditional" condition="true">
              <effect type="rotate" center="45,55" end="-45" time="1" />
            </animation>
            <width>200</width>
            <height>40</height>

            <control type="label">

              <width>200</width>
              <align>center</align>
              <aligny>center</aligny>
              <font>defaut24</font>
              <textcolor>black</textcolor>
              <shadowcolor>white</shadowcolor>
              <label>$VAR[GlobalWidgetLabel]</label>
            </control>
          </control>
          <control type="group">
            <left>120</left>
            <top>190</top>
            <include content="OverlayProgressWidget">
              <param name="ContainerID">8011$SKINSHORTCUTS[id]</param>
              <param name="OffsetID"></param>
              <param name="Hauteur">20</param>
              <param name="Largeur">70</param>
              <param name="PositionY">0</param>

            </include>
          </control>
        </control>
      </focusedlayout>

      <!-- MUSIQUE -->


      <itemlayout width="300" height="300" condition="String.Contains(Control.getLabel(8031$SKINSHORTCUTS[id]),music)|String.Contains(Control.getLabel(8031$SKINSHORTCUTS[id]),addons)">
        <control type="image">
          <width>300</width>
          <aspectratio scalediffuse="true"  align="center" aligny="center">stretch</aspectratio>
          <bordersize>20</bordersize>
          <bordertexture border="20" colordiffuse="FFFFFFFF">frames/Menu_Glass2b.png</bordertexture>
          <texture diffuse="showcase_matte.png">$VAR[HomeWidgetPosterVar]</texture>
          <animation type="Conditional" reversible="false" condition="Control.HasFocus(8011$SKINSHORTCUTS[id])">
            <effect type="zoom" center="auto" start="100" end="95" time="500" tween="bounce" easy="out"  />
          </animation>
        </control>

        <control type="group">
          <top>55</top>
          <left>45</left>
          <visible>String.IsEmpty(ListItem.Art(poster))+String.IsEmpty(ListItem.Art(tvshow.poster))+String.Contains(ListItem.Icon,default)+String.IsEmpty(ListItem.Art(thumb))+String.IsEmpty(ListItem.Art(fanart))</visible>
          <animation type="Conditional" reversible="false" condition="Control.HasFocus(8011$SKINSHORTCUTS[id])">
            <effect type="zoom" center="auto" start="100" end="95" time="500" tween="bounce" easy="out"  />
          </animation>
          <animation type="Conditional" condition="true">
            <effect type="rotate" center="45,55" end="-45" time="1" />
          </animation>
          <width>200</width>
          <height>40</height>
          <control type="label">
            <width max="200">auto</width>
            <height>40</height>

            <align>center</align>
            <aligny>center</aligny>
            <font>defaut24</font>
            <textcolor>black</textcolor>
            <shadowcolor>white</shadowcolor>
            <label>$VAR[GlobalWidgetLabel]</label>

            <shadowcolor>FF000000</shadowcolor>
            <textoffsetx>5</textoffsetx>
            <texturenofocus />
          </control>
        </control>
      </itemlayout>
      <focusedlayout width="300" height="300" condition="String.Contains(Control.getLabel(8031$SKINSHORTCUTS[id]),music)|String.Contains(Control.getLabel(8031$SKINSHORTCUTS[id]),addons)">
        <control type="button">
          <onfocus condition="Control.HasFocus(8011$SKINSHORTCUTS[id])">SetProperty(WidgetActifFanart,$INFO[Container(8011$SKINSHORTCUTS[id]).ListItem.Art(fanart)],Home)</onfocus>
        </control>


        <control type="image">
          <width>300</width>
          <aspectratio scalediffuse="true" align="center" aligny="center">stretch</aspectratio>
          <texture diffuse="showcase_matte.png">$VAR[HomeWidgetPosterVar]</texture>
          <bordersize>20</bordersize>
          <bordertexture border="20" colordiffuse="FFFFFFFF">frames/Menu_Glass2b.png</bordertexture>
          <animation type="Focus" reversible="false">
            <effect type="zoom" center="auto" start="100" end="120" time="250"  />
          </animation>
        </control>
        <control type="group">
          <visible>String.IsEmpty(ListItem.Art(poster))+String.IsEmpty(ListItem.Art(tvshow.poster))+String.Contains(ListItem.Icon,default)+String.IsEmpty(ListItem.Art(thumb))+String.IsEmpty(ListItem.Art(fanart))</visible>
          <top>55</top>
          <left>45</left>

          <animation type="Conditional" condition="true">
            <effect type="rotate" center="45,55" end="-45" time="1" />
          </animation>
          <width>200</width>
          <height>40</height>

          <control type="label">

            <width>200</width>
            <align>center</align>
            <aligny>center</aligny>
            <font>defaut24</font>
            <textcolor>black</textcolor>
            <shadowcolor>white</shadowcolor>
            <label>$VAR[GlobalWidgetLabel]</label>
          </control>
        </control>
      </focusedlayout>
      <content target="$SKINSHORTCUTS[target]" sortby="$SKINSHORTCUTS[sortby]" sortorder="$SKINSHORTCUTS[sort]">$SKINSHORTCUTS[content]</content>
    </control>

    <control type="group">

      <control type="grouplist">

        <align>center</align>
        <orientation>horizontal</orientation>
        <visible>!Control.HasFocus(8011$SKINSHORTCUTS[id])+!Skin.HasSetting(ShowFullWidgets)+String.IsEmpty(Container(9000).ListItem.Property(widgetShow))</visible>

        <visible>String.IsEmpty(Container(8011$SKINSHORTCUTS[id]).ListItem.Art(poster))+String.IsEmpty(Container(8011$SKINSHORTCUTS[id]).ListItem.Art(tvshow.poster))+String.Contains(Container(8011$SKINSHORTCUTS[id]).ListItem.Icon,default)+String.IsEmpty(Container(8011$SKINSHORTCUTS[id]).ListItem.Art(thumb))+String.IsEmpty(Container(8011$SKINSHORTCUTS[id]).ListItem.Art(fanart))</visible>
        <animation type="Conditional" condition="true">
          <effect type="rotate" center="0,0" end="-45" time="1" />
        </animation>
        <width>305</width>
        <height>40</height>

        <control type="button">
          <width max="280">auto</width>
          <height>40</height>

          <align>center</align>
          <aligny>center</aligny>
          <font>defaut24</font>
          <textcolor>black</textcolor>
          <shadowcolor>white</shadowcolor>
          <label>$VAR[GlobalWidgetLabel8011$SKINSHORTCUTS[id]]</label>
          <textoffsetx>5</textoffsetx>
          <texturenofocus />
        </control>



      </control>
      <!--- nom widget -->
      <control type="group">
        <left>-285</left>
        <visible>Integer.IsGreater(Container(8011$SKINSHORTCUTS[id]).NumItems,0)+!Control.HasFocus(8011$SKINSHORTCUTS[id])</visible>

        <control type="button">
          <onfocus>setFocus(8011$SKINSHORTCUTS[id])</onfocus>
          <include>CommonWidgetName</include>
          <label>$INFO[Container(9000).ListItem.Property(widgetName)]</label>
          <animation type="Conditional" condition="Control.HasFocus(8021$SKINSHORTCUTS[id])">
            <effect type="slide" end="0,205" time="1" />
          </animation>
          <animation type="Conditional" condition="!Control.HasFocus(8021$SKINSHORTCUTS[id])+[!String.IsEmpty(Container(9000).ListItem.Property(widgetShow))|Skin.HasSetting(ShowFullWidgets)]">
            <effect type="slide" end="0,-75" time="1" />

          </animation>
        </control>

      </control>
      <!-- apercu -->
      <control type="group">
        <visible>!Control.HasFocus(8021$SKINSHORTCUTS[id])+!Control.HasFocus(8011$SKINSHORTCUTS[id])+!Skin.HasSetting(ShowFullWidgets)+String.IsEmpty(Container(9000).ListItem.Property(widgetShow))</visible>
        <control type="image">
          <width>345</width>
          <height>300</height>
          <left>-420</left>
          <aspectratio scalediffuse="true" align="right" aligny="center">keep</aspectratio>
          <bordersize>20</bordersize>
          <bordertexture border="20" colordiffuse="FFFFFFFF">frames/Menu_Glass2b.png</bordertexture>
          <fadetime>800</fadetime>
          <texture diffuse="showcase_matte.png">$VAR[HomeWidgetPosterVarList8011$SKINSHORTCUTS[id]]</texture>
        </control>
      </control>
    </control>
  </control>

  <!-- Affichage Plot,etc .... -->
  <include content="Widget1PlotInfo">
    <param name="id">$SKINSHORTCUTS[id]</param>
    <param name="orientation">Up</param>
    <param name="orientation2">Down</param>
  </include>
  <control type="label" id="8031$SKINSHORTCUTS[id]">
    <left>4000</left>
    <label>*$SKINSHORTCUTS[target]$SKINSHORTCUTS[content]$SKINSHORTCUTS[widget]*</label>
  </control>
  <control type="label" id="8041$SKINSHORTCUTS[id]">
    <left>4000</left>
    <label>$SKINSHORTCUTS[StylePanneau]</label>
  </control>

</control>
</controls>
</other>



<other include="widget2"> <!-- Widget Liste -->
  <condition tag="property" attribute="name|widgetStyle.2">List</condition>
  <condition tag="property" attribute="name|widget.2" />
  <match>all</match>
  <property name="id" tag="mainmenuid" />
  <property name="widget" tag="property" attribute="name|widget.2" />
  <property name="widgettype" tag="property" attribute="name|widgetType.2" />
  <property name="content" tag="property" attribute="name|widgetPath.2" />
  <property name="target" tag="property" attribute="name|widgetTarget.2" />
  <property name="label" tag="property" attribute="name|widgetName.2" />
  <property name="sortby" tag="property" attribute="name|widgetSort.2" />
  <property name="sort" tag="property" attribute="name|widgetSortOrder.2" />
  <property name="showme" tag="property" attribute="name|widgetShow.2" />
  <property name="top">0</property>


  <controls>
    <control type="group">
      <skinshortcuts>visibility</skinshortcuts>
      <include content="AnimationWidget2">
        <param name="id">$SKINSHORTCUTS[id]</param>
      </include>
      <!-- Widget -->
      <control type="group">
        <posy>-10</posy>
        <animation effect="slide" end="-80,0"  time="0"  reversible="true"  condition="Control.HasFocus(8021$SKINSHORTCUTS[id])">Conditional</animation>

        <control type="group">
          <visible>!Control.HasFocus(8021$SKINSHORTCUTS[id])+[Skin.HasSetting(ShowFullWidgets)|!String.IsEmpty(Container(9000).ListItem.Property(widgetShow.2))]</visible>
          <control type="image">
            <left>10</left>
            <width>710</width>
            <height>300</height>
            <bordersize>8</bordersize>
            <bordertexture border="8" colordiffuse="FFFFFFFF">landscape.png</bordertexture>
            <aspectratio scalediffuse="true" align="center" aligny="center">stretch</aspectratio>
            <texture colordiffuse="A0FFFFFF">black.png</texture>
          </control>
          <control type="image">
            <left>10</left>
            <width>210</width>
            <height>300</height>
            <aspectratio scalediffuse="true" align="center" aligny="center">keep</aspectratio>
            <bordersize>20</bordersize>
            <bordertexture border="20" colordiffuse="FFFFFFFF">frames/Menu_Glass2b.png</bordertexture>
            <fadetime>800</fadetime>
            <texture diffuse="showcase_matte.png">$VAR[HomeWidgetPosterVarList8021$SKINSHORTCUTS[id]]</texture>

          </control>
        </control>



        <control type="image">
          <top>-150</top>
          <left>0</left>
          <width>360</width>
          <height>450</height>
          <aspectratio scalediffuse="true" align="center" aligny="center">keep</aspectratio>
          <bordersize>22</bordersize>
          <bordertexture border="22" colordiffuse="FFFFFFFF">frames/Menu_Glass2b.png</bordertexture>
          <texture diffuse="showcase_matte.png">$VAR[HomeWidgetPosterVarList8021$SKINSHORTCUTS[id]]</texture>
          <visible>Control.HasFocus(8021$SKINSHORTCUTS[id])</visible>
        </control>
        <control type="grouplist">
          <top>20</top>
          <height>290</height>
          <left>220</left>
          <width>370</width>
          <visible>!Control.HasFocus(8021$SKINSHORTCUTS[id])</visible>

          <include content="commonwidgetitemliste">
            <param name="ContainerID">8021$SKINSHORTCUTS[id]</param>
            <param name="OffsetID" >0</param>
          </include>
          <include content="commonwidgetitemliste">
            <param name="ContainerID">8021$SKINSHORTCUTS[id]</param>
            <param name="OffsetID" >1</param>
          </include>
          <include content="commonwidgetitemliste">
            <param name="ContainerID">8021$SKINSHORTCUTS[id]</param>
            <param name="OffsetID" >2</param>
          </include>
          <include content="commonwidgetitemliste">
            <param name="ContainerID">8021$SKINSHORTCUTS[id]</param>
            <param name="OffsetID" >3</param>
          </include>
          <include content="commonwidgetitemliste">
            <param name="ContainerID">8021$SKINSHORTCUTS[id]</param>
            <param name="OffsetID" >4</param>
          </include>
          <include content="commonwidgetitemliste">
            <param name="ContainerID">8021$SKINSHORTCUTS[id]</param>
            <param name="OffsetID" >5</param>
          </include>
          <include content="commonwidgetitemliste">
            <param name="ContainerID">8021$SKINSHORTCUTS[id]</param>
            <param name="OffsetID" >6</param>
          </include>
          <include content="commonwidgetitemliste">
            <param name="ContainerID">8021$SKINSHORTCUTS[id]</param>
            <param name="OffsetID" >7</param>
          </include>
          <include content="commonwidgetitemliste">
            <param name="ContainerID">8021$SKINSHORTCUTS[id]</param>
            <param name="OffsetID" >8</param>
          </include>
          <include content="commonwidgetitemliste">
            <param name="ContainerID">8021$SKINSHORTCUTS[id]</param>
            <param name="OffsetID" >9</param>
          </include>



        </control>
        <control type="label" id="8032$SKINSHORTCUTS[id]">
          <left>4000</left>
          <label>*$SKINSHORTCUTS[target]$SKINSHORTCUTS[content]$SKINSHORTCUTS[widget]*</label>
        </control>
        <control type="list" id="8021$SKINSHORTCUTS[id]">
          <left>360</left>
          <top>-120</top>
          <width>630</width>
          <height>390</height>
          <onright condition="Integer.IsGreater(Container(8011$SKINSHORTCUTS[id]).NumItems,0)|String.IsEqual(Container(9000).ListItem.Property(widget),WeatherForecast)|String.IsEqual(Container(9000).ListItem.Property(widget),SystemInfo)">9022</onright>
          <onleft condition="Integer.IsGreater(Container(8011$SKINSHORTCUTS[id]).NumItems,0)|String.IsEqual(Container(9000).ListItem.Property(widget),WeatherForecast)|String.IsEqual(Container(9000).ListItem.Property(widget),SystemInfo)">9022</onleft>


          <animation type="Conditional" condition="!Control.HasFocus(8021$SKINSHORTCUTS[id])">
            <effect type="slide" start="0,0" end="2000,0" time="1" />
          </animation>
          <onunfocus>SetProperty(WidgetActifFanart,,Home)</onunfocus>
          <onback>9000</onback>
          <autoscroll delay="8000" repeat="10000" time="10000">Skin.HasSetting(AutoRotateWidget)+[Control.HasFocus(9000)|Control.HasFocus(9001)]</autoscroll>
          <viewtype>list</viewtype>
          <orientation>vertical</orientation>
          <preloaditems>2</preloaditems>
          <scrolltime >300</scrolltime>
          <itemlayout width="620" height="30">
            <control type="label">
              <left>6</left>
              <width>620</width>
              <height>28</height>
              <align>left</align>
              <aligny>center</aligny>
              <scrollout>false</scrollout>
              <scrollspeed>20</scrollspeed>
              <font>impact35</font>
              <textcolor>yellow</textcolor>
              <label>$VAR[GlobalWidgetLabel2]</label>
            </control>
          </itemlayout>
          <focusedlayout width="550" height="30">
            <!-- Focus Bar -->
            <control type="button">
              <onfocus condition="Control.HasFocus(8021$SKINSHORTCUTS[id])">SetProperty(WidgetActifFanart,$INFO[Container(8021$SKINSHORTCUTS[id]).ListItem.Art(fanart)],Home)</onfocus>
            </control>
            <control type="image">
              <width>620</width>
              <height>28</height>
              <aligny>center</aligny>
              <texture>FocusLine.png</texture>
              <colordiffuse>FocusBar</colordiffuse>
              <visible>Control.HasFocus(8021$SKINSHORTCUTS[id])</visible>
            </control>
            <control type="label" >
              <left>6</left>
              <width>620</width>
              <height>28</height>
              <align>left</align>
              <aligny>center</aligny>
              <scrollout>false</scrollout>
              <pauseatend>600</pauseatend>
              <scrollspeed>20</scrollspeed>
              <font>impact35</font>
              <textcolor>white</textcolor>
              <label>$VAR[GlobalWidgetLabel2]</label>
            </control>
          </focusedlayout>
          <content target="$SKINSHORTCUTS[target]" sortby="$SKINSHORTCUTS[sortby]" sortorder="$SKINSHORTCUTS[sort]">$SKINSHORTCUTS[content]</content>
        </control>
        <!--- nom widget -->
        <control type="group">
          <left>-285</left>
          <visible>Integer.IsGreater(Container(8021$SKINSHORTCUTS[id]).NumItems,0)+!Control.HasFocus(8021$SKINSHORTCUTS[id])</visible>

          <control type="button">
            <onfocus>setFocus(8021$SKINSHORTCUTS[id])</onfocus>
            <include>CommonWidgetName</include>
            <label>$INFO[Container(9000).ListItem.Property(widgetName.2)]</label>
            <animation type="Conditional" condition="Control.HasFocus(8011$SKINSHORTCUTS[id])">
              <effect type="slide" end="0,205" time="1" />
            </animation>
            <animation type="Conditional" condition="!Control.HasFocus(8011$SKINSHORTCUTS[id])+[!String.IsEmpty(Container(9000).ListItem.Property(widgetShow.2))|Skin.HasSetting(ShowFullWidgets)]">
              <effect type="slide" end="0,-75" time="1" />

            </animation>
          </control>

        </control>
        <!-- apercu -->
        <control type="group">
          <visible>!Control.HasFocus(8011$SKINSHORTCUTS[id])+!Control.HasFocus(8021$SKINSHORTCUTS[id])+!Skin.HasSetting(ShowFullWidgets)+String.IsEmpty(Container(9000).ListItem.Property(widgetShow.2))</visible>
          <control type="image">
            <width>345</width>
            <height>300</height>
            <left>-420</left>
            <aspectratio scalediffuse="true" align="right" aligny="center">keep</aspectratio>
            <bordersize>20</bordersize>
            <bordertexture border="20" colordiffuse="FFFFFFFF">frames/Menu_Glass2b.png</bordertexture>
            <fadetime>800</fadetime>
            <texture diffuse="showcase_matte.png">$VAR[HomeWidgetPosterVarList8021$SKINSHORTCUTS[id]]</texture>
          </control>
        </control>
      </control>
      <!-- Affichage Plot,etc .... -->
      <include content="Widget2PlotInfo">
        <param name="id">$SKINSHORTCUTS[id]</param>
      </include>


    </control>
  </controls>
</other>


<other include="widget2"><!-- Widget Panneau -->

  <condition tag="property" attribute="name|widget.2" />
  <match>all</match>
  <property name="id" tag="mainmenuid" />
  <property name="widget" tag="property" attribute="name|widget.2" />
  <property name="widgettype" tag="property" attribute="name|widgetType.2" />
  <property name="content" tag="property" attribute="name|widgetPath.2" />
  <property name="target" tag="property" attribute="name|widgetTarget.2" />
  <property name="label" tag="property" attribute="name|widgetName.2" />
  <property name="sortby" tag="property" attribute="name|widgetSort.2" />
  <property name="sort" tag="property" attribute="name|widgetSortOrder.2" />
  <property name="StylePanneau" tag="property" attribute="name|widgetStyle.2" />
  <property name="top">0</property>

  <controls>
    <control type="group">
      <skinshortcuts>visibility</skinshortcuts>
      <include content="AnimationWidget2">
        <param name="id">$SKINSHORTCUTS[id]</param>
      </include>

      <control type="group">
        <posy>-10</posy>

        <control type="list" id="8021$SKINSHORTCUTS[id]">
          <width>1805</width>
          <height>300</height>
          <animation effect="slide" end="0,40" condition="String.Contains(Control.getLabel(8042$SKINSHORTCUTS[id]),land)">Conditional</animation>
          <onunfocus>SetProperty(WidgetActifFanart,,Home)</onunfocus>
          <onup condition="Integer.IsGreater(Container(8011$SKINSHORTCUTS[id]).NumItems,0)|String.IsEqual(Container(9000).ListItem.Property(widget),WeatherForecast)|String.IsEqual(Container(9000).ListItem.Property(widget),SystemInfo)">9022</onup>
          <ondown condition="Integer.IsGreater(Container(8011$SKINSHORTCUTS[id]).NumItems,0)|String.IsEqual(Container(9000).ListItem.Property(widget),WeatherForecast)|String.IsEqual(Container(9000).ListItem.Property(widget),SystemInfo)">9022</ondown>
          <onback>9000</onback>
          <align>center</align>
          <orientation>horizontal</orientation>
          <preloaditems>0</preloaditems>
          <autoscroll delay="8000" repeat="10000" time="10000">Skin.HasSetting(AutoRotateWidget)+[Control.HasFocus(9000)|Control.HasFocus(9001)]</autoscroll>
          <itemlayout width="225" height="300" condition="!String.Contains(Control.getLabel(8042$SKINSHORTCUTS[id]),land)+!String.Contains(Control.getLabel(8032$SKINSHORTCUTS[id]),music)+!String.Contains(Control.getLabel(8032$SKINSHORTCUTS[id]),addons)">
            <control type="image">
              <width>210</width>
              <aspectratio scalediffuse="true"  align="center" aligny="center">stretch</aspectratio>
              <bordersize>20</bordersize>
              <bordertexture border="20" colordiffuse="FFFFFFFF">frames/Menu_Glass2b.png</bordertexture>
              <texture diffuse="showcase_matte.png">$VAR[HomeWidgetPosterVar]</texture>
              <animation type="Conditional" reversible="false" condition="Control.HasFocus(8021$SKINSHORTCUTS[id])">
                <effect type="zoom" center="auto" start="100" end="95" time="500" tween="bounce" easy="out"  />
              </animation>
            </control>

            <control type="group">
              <top>55</top>
              <left>45</left>
              <visible>String.IsEmpty(ListItem.Art(poster))+String.IsEmpty(ListItem.Art(tvshow.poster))+String.Contains(ListItem.Icon,default)+String.IsEmpty(ListItem.Art(thumb))+String.IsEmpty(ListItem.Art(fanart))</visible>
              <animation type="Conditional" reversible="false" condition="Control.HasFocus(8021$SKINSHORTCUTS[id])">
                <effect type="zoom" center="auto" start="100" end="95" time="500" tween="bounce" easy="out"  />
              </animation>
              <animation type="Conditional" condition="true">
                <effect type="rotate" center="45,55" end="-45" time="1" />
              </animation>
              <width>200</width>
              <height>40</height>
              <control type="label">
                <width max="200">auto</width>
                <height>40</height>

                <align>center</align>
                <aligny>center</aligny>
                <font>defaut24</font>
                <textcolor>black</textcolor>
                <shadowcolor>white</shadowcolor>
                <label>$VAR[GlobalWidgetLabel]</label>

                <shadowcolor>FF000000</shadowcolor>
                <textoffsetx>5</textoffsetx>
                <texturenofocus />
              </control>
            </control>
            <control type="group">
              <left>20</left>
              <top>260</top>
              <include>OverlayProgress</include>
            </control>
          </itemlayout>
          <focusedlayout width="225" height="300" condition="!String.Contains(Control.getLabel(8042$SKINSHORTCUTS[id]),land)+!String.Contains(Control.getLabel(8032$SKINSHORTCUTS[id]),music)+!String.Contains(Control.getLabel(8032$SKINSHORTCUTS[id]),addons)">
            <control type="button">
              <onfocus condition="Control.HasFocus(8021$SKINSHORTCUTS[id])">SetProperty(WidgetActifFanart,$INFO[Container(8021$SKINSHORTCUTS[id]).ListItem.Art(fanart)],Home)</onfocus>
            </control>
            <control type="group">
              <animation type="Focus" reversible="false">
                <effect type="zoom" center="auto" start="98" end="140" time="250"  />
              </animation>
              <control type="image">
                <width>210</width>
                <aspectratio scalediffuse="true" align="center" aligny="center">stretch</aspectratio>
                <texture diffuse="showcase_matte.png">$VAR[HomeWidgetPosterVar]</texture>
                <bordersize>20</bordersize>
                <bordertexture border="20" colordiffuse="FFFFFFFF">frames/Menu_Glass2b.png</bordertexture>

              </control>
              <control type="group">
                <visible>String.IsEmpty(ListItem.Art(poster))+String.IsEmpty(ListItem.Art(tvshow.poster))+String.Contains(ListItem.Icon,default)+String.IsEmpty(ListItem.Art(thumb))+String.IsEmpty(ListItem.Art(fanart))</visible>
                <top>55</top>
                <left>45</left>

                <animation type="Conditional" condition="true">
                  <effect type="rotate" center="45,55" end="-45" time="1" />
                </animation>
                <width>200</width>
                <height>40</height>

                <control type="label">

                  <width>200</width>
                  <align>center</align>
                  <aligny>center</aligny>
                  <font>defaut24</font>
                  <textcolor>black</textcolor>
                  <shadowcolor>white</shadowcolor>
                  <label>$VAR[GlobalWidgetLabel]</label>
                </control>
              </control>
              <control type="group">
                <left>20</left>
                <top>260</top>
                <include content="OverlayProgressWidget">
                  <param name="ContainerID">8021$SKINSHORTCUTS[id]</param>
                  <param name="OffsetID"></param>
                  <param name="Hauteur">20</param>
                  <param name="Largeur">70</param>
                  <param name="PositionY">0</param>

                </include>
              </control>
            </control>
          </focusedlayout>

          <itemlayout width="365" height="230" condition="String.Contains(Control.getLabel(8042$SKINSHORTCUTS[id]),land)+!String.Contains(Control.getLabel(8032$SKINSHORTCUTS[id]),music)+!String.Contains(Control.getLabel(8032$SKINSHORTCUTS[id]),addons)">
            <control type="image">
              <aspectratio scalediffuse="true"  align="center" aligny="center">stretch</aspectratio>
              <bordersize>20</bordersize>
              <bordertexture border="20" colordiffuse="FFFFFFFF">frames/Menu_Glass2b.png</bordertexture>
              <texture diffuse="showcase_matte.png">$VAR[HomeWidgetPosterVarLand]</texture>
              <animation type="Conditional" reversible="false" condition="Control.HasFocus(8021$SKINSHORTCUTS[id])">
                <effect type="zoom" center="auto" start="100" end="95" time="500" tween="bounce" easy="out"  />
              </animation>
            </control>
            <control type="label">
              <top>210</top>
              <font>METF_StarRating22</font>
              <align>center</align>
              <label>$INFO[ListItem.TvShowTitle]</label>
              <visible>String.Contains(ListItem.DbType,episode)</visible>
            </control>

            <control type="group">
              <top>55</top>
              <left>45</left>
              <visible>String.IsEmpty(ListItem.Art(poster))+String.IsEmpty(ListItem.Art(tvshow.poster))+String.Contains(ListItem.Icon,default)+String.IsEmpty(ListItem.Art(thumb))+String.IsEmpty(ListItem.Art(fanart))</visible>
              <animation type="Conditional" reversible="false" condition="Control.HasFocus(8021$SKINSHORTCUTS[id])">
                <effect type="zoom" center="auto" start="100" end="95" time="500" tween="bounce" easy="out"  />
              </animation>
              <animation type="Conditional" condition="true">
                <effect type="rotate" center="45,55" end="-45" time="1" />
              </animation>
              <width>200</width>
              <height>40</height>
              <control type="label">
                <width max="200">auto</width>
                <height>40</height>

                <align>center</align>
                <aligny>center</aligny>
                <font>defaut24</font>
                <textcolor>black</textcolor>
                <shadowcolor>white</shadowcolor>
                <label>$VAR[GlobalWidgetLabel]</label>

                <shadowcolor>FF000000</shadowcolor>
                <textoffsetx>5</textoffsetx>
                <texturenofocus />
              </control>
              </control>
              <control type="group">
                <left>20</left>
                <top>260</top>
                <include>OverlayProgress</include>
              </control>
          </itemlayout>
          <focusedlayout width="345" height="230" condition="String.Contains(Control.getLabel(8042$SKINSHORTCUTS[id]),land)+!String.Contains(Control.getLabel(8032$SKINSHORTCUTS[id]),music)+!String.Contains(Control.getLabel(8032$SKINSHORTCUTS[id]),addons)">
            <control type="button">
              <onfocus condition="Control.HasFocus(8021$SKINSHORTCUTS[id])">SetProperty(WidgetActifFanart,$INFO[Container(8021$SKINSHORTCUTS[id]).ListItem.Art(fanart)],Home)</onfocus>
            </control>
            <control type="group">
              <animation type="Focus" reversible="false">
                <effect type="zoom" center="auto" start="98" end="140" time="250"  />
              <!-- <effect type="slide" end="-40,-70"  /> -->
            </animation>
            <control type="image">
              <aspectratio scalediffuse="true" align="center" aligny="center">stretch</aspectratio>
              <texture diffuse="showcase_matte.png">$VAR[HomeWidgetPosterVarLand]</texture>
              <bordersize>20</bordersize>
              <bordertexture border="20" colordiffuse="FFFFFFFF">frames/Menu_Glass2b.png</bordertexture>
              
              </control>
              <control type="label">
                <top>210</top>
                <font>METF_StarRating22</font>
                <align>center</align>
                <label>$INFO[ListItem.TvShowTitle]</label>
                <visible>!Control.HasFocus(8021$SKINSHORTCUTS[id])+String.Contains(ListItem.DbType,episode)</visible>
              </control>
              <control type="group">
                <visible>String.IsEmpty(ListItem.Art(poster))+String.IsEmpty(ListItem.Art(tvshow.poster))+String.Contains(ListItem.Icon,default)+String.IsEmpty(ListItem.Art(thumb))+String.IsEmpty(ListItem.Art(fanart))</visible>
                <top>55</top>
                <left>45</left>

                <animation type="Conditional" condition="true">
                  <effect type="rotate" center="45,55" end="-45" time="1" />
                </animation>
                <width>200</width>
                <height>40</height>

                <control type="label">

                  <width>200</width>
                  <align>center</align>
                  <aligny>center</aligny>
                  <font>defaut24</font>
                  <textcolor>black</textcolor>
                  <shadowcolor>white</shadowcolor>
                  <label>$VAR[GlobalWidgetLabel]</label>
                </control>
              </control>
              <control type="group">
                <left>20</left>
                <top>260</top>
                <include content="OverlayProgressWidget">
                  <param name="ContainerID">8021$SKINSHORTCUTS[id]</param>
                  <param name="OffsetID"></param>
                  <param name="Hauteur">20</param>
                  <param name="Largeur">70</param>
                  <param name="PositionY">0</param>

                </include>
              </control>
            </control>
          </focusedlayout>

          <itemlayout width="300" height="300" condition="String.Contains(Control.getLabel(8032$SKINSHORTCUTS[id]),music)|String.Contains(Control.getLabel(8032$SKINSHORTCUTS[id]),addons)">
            <control type="image">
              <width>300</width>
              <aspectratio scalediffuse="true"  align="center" aligny="center">stretch</aspectratio>
              <bordersize>20</bordersize>
              <bordertexture border="20" colordiffuse="FFFFFFFF">frames/Menu_Glass2b.png</bordertexture>
              <texture diffuse="showcase_matte.png">$VAR[HomeWidgetPosterVar]</texture>
              <animation type="Conditional" reversible="false" condition="Control.HasFocus(8021$SKINSHORTCUTS[id])">
                <effect type="zoom" center="auto" start="100" end="95" time="500" tween="bounce" easy="out"  />
              </animation>
            </control>

            <control type="group">
              <top>55</top>
              <left>45</left>
              <visible>String.IsEmpty(ListItem.Art(poster))+String.IsEmpty(ListItem.Art(tvshow.poster))+String.Contains(ListItem.Icon,default)+String.IsEmpty(ListItem.Art(thumb))+String.IsEmpty(ListItem.Art(fanart))</visible>
              <animation type="Conditional" reversible="false" condition="Control.HasFocus(8021$SKINSHORTCUTS[id])">
                <effect type="zoom" center="auto" start="100" end="95" time="500" tween="bounce" easy="out"  />
              </animation>
              <animation type="Conditional" condition="true">
                <effect type="rotate" center="45,55" end="-45" time="1" />
              </animation>
              <width>200</width>
              <height>40</height>
              <control type="label">
                <width max="200">auto</width>
                <height>40</height>

                <align>center</align>
                <aligny>center</aligny>
                <font>defaut24</font>
                <textcolor>black</textcolor>
                <shadowcolor>white</shadowcolor>
                <label>$VAR[GlobalWidgetLabel]</label>

                <shadowcolor>FF000000</shadowcolor>
                <textoffsetx>5</textoffsetx>
                <texturenofocus />
              </control>
            </control>
          </itemlayout>
          <focusedlayout width="300" height="300" condition="String.Contains(Control.getLabel(8032$SKINSHORTCUTS[id]),music)|String.Contains(Control.getLabel(8032$SKINSHORTCUTS[id]),addons)">
            <control type="button">

              <onfocus condition="Control.HasFocus(8021$SKINSHORTCUTS[id])">SetProperty(WidgetActifFanart,$INFO[Container(8021$SKINSHORTCUTS[id]).ListItem.Art(fanart)],Home)</onfocus>
            </control>

            <control type="image">
              <width>300</width>
              <aspectratio scalediffuse="true" align="center" aligny="center">stretch</aspectratio>
              <texture diffuse="showcase_matte.png">$VAR[HomeWidgetPosterVar]</texture>
              <bordersize>20</bordersize>
              <bordertexture border="20" colordiffuse="FFFFFFFF">frames/Menu_Glass2b.png</bordertexture>
              <animation type="Focus" reversible="false">
                <effect type="zoom" center="auto" start="100" end="120" time="250"  />
              </animation>
            </control>
            <control type="group">
              <visible>String.IsEmpty(ListItem.Art(poster))+String.IsEmpty(ListItem.Art(tvshow.poster))+String.Contains(ListItem.Icon,default)+String.IsEmpty(ListItem.Art(thumb))+String.IsEmpty(ListItem.Art(fanart))</visible>
              <top>55</top>
              <left>45</left>

              <animation type="Conditional" condition="true">
                <effect type="rotate" center="45,55" end="-45" time="1" />
              </animation>
              <width>200</width>
              <height>40</height>

              <control type="label">

                <width>200</width>
                <align>center</align>
                <aligny>center</aligny>
                <font>defaut24</font>
                <textcolor>black</textcolor>
                <shadowcolor>white</shadowcolor>
                <label>$VAR[GlobalWidgetLabel]</label>
              </control>
            </control>
          </focusedlayout>
          <content target="$SKINSHORTCUTS[target]" sortby="$SKINSHORTCUTS[sortby]" sortorder="$SKINSHORTCUTS[sort]">$SKINSHORTCUTS[content]</content>
        </control>


        <control type="group">

          <control type="grouplist">
            <align>center</align>
            <orientation>horizontal</orientation>
            <visible>!Control.HasFocus(8021$SKINSHORTCUTS[id])+!Skin.HasSetting(ShowFullWidgets)+String.IsEmpty(Container(9000).ListItem.Property(widgetShow))</visible>

            <visible>String.IsEmpty(Container(8021$SKINSHORTCUTS[id]).ListItem.Art(poster))+String.IsEmpty(Container(8021$SKINSHORTCUTS[id]).ListItem.Art(tvshow.poster))+String.Contains(Container(8021$SKINSHORTCUTS[id]).ListItem.Icon,default)+String.IsEmpty(Container(8021$SKINSHORTCUTS[id]).ListItem.Art(thumb))+String.IsEmpty(Container(8021$SKINSHORTCUTS[id]).ListItem.Art(fanart))</visible>
            <animation type="Conditional" condition="true">
              <effect type="rotate" center="0,0" end="-45" time="1" />
            </animation>
            <width>305</width>
            <height>40</height>

            <control type="button">
              <width max="280">auto</width>
              <height>40</height>

              <align>center</align>
              <aligny>center</aligny>
              <font>defaut24</font>
              <textcolor>black</textcolor>
              <shadowcolor>white</shadowcolor>
              <label>$VAR[GlobalWidgetLabel8021$SKINSHORTCUTS[id]]</label>

              <textoffsetx>5</textoffsetx>
              <texturenofocus />
            </control>



          </control>
          <!--- nom widget -->
          <control type="group">
            <left>-285</left>
            <visible>Integer.IsGreater(Container(8021$SKINSHORTCUTS[id]).NumItems,0)+!Control.HasFocus(8021$SKINSHORTCUTS[id])</visible>

            <control type="button">
              <onfocus>setFocus(8021$SKINSHORTCUTS[id])</onfocus>
              <include>CommonWidgetName</include>
              <label>$INFO[Container(9000).ListItem.Property(widgetName.2)]</label>
              <animation type="Conditional" condition="Control.HasFocus(8011$SKINSHORTCUTS[id])">
                <effect type="slide" end="0,205" time="1" />
              </animation>
              <animation type="Conditional" condition="!Control.HasFocus(8011$SKINSHORTCUTS[id])+[!String.IsEmpty(Container(9000).ListItem.Property(widgetShow.2))|Skin.HasSetting(ShowFullWidgets)]">
                <effect type="slide" end="0,-75" time="1" />

              </animation>
            </control>

          </control>
        </control>
        <!-- apercu -->
        <control type="group">
          <visible>!Control.HasFocus(8011$SKINSHORTCUTS[id])+!Control.HasFocus(8021$SKINSHORTCUTS[id])+!Skin.HasSetting(ShowFullWidgets)+String.IsEmpty(Container(9000).ListItem.Property(widgetShow.2))</visible>
          <control type="image">
            <width>345</width>
            <height>300</height>
            <left>-420</left>
            <aspectratio scalediffuse="true" align="right" aligny="center">keep</aspectratio>
            <bordersize>20</bordersize>
            <bordertexture border="20" colordiffuse="FFFFFFFF">frames/Menu_Glass2b.png</bordertexture>
            <fadetime>800</fadetime>
            <texture diffuse="showcase_matte.png">$VAR[HomeWidgetPosterVarList8021$SKINSHORTCUTS[id]]</texture>
          </control>
        </control>
      </control>

      <!-- Affichage Plot,etc .... -->
      <include content="Widget2PlotInfo">
        <param name="id">$SKINSHORTCUTS[id]</param>
        <param name="orientation">Down</param>
        <param name="orientation2">Up</param>
      </include>
      <control type="label" id="8032$SKINSHORTCUTS[id]">
        <left>4000</left>
        <label>*$SKINSHORTCUTS[target]$SKINSHORTCUTS[content]$SKINSHORTCUTS[widget]*</label>
      </control>
      <control type="label" id="8042$SKINSHORTCUTS[id]">
        <left>4000</left>
        <label>$SKINSHORTCUTS[StylePanneau]</label>
      </control>


    </control>
  </controls>
</other>


<!-- ************** VARIABLES *********** -->
<other include="WidgetVars">

  <property name="id" tag="mainmenuid" />

  <variables>
    <variable name="HWidgetLabel8011$SKINSHORTCUTS[id]">
      <value condition="Control.HasFocus(8011$SKINSHORTCUTS[id])">[I] ($INFO[Container(8011$SKINSHORTCUTS[id]).CurrentItem]/$INFO[Container(8011$SKINSHORTCUTS[id]).NumItems])[/I]</value>
    </variable>
    <variable name="HWidgetLabel8021$SKINSHORTCUTS[id]">
      <value condition="Control.HasFocus(8021$SKINSHORTCUTS[id])">[I] ($INFO[Container(8021$SKINSHORTCUTS[id]).CurrentItem]/$INFO[Container(8021$SKINSHORTCUTS[id]).NumItems])[/I]</value>
    </variable>
    <variable name="GlobalWidgetLabel8011$SKINSHORTCUTS[id]">
      <value condition="String.Contains(Container(9000).ListItem.Property(widget),RecentlyAddedMovies)
        |String.Contains(Container(9000).ListItem.Property(widget),RecommendedMovies)
      |String.Contains(Container(9000).ListItem.Property(widget),RandomMovies)">$INFO[Container(8011$SKINSHORTCUTS[id]).ListItem.Title]$INFO[Container(8011$SKINSHORTCUTS[id]).ListItem.Year, (,)]</value>
      <value condition="String.Contains(Container(9000).ListItem.Property(widget),RecentlyAddedEpisodes)|String.Contains(Container(9000).ListItem.Property(widget),RandomEpisodes)|String.Contains(Container(9000).ListItem.Property(widget),RecommendedEpisodes)">$INFO[Container(8011$SKINSHORTCUTS[id]).ListItem.TVShowTitle] - $INFO[Container(8011$SKINSHORTCUTS[id]).ListItem.Season,S,E]$INFO[Container(8011$SKINSHORTCUTS[id]).ListItem.Episode,,: ]$INFO[Container(8011$SKINSHORTCUTS[id]).ListItem.Title]</value>
      <value condition="String.Contains(Container(9000).ListItem.Property(widget),RecentlyAddedAlbums)|String.Contains(Container(9000).ListItem.Property(widget),RandomAlbums)|String.Contains(Container(9000).ListItem.Property(widget),RecommendedAlbums)|String.Contains(Container(9000).ListItem.Property(widget),RandomSongs)">$INFO[Container(8011$SKINSHORTCUTS[id]).ListItem.Artist] - $INFO[Container(8011$SKINSHORTCUTS[id]).ListItem.Title]$INFO[Container(8011$SKINSHORTCUTS[id]).ListItem.Year, (,)]</value>
      <value condition="String.Contains(Container(9000).ListItem.Property(widget),NAired)|String.Contains(Container(9000).ListItem.Property(widgetpath),nextaired)">$INFO[Container(8011$SKINSHORTCUTS[id]).ListItem.Label] : [COLOR=FF7F7F7F]$INFO[Container(8011$SKINSHORTCUTS[id]).ListItem.Property(airday)] $INFO[Container(8011$SKINSHORTCUTS[id]).ListItem.Property(airdate)][/COLOR]</value>
      <value condition="String.Contains(Container(9000).ListItem.Property(widget),Playlist) + String.IsEmpty(Container(8000).ListItem.TVShowTitle)">$INFO[Container(8011$SKINSHORTCUTS[id]).ListItem.Title]$INFO[Container(8011$SKINSHORTCUTS[id]).ListItem.Year, (,)]</value>
      <value condition="String.Contains(Container(9000).ListItem.Property(widget),Playlist) + !String.Contains(ListItem.Title,ListItem.TVShowTitle) + !String.IsEmpty(Container(8000).ListItem.TVShowTitle)">$INFO[Container(8011$SKINSHORTCUTS[id]).ListItem.TVShowTitle] - $INFO[Container(8011$SKINSHORTCUTS[id]).ListItem.Season,S,]$INFO[Container(8011$SKINSHORTCUTS[id]).ListItem.Episode,E,. ]$INFO[Container(8011$SKINSHORTCUTS[id]).ListItem.Title]</value>
      <value>$INFO[Container(8011$SKINSHORTCUTS[id]).ListItem.Label]</value>
    </variable>
    <variable name="HomeWidgetPosterVarList8011$SKINSHORTCUTS[id]">
      <value condition="String.Contains(Container(8011$SKINSHORTCUTS[id]).ListItem.DbType,genre)">moviegenres/$INFO[Container(8011$SKINSHORTCUTS[id]).ListItem.Label].jpg</value>
      <value condition="String.Contains(Control.getLabel(8041$SKINSHORTCUTS[id]),land)+!String.IsEmpty(Container(8011$SKINSHORTCUTS[id]).ListItem.Art(landscape))">$INFO[Container(8011$SKINSHORTCUTS[id]).ListItem.Art(landscape)]</value>
      <value condition="String.Contains(Control.getLabel(8041$SKINSHORTCUTS[id]),land)+!String.IsEmpty(Container(8011$SKINSHORTCUTS[id]).ListItem.Art(thumb))">$INFO[Container(8011$SKINSHORTCUTS[id]).ListItem.Art(thumb)]</value>
      <value condition="String.Contains(Control.getLabel(8041$SKINSHORTCUTS[id]),land)+!String.IsEmpty(Container(8011$SKINSHORTCUTS[id]).ListItem.Art(fanart))">$INFO[Container(8011$SKINSHORTCUTS[id]).ListItem.Art(fanart)]</value>

      <value condition="!String.IsEmpty(Container(8011$SKINSHORTCUTS[id]).ListItem.Art(poster))">$INFO[Container(8011$SKINSHORTCUTS[id]).ListItem.Art(poster)]</value>
      <value condition="!String.IsEmpty(Container(8011$SKINSHORTCUTS[id]).ListItem.Art(tvshow.poster))">$INFO[Container(8011$SKINSHORTCUTS[id]).ListItem.Art(tvshow.poster)]</value>
      <value condition="!String.Contains(Container(8011$SKINSHORTCUTS[id]).ListItem.Icon,default)">$INFO[Container(8011$SKINSHORTCUTS[id]).ListItem.Icon]</value>
      <value condition="!String.IsEmpty(Container(8011$SKINSHORTCUTS[id]).ListItem.Art(thumb))">$INFO[Container(8011$SKINSHORTCUTS[id]).ListItem.Art(thumb)]</value>
      <value condition="!String.IsEmpty(Container(8011$SKINSHORTCUTS[id]).ListItem.Art(fanart))">$INFO[Container(8011$SKINSHORTCUTS[id]).ListItem.Art(fanart)]</value>
      <value condition="String.Contains(Container(8011$SKINSHORTCUTS[id]).ListItem.DbType,album)|String.Contains(Container(8011$SKINSHORTCUTS[id]).ListItem.DbType,song)|String.Contains(Container(8011$SKINSHORTCUTS[id]).ListItem.DbType,artist)|String.Contains(Container(9000).ListItem.Property(widgetTarget),music)">DefaultMusicSongs.png</value>
      <value condition="String.Contains(Container(8011$SKINSHORTCUTS[id]).ListItem.DbType,episode)|String.Contains(Container(8011$SKINSHORTCUTS[id]).ListItem.DbType,tvshow)">DefaultTVShows.png</value>
      <value condition="String.Contains(Container(8011$SKINSHORTCUTS[id]).ListItem.DbType,movie)|String.Contains(Container(8011$SKINSHORTCUTS[id]).ListItem.DbType,set)">DefaultMovies.png</value>

    </variable>
    <variable name="HomeWidgetArtList8011$SKINSHORTCUTS[id]">
      <value condition="!String.IsEmpty(Container(8011$SKINSHORTCUTS[id]).ListItem.Art(clearart))">$INFO[Container(8011$SKINSHORTCUTS[id]).ListItem.Art(clearart)]</value>
      <value condition="!String.IsEmpty(Container(8011$SKINSHORTCUTS[id]).ListItem.Art(clearlogo))">$INFO[Container(8011$SKINSHORTCUTS[id]).ListItem.Art(clearlogo)]</value>
    </variable>
    <variable name="GlobalWidgetLabel8021$SKINSHORTCUTS[id]">
      <value condition="String.Contains(Container(9000).ListItem.Property(widget.2),RecentlyAddedMovies)|String.Contains(Container(9000).ListItem.Property(widget.2),RecommendedMovies)|String.Contains(Container(9000).ListItem.Property(widget.2),RandomMovies)">$INFO[Container(8021$SKINSHORTCUTS[id]).ListItem.Title]$INFO[Container(8021$SKINSHORTCUTS[id]).ListItem.Year, (,)]</value>
      <value condition="String.Contains(Container(9000).ListItem.Property(widget.2),RecentlyAddedEpisodes)|String.Contains(Container(9000).ListItem.Property(widget.2),RandomEpisodes)|String.Contains(Container(9000).ListItem.Property(widget.2),RecommendedEpisodes)">$INFO[Container(8021$SKINSHORTCUTS[id]).ListItem.TVShowTitle] - $INFO[Container(8021$SKINSHORTCUTS[id]).ListItem.Season,S,E]$INFO[Container(8021$SKINSHORTCUTS[id]).ListItem.Episode,,: ]$INFO[Container(8021$SKINSHORTCUTS[id]).ListItem.Title]</value>
      <value condition="String.Contains(Container(9000).ListItem.Property(widget.2),RecentlyAddedAlbums)|String.Contains(Container(9000).ListItem.Property(widget.2),RandomAlbums)|String.Contains(Container(9000).ListItem.Property(widget.2),RecommendedAlbums)|String.Contains(Container(9000).ListItem.Property(widget.2),RandomSongs)">$INFO[Container(8021$SKINSHORTCUTS[id]).ListItem.Artist] - $INFO[Container(8021$SKINSHORTCUTS[id]).ListItem.Title]$INFO[Container(8021$SKINSHORTCUTS[id]).ListItem.Year, (,)]</value>
      <value condition="String.Contains(Container(9000).ListItem.Property(widget.2),NAired)|String.Contains(Container(9000).ListItem.Property(widgetpath.2),nextaired)">$INFO[Container(8021$SKINSHORTCUTS[id]).ListItem.Label] : [COLOR=FF7F7F7F]$INFO[Container(8021$SKINSHORTCUTS[id]).ListItem.Property(airday)] $INFO[Container(8021$SKINSHORTCUTS[id]).ListItem.Property(airdate)][/COLOR]</value>
      <value condition="String.Contains(Container(9000).ListItem.Property(widget.2),Playlist) + String.IsEmpty(Container(8000).ListItem.TVShowTitle)">$INFO[Container(8021$SKINSHORTCUTS[id]).ListItem.Title]$INFO[Container(8021$SKINSHORTCUTS[id]).ListItem.Year, (,)]</value>
      <value condition="String.Contains(Container(9000).ListItem.Property(widget.2),Playlist) + !String.Contains(ListItem.Title,ListItem.TVShowTitle) + !String.IsEmpty(Container(8000).ListItem.TVShowTitle)">$INFO[Container(8021$SKINSHORTCUTS[id]).ListItem.TVShowTitle] - $INFO[Container(8021$SKINSHORTCUTS[id]).ListItem.Season,S,]$INFO[Container(8021$SKINSHORTCUTS[id]).ListItem.Episode,E,. ]$INFO[Container(8021$SKINSHORTCUTS[id]).ListItem.Title]</value>
      <value>$INFO[Container(8021$SKINSHORTCUTS[id]).ListItem.Label]</value>
    </variable>
    <variable name="HomeWidgetPosterVarList8021$SKINSHORTCUTS[id]">
      <value condition="String.Contains(Container(8021$SKINSHORTCUTS[id]).ListItem.DbType,genre)">moviegenres/$INFO[Container(8021$SKINSHORTCUTS[id]).ListItem.Label].jpg</value>
      <value condition="String.Contains(Control.getLabel(8042$SKINSHORTCUTS[id]),land)+!String.IsEmpty(Container(8021$SKINSHORTCUTS[id]).ListItem.Art(landscape))">$INFO[Container(8021$SKINSHORTCUTS[id]).ListItem.Art(landscape)]</value>
      <value condition="String.Contains(Control.getLabel(8042$SKINSHORTCUTS[id]),land)+!String.IsEmpty(Container(8021$SKINSHORTCUTS[id]).ListItem.Art(thumb))">$INFO[Container(8021$SKINSHORTCUTS[id]).ListItem.Art(thumb)]</value>
      <value condition="String.Contains(Control.getLabel(8042$SKINSHORTCUTS[id]),land)+!String.IsEmpty(Container(8021$SKINSHORTCUTS[id]).ListItem.Art(fanart))">$INFO[Container(8021$SKINSHORTCUTS[id]).ListItem.Art(fanart)]</value>
      <value condition="!String.IsEmpty(Container(8021$SKINSHORTCUTS[id]).ListItem.Art(poster))">$INFO[Container(8021$SKINSHORTCUTS[id]).ListItem.Art(poster)]</value>
      <value condition="!String.IsEmpty(Container(8021$SKINSHORTCUTS[id]).ListItem.Art(tvshow.poster))">$INFO[Container(8021$SKINSHORTCUTS[id]).ListItem.Art(tvshow.poster)]</value>
      <value condition="!String.Contains(Container(8021$SKINSHORTCUTS[id]).ListItem.Icon,default)">$INFO[Container(8021$SKINSHORTCUTS[id]).ListItem.Icon]</value>
      <value condition="!String.IsEmpty(Container(8021$SKINSHORTCUTS[id]).ListItem.Art(thumb))">$INFO[Container(8021$SKINSHORTCUTS[id]).ListItem.Art(thumb)]</value>
      <value condition="!String.IsEmpty(Container(8021$SKINSHORTCUTS[id]).ListItem.Art(fanart))">$INFO[Container(8021$SKINSHORTCUTS[id]).ListItem.Art(fanart)]</value>
      <value condition="String.Contains(Container(8021$SKINSHORTCUTS[id]).ListItem.DbType,album)|String.Contains(Container(8021$SKINSHORTCUTS[id]).ListItem.DbType,song)|String.Contains(Container(8021$SKINSHORTCUTS[id]).ListItem.DbType,artist)|String.Contains(Container(9000).ListItem.Property(widgetTarget.2),music)">DefaultMusicSongs.png</value>
      <value condition="String.Contains(Container(8021$SKINSHORTCUTS[id]).ListItem.DbType,episode)|String.Contains(Container(8021$SKINSHORTCUTS[id]).ListItem.DbType,tvshow)">DefaultTVShows.png</value>
      <value condition="String.Contains(Container(8021$SKINSHORTCUTS[id]).ListItem.DbType,movie)|String.Contains(Container(8021$SKINSHORTCUTS[id]).ListItem.DbType,set)">DefaultMovies.png</value>
      <value condition="String.Contains(Container(9000).ListItem.Property(widget.2),music)">DefaultMovies.png</value>

    </variable>
    <variable name="HomeWidgetArtList8021$SKINSHORTCUTS[id]">
      <value condition="!String.IsEmpty(Container(8021$SKINSHORTCUTS[id]).ListItem.Art(clearart))">$INFO[Container(8021$SKINSHORTCUTS[id]).ListItem.Art(clearart)]</value>
      <value condition="!String.IsEmpty(Container(8021$SKINSHORTCUTS[id]).ListItem.Art(clearlogo))">$INFO[Container(8021$SKINSHORTCUTS[id]).ListItem.Art(clearlogo)]</value>
    </variable>
    <variable name="Wd1Visible">
      <value condition="Container(9000).HasFocus($SKINSHORTCUTS[id])+[Integer.IsGreater(Container(8011$SKINSHORTCUTS[id]).NumItems,0)|String.IsEqual(Container(9000).ListItem.Property(widget),WeatherForecast)|String.IsEqual(Container(9000).ListItem.Property(widget),SystemInfo)]">9022</value>
      <value></value>
    </variable>
    <variable name="Wd2Visible">
      <value condition="Container(9000).HasFocus($SKINSHORTCUTS[id])+[Integer.IsGreater(Container(8021$SKINSHORTCUTS[id]).NumItems,0)|String.IsEqual(Container(9000).ListItem.Property(widget.2),WeatherForecast)|String.IsEqual(Container(9000).ListItem.Property(widget.2),SystemInfo)]">9023</value>
      <value></value>
    </variable>
  </variables>
</other>

</template>