<?xml version='1.0' encoding='UTF-8'?>
<shortcuts>
	
	<shortcut>
		<label>342</label>
		<label2>32034</label2>
		<icon>Aicons/movies.png</icon>
		<action>ActivateWindow(Videos,MovieTitles,return)</action>
		<defaultID>movies</defaultID>
	</shortcut>
	<shortcut>
		<label>20343</label>
		<label2>32034</label2>
		<icon>Aicons/tvshows.png</icon>
		<action>ActivateWindow(Videos,TVShowTitles,return)</action>
		<defaultID>tvshows</defaultID>
	</shortcut>
	<shortcut>
		<label>10006</label>
		<label2>32034</label2>
		<icon>Aicons/videos.png</icon>
		<action>ActivateWindow(Videos)</action>
		<defaultID>videos</defaultID>
	</shortcut>
	<!-- non-standard mainmenu shortcut -->
	<shortcut>
		<label>31334</label>
		<label2>32034</label2>
		<icon>Aicons/trailers.png</icon>
		<action>ActivateWindow(Videos,plugin://plugin.video.itunes_trailers,return)</action>
		<visible>System.HasAddon(plugin.video.itunes_trailers)</visible>
		<defaultID>trailers</defaultID>
	</shortcut>
	<shortcut>
		<label>32022</label>
		<label2>32034</label2>
		<icon>Aicons/livetv.png</icon>
		<action>ActivateWindow(TVChannels)</action>
		<defaultID>livetv</defaultID>
	</shortcut>
	<shortcut>
		<label>10005</label>
		<label2>32034</label2>
		<icon>Aicons/music.png</icon>
		<action>ActivateWindow(Music)</action>
		<defaultID>music</defaultID>
	</shortcut>
	<shortcut>
		<label>20389</label>
		<label2>32034</label2>
		<icon>Aicons/musicvideos.png</icon>
		<action>ActivateWindow(Videos,MusicVideoTitles,return)</action>
		<defaultID>musicvideos</defaultID>
	</shortcut>
	<shortcut>
		<label>32087</label>
		<label2>32034</label2>
		<icon>Aicons/radio.png</icon>
		<action>ActivateWindow(RadioChannels)</action>
		<defaultID>radio</defaultID>
	</shortcut>
	<shortcut>
		<label>10002</label>
		<label2>32034</label2>
		<icon>Aicons/pictures.png</icon>
		<action>ActivateWindow(Pictures)</action>
		<defaultID>pictures</defaultID>
	</shortcut>
	<shortcut>
		<label>10001</label>
		<label2>32034</label2>
		<icon>Aicons/programs.png</icon>
		<action>ActivateWindow(Programs,Addons,return)</action>
		<defaultID>programs</defaultID>
	</shortcut>
	<shortcut>
		<label>12600</label>
		<label2>32034</label2>
		<icon>Aicons/weather.png</icon>
		<action>ActivateWindow(Weather)</action>
		<defaultID>weather</defaultID>
	</shortcut>
	<!-- non-standard mainmenu shortcut -->
	<shortcut>
		<label>1036</label>
		<label2>32034</label2>
		<icon>Aicons/favourites.png</icon>
		<action>ActivateWindow(favourites)</action>
		<defaultID>favourites</defaultID>
	</shortcut>
	<!-- non-standard mainmenu shortcut -->
	<shortcut>
		<label>137</label>
		<label2>32034</label2>
		<icon>Aicons/search.png</icon>
		<action>RunScript(script.globalsearch)</action>
		<visible>System.HasAddon(script.globalsearch)</visible>
		<defaultID>search</defaultID>
	</shortcut>
	<shortcut>
		<label>10004</label>
		<label2>32034</label2>
		<icon>Aicons/settings.png</icon>
		<action>ActivateWindow(Settings)</action>
		<defaultID>settings</defaultID>
	</shortcut>
	<!-- non-standard mainmenu shortcut -->
	<shortcut>
		<label>13005</label>
		<label2>32034</label2>
		<icon>Aicons/shutdown.png</icon>
		<action>ShutDown</action>
		<defaultID>shutdown</defaultID>
	</shortcut>
</shortcuts>
