<?xml version="1.0" encoding="UTF-8"?>
<window type="dialog" id="134">
	<defaultcontrol always="true">450</defaultcontrol>
	<controls>
		<include>Global_Background</include>		
		<control type="group">
			<include>Animation_OpenCloseFade</include>
			<include>Animation_CommonFade</include>
			<control type="label">
				<description>header label</description>
				<posx>460</posx>
				<posy>88</posy>
				<width>810</width>
				<height>38</height>
				<font>METF_TitleTextLarge</font>
				<textcolor>SettingsTitle</textcolor>
				<align>left</align>
				<aligny>center</aligny>
				<label>$LOCALIZE[424] $LOCALIZE[31271]</label>
			</control>
			<control type="image">
				<description>Icon Image</description>
				<posx>120</posx>
				<posy>126</posy>
				<width>260</width>
				<height>260</height>
				<texture fallback="DefaultThumb.png">$INFO[ListItem.Icon]</texture>
				<bordertexture border="8">border.png</bordertexture>
				<bordersize>4</bordersize>
				<aspectratio align="center" aligny="center">keep</aspectratio>
				<visible>!Window.IsActive(contextmenu)</visible>
			</control>
			<control type="list" id="450">
				<posx>440</posx>
				<posy>145</posy>
				<width>840</width>
				<height>380</height>
				<onleft>Close</onleft>
				<onright>998</onright>
				<onup>450</onup>
				<ondown>450</ondown>
				<pagecontrol>998</pagecontrol>
				<scrolltime>200</scrolltime>
				<itemlayout height="38" width="810">
					<control type="label">
						<posx>20</posx>
						<width>810</width>
						<height>38</height>
						<textcolor>SettingsDetail</textcolor>
						<font>METF_ContextValue</font>
						<align>left</align>
						<aligny>center</aligny>
						<focusedcolor>ButtonText</focusedcolor>
						<label>$INFO[ListItem.Label]</label>
					</control>
				</itemlayout>
				<focusedlayout height="38" width="840">
					<control type="image">
						<posx>0</posx>
						<posy>0</posy>
						<width>840</width>
						<height>38</height>
						<align>left</align>
						<aligny>center</aligny>
						<texture colordiffuse="FocusBar">ButtonFO2Wide2.png</texture>
					</control>
					<control type="label">
						<posx>20</posx>
						<posy>0</posy>
						<width>810</width>
						<height>38</height>
						<textcolor>ButtonText</textcolor>
						<font>METF_ContextValue</font>
						<align>left</align>
						<aligny>center</aligny>
						<focusedcolor>ButtonText</focusedcolor>
						<selectedcolor>ButtonText</selectedcolor>
						<label>$INFO[ListItem.Label]</label>
					</control>
				</focusedlayout>
			</control>
			<control type="scrollbar" id="998">
				<include>Animation_OpenCloseFade</include>
				
				<posx>1270</posx>
				<posy>128</posy>
				<width>22</width>
				<height>376</height>
				<visible allowhiddenfocus="true">Control.HasFocus(998) | Container.Scrolling</visible>
				<texturesliderbackground>-</texturesliderbackground>
				<textureslidernib>ScrollBarV_Nib_Focus.png</textureslidernib>
				<textureslidernibfocus>ScrollBarV_Nib_Focus.png</textureslidernibfocus>
				<onleft>450</onleft>
				<onright>noop</onright>
				<showonepage>true</showonepage>
				<orientation>vertical</orientation>
				<animation effect="fade" start="0" end="100" time="400" condition="Control.HasFocus(998) | Container.Scrolling">Conditional</animation>
			</control>
		</control>
		<control type="image">
			<include>Animation_CommonFadeNoHide</include>
			<posx>848</posx>
			<posy>124</posy>
			<height>24</height>
			<width>24</width>
			<texture>Arrow2Up.png</texture>
			<visible>Container(450).HasPrevious</visible>
		</control>
		<control type="image">
			<include>Animation_CommonFadeNoHide</include>
			<posx>848</posx>
			<posy>522</posy>
			<height>24</height>
			<width>24</width>
			<texture>Arrow2Down.png</texture>
			<visible>Container(450).HasNext</visible>
		</control>
		<control type="group">
			<posx>30</posx>
			<posy>10</posy>
			<control type="label">
				<label>$LOCALIZE[1036]</label>
				<include>Global_HeadingSectionVars</include>
			</control>
			<control type="label">
                                <label>$INFO[Container(450).NumItems,, $LOCALIZE[31277]]</label>
				<include>Global_HeadingDetailVars</include>
				<visible>!Integer.IsGreater(Container(450).NumItems,1)</visible>
			</control>
			<control type="label">
                                <label>$INFO[Container(450).NumItems,, $LOCALIZE[31281]]</label>
				<include>Global_HeadingDetailVars</include>
				<visible>Integer.IsGreater(Container(450).NumItems,1)</visible>
			</control>
		</control>
		
		
		<include>Global_MediaOverlay</include>
		
	</controls>
</window>
