<?xml version='1.0' encoding='UTF-8'?>
<shortcuts>
	<shortcut>
		<label>31438</label>
		<label2>32019</label2>
		<icon>DefaultShortcut.png</icon>
		<action>ActivateWindow(MusicLibrary,musicdb://recentlyaddedalbums/,return)</action>
	</shortcut>
	<shortcut>
		<label>24001</label>
		<label2>32019</label2>
		<icon>DefaultAddonMusic.png</icon>
		<action>ActivateWindow(MusicFiles,Addons,return)</action>
	</shortcut>
	<shortcut>
		<label>135</label>
		<label2>32019</label2>
		<icon>DefaultMusicGenres.png</icon>
		<action>ActivateWindow(MusicLibrary,musicdb://genres/,return)</action>
	</shortcut>
	<shortcut>
		<label>652</label>
		<label2>32019</label2>
		<icon>DefaultMusicYears.png</icon>
		<action>ActivateWindow(MusicLibrary,musicdb://years/,return)</action>
	</shortcut>
	<shortcut>
		<label>133</label>
		<label2>32019</label2>
		<icon>DefaultMusicArtists.png</icon>
		<action>ActivateWindow(MusicLibrary,musicdb://artists/,return)</action>
	</shortcut>
	<shortcut>
		<label>132</label>
		<label2>32019</label2>
		<icon>DefaultMusicAlbums.png</icon>
		<action>ActivateWindow(MusicLibrary,musicdb://albums/,return)</action>
	</shortcut>
	<shortcut>
		<label>134</label>
		<label2>32019</label2>
		<icon>DefaultMusicSongs.png</icon>
		<action>ActivateWindow(MusicLibrary,musicdb://songs/,return)</action>
	</shortcut>
	<shortcut>
		<label>136</label>
		<label2>32019</label2>
		<icon>DefaultMusicPlaylists.png</icon>
		<action>ActivateWindow(MusicLibrary,musicdb://playlists/,return)</action>
	</shortcut>
	<shortcut>
		<label>589</label>
		<label2>32019</label2>
		<icon>DefaultMusicPlaylists.png</icon>
		<action>PlayerControl(Partymode(music))</action>
	</shortcut>
	<shortcut>
		<label>31289</label>
		<label2>32019</label2>
		<icon>DefaultFolder.png</icon>
		<action>ActivateWindow(MusicFiles)</action>
	</shortcut>
	<shortcut>
		<label>31465</label>
		<label2>32034</label2>
		<icon>DefaultShortcut.png</icon>
		<action>CleanLibrary(music)</action>
	</shortcut>
	<shortcut>
		<label>653</label>
		<label2>32034</label2>
		<icon>DefaultShortcut.png</icon>
		<action>UpdateLibrary(music)</action>
	</shortcut>
	<shortcut>
		<label>5</label>
		<label2>32034</label2>
		<icon>DefaultShortcut.png</icon>
		<action>ActivateWindow(MediaSettings)</action>
	</shortcut>
</shortcuts>
