<?xml version='1.0' encoding='UTF-8'?>
<shortcuts>
	<shortcut>
		<label>1212</label>
		<label2>32021</label2>
		<icon>DefaultAddonVideo.png</icon>
		<action>ActivateWindow(Videos,Addons,return)</action>
	</shortcut>
	<shortcut>
		<label>1211</label>
		<label2>32021</label2>
		<icon>DefaultAddonMusic.png</icon>
		<action>ActivateWindow(MusicFiles,Addons,return)</action>
	</shortcut>
	<shortcut>
		<label>1213</label>
		<label2>32021</label2>
		<icon>DefaultAddonPicture.png</icon>
		<action>ActivateWindow(Pictures,Addons,return)</action>
	</shortcut>
	<shortcut>
		<label>31009</label>
		<label2>32021</label2>
		<icon>DefaultAddon.png</icon>
		<action>ActivateWindow(AddonBrowser)</action>
	</shortcut>
</shortcuts>
