<?xml version="1.0" encoding="UTF-8"?>
<window>
	<defaultcontrol>5</defaultcontrol>
	<controls>
		<control type="group">
			<visible>!Window.IsActive(145)</visible>
			<posx>150</posx>
			<posy>75</posy>
			<!--  Menu Background Panel -->
			<control type="image">
				<description>background image</description>
				<posx>-40</posx>
				<posy>-30</posy>
				<width>1050</width>
				<height>655</height>
				<texture>frames/Menu_Glass2b.png</texture>
				<!-- <colordiffuse>OSDDialogBackgroundColor</colordiffuse> -->
			</control>
			<!-- Menu -->
			<control type="label" id="2">
				<description>Settings Heading</description>
				<posx>160</posx>
				<posy>27</posy>
				<width>640</width>
				<height>40</height>
				<align>center</align>
				<aligny>center</aligny>
				<font>METF_SettingsHeading</font>
				<textcolor>DialogTextFO</textcolor>
				<label></label>
			</control>
			<control type="grouplist" id="5">
				<description>Control Area</description>
				<posx>260</posx>
				<posy>75</posy>
				<width>655</width>
				<height>465</height>
				<itemgap>2</itemgap>
				<orientation>vertical</orientation>
				<pagecontrol>60</pagecontrol>
				<onleft>28</onleft>
				<onright>5</onright>
				<onup>5</onup>
				<ondown>5</ondown>
			</control>
			<control type="button" id="7">
				<description>Default Button</description>
				<width>300</width>
				<height>40</height>
				<align>left</align>
				<aligny>center</aligny>
				<font>METF_DialogLarge</font>
				<label></label>
				<textoffsetx>20</textoffsetx>
				<textcolor>TextNF</textcolor>
				<focusedcolor>DialogTextFO</focusedcolor>
				<disabledcolor>TextDisabled</disabledcolor>
				<texturefocus colordiffuse="FocusBar">ButtonFO2Wide2.png</texturefocus>
				<texturenofocus>-</texturenofocus> -->
				<pulseonselect>false</pulseonselect>
			</control>
			<control type="radiobutton" id="8">
				<description>Default RadioButton</description>
				<width>300</width>
				<height>40</height>
				<align>left</align>
				<aligny>center</aligny>
				<font>METF_DialogLarge</font>
				<label></label>
				<textcolor>TextNF</textcolor>
				<focusedcolor>DialogTextFO</focusedcolor>
				<disabledcolor>TextDisabled</disabledcolor>
				<radiowidth>30</radiowidth>
				<radioheight>30</radioheight>
				<texturefocus colordiffuse="FocusBar">ButtonFO2Wide2.png</texturefocus>
				<texturenofocus>-</texturenofocus> -->
				<!--
				<textureradiofocus>keyboard/RadioButtonFO.png</textureradiofocus>
				<textureradionofocus>keyboard/RadioButtonNF.png</textureradionofocus>
				-->
				<textureradiofocus>keyboard/RadioButtonFO.png</textureradiofocus>
				<textureradionofocus>keyboard/RadioButtonNF.png</textureradionofocus>
				<textoffsetx>20</textoffsetx>
				<pulseonselect>false</pulseonselect>
			</control>
			<control type="spincontrolex" id="9">
				<description>Default spincontrolex</description>
				<width>300</width>
				<height>40</height>
				<align>left</align>
				<aligny>center</aligny>
				<label></label>
				<font>METF_DialogLarge</font>
				<textoffsetx>20</textoffsetx>
				<textcolor>TextNF</textcolor>
				<focusedcolor>DialogTextFO</focusedcolor>
				<disabledcolor>TextDisabled</disabledcolor>
				<reverse>yes</reverse>
				<spinwidth>26</spinwidth>
				<spinheight>26</spinheight>
				<texturefocus colordiffuse="FocusBar">ButtonFO2Wide2.png</texturefocus>
				<texturenofocus>-</texturenofocus> -->
				<!--
				<textureup>ArrowUpNF.png</textureup>
				<texturedown>ArrowDownNF.png</texturedown>
				<textureupfocus>ArrowUpFo.png</textureupfocus>
				<texturedownfocus>ArrowDownFo.png</texturedownfocus>
				-->
				<textureup>ArrowUpNF.png</textureup>
				<texturedown>ArrowDownNF.png</texturedown>
				<textureupfocus>ArrowUpFo.png</textureupfocus>
				<texturedownfocus>ArrowDownFo.png</texturedownfocus>
				<pulseonselect>false</pulseonselect>
			</control>
			<control type="image" id="11">
				<description>separator image</description>
				<include>Settings_Line</include>
			</control>
			<control type="edit" id="12">
				<width>620</width>
				<height>120</height>
				<align>left</align>
				<label></label>
				<include>SettingsLabel</include>
			</control>
			<control type="sliderex" id="13">
				<description>Default Slider</description>
				<height>40</height>
				<width>300</width>
				<align>left</align>
				<font>METF_DialogLarge</font>
				<textcolor>TextNF</textcolor>
				<focusedcolor>DialogTextFO</focusedcolor>
				<disabledcolor>TextDisabled</disabledcolor>
				<textoffsetx>20</textoffsetx>
				<textoffsety>7</textoffsety>
				<sliderwidth>150</sliderwidth>
				<sliderheight>15</sliderheight>
				<texturefocus colordiffuse="FocusBar">ButtonFO2Wide2.png</texturefocus>
				<texturenofocus>-</texturenofocus> -->
				<!--
				<texturesliderbar>osdsliderback.png</texturesliderbar>
				<textureslidernib>osdslidernib_2.png</textureslidernib>
				<textureslidernibfocus>osdslidernib.png</textureslidernibfocus>
				-->
				<texturesliderbar>osd/slider_bg.png</texturesliderbar>
				<textureslidernib border="2">osd/SliderNibNF.png</textureslidernib>
				<textureslidernibfocus border="2">osd/SliderNibFO.png</textureslidernibfocus>
			</control>
			<control type="label" id="14">
				<description>Default Label</description>
				<left>50</left>
				<top>0</top>
				<height>40</height>
				<align>center</align>
				<aligny>center</aligny>
				<font>METF_DialogLarge</font>
				<textcolor>DialogTextFO</textcolor>
				<label></label>
			</control>
			<control type="grouplist">
        <left>50</left>
        <top>180</top>
        <align>left</align>
        <aligny>top</aligny>
        <orientation>vertical</orientation>
        <itemgap>10</itemgap>
        <width>150</width>
        <height>350</height>
				<control type="button" id="28">
					<description>ok</description>
					<width>150</width>
          <include>SettingsLabelLeftMini</include>
					<onleft>noop</onleft>
					<onright>5</onright>
					<onup>30</onup>
					<ondown>29</ondown>
				</control>
				<control type="button" id="29">
					<description>cancel</description>
					<width>150</width>
          <include>SettingsLabelLeftMini</include>
					<onleft>noop</onleft>
					<onright>5</onright>
					<onup>28</onup>
					<ondown>30</ondown>
				</control>
				<control type="button" id="30">
					<description>clear</description>
					<width>150</width>
          <include>SettingsLabelLeftMini</include>
					<onleft>noop</onleft>
					<onright>5</onright>
					<onup>29</onup>
					<ondown>28</ondown>
				</control>	
			</control>
		</control>
	</controls>
</window>





