<?xml version="1.0" encoding="UTF-8"?>
<window id="142">
  <defaultcontrol always="true">2001</defaultcontrol>
  <controls>
    <!-- affiche à la pression d'info -->
  <!-- <include>OSD_Player_Banner</include> -->
  <control type="group">
   	<animation type="Conditional" condition="[Control.hasFocus(2022)|Control.HasFocus(7779)|Control.HasFocus(7781)]">
       <effect type="slide"  start="0,0" end="0,-350" time="800" delay="1" reversible="false"/>
     </animation>
    
    <include>OsdAnimation</include>
    <include>OSD_Player_Details</include>
    <control type="group">
      <top>-150</top>
      <animation type="Conditional" condition="Control.HasFocus(7779)|Control.HasFocus(7781)">
      <effect type="slide"  start="0,0" end="0,-800" time="500" delay="1" reversible="false"/>
    </animation>
      <include>OSD_Progress_Bar2</include>
      <include>OSD_Player_Time</include>
      <control type="group">
      <visible>!Control.HasFocus(2022)</visible>
      <top>1045</top>
        <width>1920</width>
        <align>left</align>
        <left>50</left>
      <include>ShowActorDetails</include>
    </control>
      <control type="group">
        <top>1010</top>
        <left>250</left>
        <align>center</align>
         <animation type="Conditional" condition="true">
				<effect type="zoom" center="0,1050" start="100" end="65" time="1"  />
			</animation>
        <include>MediaInfo2</include>        
        <control type="button" id="2001">
          <top>3000</top>
          <label></label>
          <ondown>2022</ondown>
        </control>
      </control>
    </control>
    <include>PanelActeurs</include>
  </control>
  <include>OsdHorloge</include>

</controls>
</window>
