<?xml version="1.0" encoding="UTF-8"?>
<window id="136">
  <defaultcontrol always="true">22</defaultcontrol>
  <controls>
    <control type="group">
      <posy>-80</posy>
      <control type="image" id="999">
        <description>background image</description>
        <posx>150</posx>
        <posy>80</posy>
        <width>1400</width>
        <height>755</height>
        <texture>frames/menu_glass2b.png</texture>
        <colordiffuse>DialogBackgroundColor</colordiffuse>
      </control>
      <include>Animation_OpenCloseFade</include>
      <animation type="Conditional" condition="Window.IsActive(smartplaylistrule) | Window.IsActive(filebrowser)">
        <effect type="zoom" time="600" center="640,360" start="100" end="50" tween="cubic" easing="inout" />
        <effect type="fade" time="400" start="100" end="0" />
      </animation>
      <control type="label" id="2">
        <description>header label</description>
        <left>460</left>
        <top>158</top>
        <width>1210</width>
        <height>38</height>
        <font>METF_TitleTextLarge</font>
        <textcolor>SettingsTitle</textcolor>
        <align>left</align>
        <aligny>center</aligny>
        <label></label>
      </control>
      <control type="button" id="22">
        <description>Set Playlist type</description>
        <posx>440</posx>
        <posy>215</posy>
        <width>840</width>
        <height>38</height>
        <include>SettingsLabel</include>
        <onright>noop</onright>
        <onleft>20</onleft>
        <onup>23</onup>
        <ondown>12</ondown>
      </control>
      <control type="label">
        <description>Directory Contains</description>
        <posx>460</posx>
        <posy>215</posy>
        <width>790</width>
        <height>38</height>
        <font>METF_ContextValue</font>
        <textcolor>SettingsDetail</textcolor>
        <align>left</align>
        <aligny>center</aligny>
        <label>$LOCALIZE[146]</label>
        <visible>!Control.HasFocus(22)</visible>
      </control>
      <control type="label">
        <description>Directory Contains</description>
        <posx>460</posx>
        <posy>215</posy>
        <width>790</width>
        <height>38</height>
        <font>METF_ContextValue</font>
        <textcolor>ButtonText</textcolor>
        <align>left</align>
        <aligny>center</aligny>
        <label>$LOCALIZE[146]</label>
        <visible>Control.HasFocus(22)</visible>
      </control>
      <control type="edit" id="12">
        <description>Name Button</description>
        <posx>440</posx>
        <posy>253</posy>
        <width>840</width>
        <height>38</height>
        <align>right</align>
        <include>SettingsLabel</include>
        <label></label>
        <onup>22</onup>
        <onleft>20</onleft>
        <onright>noop</onright>
        <ondown>10</ondown>
      </control>
      <control type="label">
        <description>Name Label</description>
        <posx>460</posx>
        <posy>253</posy>
        <width>790</width>
        <height>38</height>
        <font>METF_ContextValue</font>
        <textcolor>SettingsDetail</textcolor>
        <align>left</align>
        <aligny>center</aligny>
        <label>$LOCALIZE[21433]</label>
        <visible>!Control.HasFocus(12)</visible>
      </control>
      <control type="label">
        <description>Name Label</description>
        <posx>460</posx>
        <posy>253</posy>
        <width>790</width>
        <height>38</height>
        <font>METF_ContextValue</font>
        <textcolor>ButtonText</textcolor>
        <align>left</align>
        <aligny>center</aligny>
        <label>$LOCALIZE[21433]</label>
        <visible>Control.HasFocus(12)</visible>
      </control>
      <control type="list" id="10">
        <description>Rules List Control</description>
        <posx>440</posx>
        <posy>310</posy>
        <width>840</width>
        <height>76</height>
        <onup>12</onup>
        <onleft>13</onleft>
        <onright>noop</onright>
        <ondown>16</ondown>
        <itemlayout height="38" width="840">
          <control type="label">
            <posx>20</posx>
            <width>840</width>
            <height>38</height>
            <textcolor>SettingsDetail</textcolor>
            <font>METF_ContextValue</font>
            <align>left</align>
            <aligny>center</aligny>
            <selectedcolor>ButtonText</selectedcolor>
            <info>ListItem.Label</info>
          </control>
        </itemlayout>
        <focusedlayout height="38" width="840">
          <control type="image">
            <posx>0</posx>
            <posy>0</posy>
            <width>840</width>
            <height>38</height>
            <align>left</align>
            <aligny>center</aligny>
            <texture colordiffuse="FocusBar">buttonfo2wide2.png</texture>
            <visible>Control.Hasfocus(10)</visible>
            <animation effect="fade" start="0" end="100" condition="True">Conditional</animation>
          </control>
          <control type="label">
            <posx>20</posx>
            <width>830</width>
            <height>38</height>
            <textcolor>ButtonText</textcolor>
            <font>METF_ContextValue</font>
            <align>left</align>
            <aligny>center</aligny>
            <selectedcolor>ButtonText</selectedcolor>
            <info>ListItem.Label</info>
          </control>
        </focusedlayout>
      </control>
      <control type="grouplist">
        <left>250</left>
        <top>180</top>
        <align>left</align>
        <aligny>top</aligny>
        <orientation>vertical</orientation>
        <itemgap>10</itemgap>
        <width>200</width>
        <height>350</height>
        <control type="button" id="21">
          <description>Cancel</description>
          <width>200</width>
          <include>SettingsLabelLeftMini</include>
          <label>$LOCALIZE[222]</label>
          <onleft>noop</onleft>
          <onright>22</onright>
          <onup>20</onup>
          <ondown>20</ondown>
          <enable>Control.HasFocus(22) | Control.HasFocus(12) | Control.HasFocus(20) | Control.HasFocus(21)</enable>
        </control>
        <control type="button" id="20">
          <description>Ok</description>
          <width>200</width>
          <include>SettingsLabelLeftMini</include>
          <label>$LOCALIZE[186]</label>
          <onleft>noop</onleft>
          <onright>22</onright>
          <onup>21</onup>
          <ondown>21</ondown>
          <enable>Control.HasFocus(22) | Control.HasFocus(12) | Control.HasFocus(20) | Control.HasFocus(21)</enable>
        </control>
        <control type="button" id="13">
          <!-- ajouter -->
          <description>Add Rule Button</description>
          <width>200</width>
          <align>right</align>
          <include>SettingsLabelLeftMini</include>
          <label>$LOCALIZE[15019]</label>
          <onup>15</onup>
          <onleft>noop</onleft>
          <onright>10</onright>
          <ondown>14</ondown>
          <enable>Control.Hasfocus(10) | Control.Hasfocus(13) | Control.Hasfocus(14) | Control.Hasfocus(15)</enable>
        </control>
        <control type="button" id="14">
          <!-- supprimer -->
          <description>Remove Rule Button</description>
          <width>200</width>
          <align>right</align>
          <include>SettingsLabelLeftMini</include>
          <label>$LOCALIZE[1210]</label>
          <onup>13</onup>
          <onleft>noop</onleft>
          <onright>10</onright>
          <ondown>15</ondown>
          <enable>Control.Hasfocus(10) | Control.Hasfocus(13) | Control.Hasfocus(14) | Control.Hasfocus(15)</enable>
        </control>
        <control type="button" id="15">
          <!-- editer -->
          <description>Edit Rule Button</description>
          <width>200</width>
          <align>right</align>
          <include>SettingsLabelLeftMini</include>
          <label>$LOCALIZE[21435]</label>
          <onup>14</onup>
          <onleft>noop</onleft>
          <onright>10</onright>
          <ondown>13</ondown>
          <enable>Control.Hasfocus(10) | Control.Hasfocus(13) | Control.Hasfocus(14) | Control.Hasfocus(15)</enable>
        </control>


      </control>
      <control type="label">
        <description>header label</description>
        <posx>460</posx>
        <posy>405</posy>
        <width>810</width>
        <height>38</height>
        <font>METF_TitleTextLarge</font>
        <textcolor>SettingsTitle</textcolor>
        <align>left</align>
        <aligny>center</aligny>
        <label>$LOCALIZE[559] $LOCALIZE[33063]</label>
      </control>
      <control type="button" id="16">
        <posx>440</posx>
        <posy>462</posy>
        <include>SettingsLabel</include>
        <label>$LOCALIZE[21424]</label>
        <onright>16</onright>
        <onleft>16</onleft>
        <onup>10</onup>
        <ondown>17</ondown>
      </control>
      <control type="button" id="17">
        <posx>440</posx>
        <posy>500</posy>
        <include>SettingsLabel</include>
        <label>$LOCALIZE[21427]</label>
        <onright>17</onright>
        <onleft>17</onleft>
        <onup>16</onup>
        <ondown>18</ondown>
      </control>
      <control type="button" id="18">
        <posx>440</posx>
        <posy>538</posy>
        <include>SettingsLabel</include>
        <label>$LOCALIZE[21429]</label>
        <onright>19</onright>
        <onleft>19</onleft>
        <onup>17</onup>
        <ondown>23</ondown>
      </control>
      <control type="button" id="19">
        <posy>-35</posy>
        <width>840</width>
        <align>center</align>
        <onright>18</onright>
        <onleft>18</onleft>
        <onup>17</onup>
        <ondown>23</ondown>

      </control>

      <control type="button" id="23">
        <posx>440</posx>
        <posy>576</posy>
        <include>SettingsLabel</include>
        <label>$LOCALIZE[21458]</label>
        <onright>24</onright>
        <onleft>24</onleft>
        <onup>18</onup>
        <ondown>24</ondown>
      </control>
      <control type="button" id="24">
        <posx>440</posx>
        <posy>576</posy>
        <width>840</width>
        <align>center</align>

        <label>$LOCALIZE[21459]</label>

        <onright>23</onright>
        <onleft>23</onleft>
        <onup>18</onup>
        <ondown>22</ondown>
        <texturenofocus>-</texturenofocus> -->
        <texturefocus colordiffuse="FocusBar">buttonfo2wide2.png</texturefocus>
        <alttexturenofocus>-</alttexturenofocus>
        <alttexturefocus>buttonfo.png</alttexturefocus>
      </control>



    </control>
  </controls>
</window>