<?xml version="1.0" encoding="UTF-8"?>
<includes>
	<include name="Viewtype_BannerPoster">
		<control type="group">
			<visible>Control.IsVisible(510)</visible>
			<!-- Browser -->
			<control type="panel" id="510">
				<viewtype label="$LOCALIZE[31814]">bigwide</viewtype>
				<posx>90</posx>
				<posy>50</posy>
				<height>730</height>
				<width>1400</width>
				<ondown>Action(firstpage)</ondown>
				<onup>Action(lastpage)</onup>
				<onright>7000</onright>
				<onleft>7000</onleft>
				<orientation>vertical</orientation>
				<preloaditems>2</preloaditems>
				<scrolltime>200</scrolltime>
				
				<include>Animation_OpenCloseFade</include>
				
				<include>Animation_HiddenByInfo</include>
				<visible>!Skin.HasSetting(NoViewBannerPoster)</visible>
				<visible>[Window.IsActive(10025) + Container.Content(tvshows)]|[Window.IsActive(502) + Container.Content(artists)]</visible>
				<itemgap>80</itemgap>
				<include>BannerViewCommon_Browser</include>
			</control>
			<control type="group">
				<posx>1500</posx>
				<posy>-21</posy>
				
				<animation effect="rotatey" center="1650" start="0" end="8" time="500" condition="true">Conditional</animation>
				<visible>[Window.IsActive(10025) + Container.Content(tvshows)]|[Window.IsActive(502) + Container.Content(artists)]</visible>
				<!-- Poster Image  -->
				
				<control type="image">
					<posx>37</posx>
					<posy>81</posy>
					<width>300</width>
					<height>440</height>
					<bordersize>30</bordersize>
							<bordertexture border="30" colordiffuse="FFFFFFFF">frames/menu_glass2b.png</bordertexture>
					<texture background="true" fallback="DefaultThumb.png">$VAR[PosterThumb]</texture>
					<aspectratio scalediffuse="true">keep</aspectratio>
					<fadetime>200</fadetime>
				</control>
				<!--
				<control type="image">
					<posx>20</posx>
					<posy>56</posy>
					<width>335</width>
					<height>490</height>
					<texture>frames/classicframe_postermedium.png</texture>
					<fadetime>200</fadetime>
					<visible>!Container.Content(Artists)</visible>
				</control>
				<control type="image">
					<posx>20</posx>
					<posy>130</posy>
					<width>335</width>
					<height>340</height>
					<texture>frames/classicframe_postermedium.png</texture>
					<fadetime>200</fadetime>
					<visible>Container.Content(Artists)</visible>
				</control>
				-->
				<!-- Title -->
				
			</control>
				<!-- Browser label and flags -->
		
			<include>ScrollBar_Vertical</include>
		</control>
	</include>
</includes>
