<?xml version="1.0" encoding="UTF-8"?>
<includes>
	<include name="Viewtype_LowList">
		<control type="group">
			<visible>Control.IsVisible(905)</visible>
			<control type="list" id="905">
				<viewtype label="$LOCALIZE[31802]">biglist</viewtype>
				<posx>1300</posx>
				<posy>348</posy>
				<width>595</width>
				<height>175</height>
				<onup>905</onup>
				<ondown>905</ondown>
				<include condition="!Skin.HasSetting(ViewLockdown)">OnLeft7000</include>





				<onright>998</onright>
				<orientation>vertical</orientation>
				<pagecontrol>998</pagecontrol>
				<preloaditems>2</preloaditems>
				<include>Animation_OpenCloseFade</include>
				
				<include>Animation_HiddenByInfo</include>
				<visible>!Skin.HasSetting(NoViewLowList)</visible>
				<itemlayout width="535" height="35">
					<!-- List Line Item Divider -->
					<control type="image">
						<posx>5</posx>
						<posy>33</posy>
						<width>550</width>
						<height>2</height>
						<aligny>center</aligny>
						<texture>videoinfoline.png</texture>
						<colordiffuse>FilesDividerDiffuse</colordiffuse>
					</control>
					<!-- Items in Video Library -->
					
					<control type="label">
					  <include>isWatched</include>
						<posx>85</posx>
						<posy>0</posy>
						<width>475</width>
						<height>35</height>
						<align>left</align>
						<aligny>center</aligny>
						<label>$VAR[ListItemTitle]</label>
						<font>METF_TitleText</font>
						<textcolor>LowListTitle</textcolor>
						<visible>Window.IsActive(10025)</visible>
					</control>
					<!-- Watched Overlay for Items in Video Library -->
					
					<!-- Watched Overlay for In-Progress Items in Video Library -->
					<control type="group">
					<posx>7</posx>
					<posy>10</posy>
					<include>OverlayProgress</include>
				</control>	
					<!-- Items NOT in Video Library -->
					<control type="label">
						<posx>85</posx>
						<posy>0</posy>
						<width>475</width>
						<height>35</height>
						<align>left</align>
						<aligny>center</aligny>
						<font>METF_TitleText</font>
						<textcolor>TextNF</textcolor>
						<selectedcolor>TextFO</selectedcolor>
						<label>$VAR[ListItemTitle]</label>
						<scroll>false</scroll>
						<visible>!Window.IsActive(10025)</visible>
					</control>
					<!-- Watched Overlay for Items NOT in Video Library -->
					<control type="image">
						<posx>4</posx>
						<posy>5</posy>
						<width>24</width>
						<height>24</height>
						<texture>$INFO[ListItem.Overlay]</texture>
						<colordiffuse>WatchedOverlay</colordiffuse>
						<visible>!window.isactive(10025) + string.isequal(listitem.overlay,overlaywatched.png)</visible>
					</control>
				</itemlayout>
				<focusedlayout width="535" height="35">
					<include>ActiveClearArt</include>
					<!-- List Line Item Divider -->
					<control type="image">
						<posx>5</posx>
						<posy>33</posy>
						<width>550</width>
						<height>2</height>
						<aligny>center</aligny>
						<texture>videoinfoline.png</texture>
						<colordiffuse>FilesDividerDiffuse</colordiffuse>
					</control>
					<control type="image">
						<posx>0</posx>
						<posy>0</posy>
						<width>550</width>
						<height>35</height>
						<texture>focusline.png</texture>
						<colordiffuse>FocusBar</colordiffuse>
					</control>
					<!-- Items in Video Library -->
					<control type="label">
						<posx>85</posx>
						<posy>0</posy>
						<width>475</width>
						<height>35</height>
						<align>left</align>
						<aligny>center</aligny>
						<scrollout>false</scrollout>
						<pauseatend>1800</pauseatend>
						<scrollspeed>40</scrollspeed>
						<scroll>true</scroll>
						<label>$VAR[ListItemTitle]</label>
						<font>METF_TitleText</font>
						<textcolor>FocusBarText</textcolor>
						<visible>Window.IsActive(10025)</visible>
					</control>
					<!-- Watched Overlay for Items in Video Library -->
					
					<!-- Watched Overlay for In-Progress Items in Video Library -->
					<control type="group">
					<posx>7</posx>
					<posy>10</posy>
					<include>OverlayProgress</include>
				</control>	
					<!-- Items NOT in Video Library -->
					<control type="label">
						<posx>85</posx>
						<posy>0</posy>
						<width>475</width>
						<height>35</height>
						<align>left</align>
						<aligny>center</aligny>
						<scrollout>false</scrollout>
						<pauseatend>1800</pauseatend>
						<scrollspeed>40</scrollspeed>
						<scroll>true</scroll>
						<font>METF_TitleText</font>
						<textcolor>FocusBarText</textcolor>
						<selectedcolor>FocusBarText</selectedcolor>
						<label>$VAR[ListItemTitle]</label>
						<visible>!Window.IsActive(10025)</visible>
					</control>
					<!-- Watched Overlay for Items NOT in Video Library -->
					<control type="image">
						<posx>4</posx>
						<posy>5</posy>
						<width>24</width>
						<height>24</height>
						<texture>$INFO[ListItem.Overlay]</texture>
						<colordiffuse>WatchedOverlay</colordiffuse>
						<visible>!window.isactive(10025) + string.isequal(listitem.overlay,overlaywatched.png)</visible>
					</control>
				</focusedlayout>
			</control>
			<!-- Thumbnails -->
			<control type="group">
				<left>100</left>
				<posy>-80</posy>
				<include>Animation_OpenCloseFade</include>
				
				<include>Animation_HiddenByInfo</include>

				<!-- LEFT SIDE OF SCREEN -->
				<!-- Default Poster Image  -->
				<control type="image">
					<posx>-70</posx>
					<posy>310</posy>
					<width>300</width>
					<height>440</height>
					<texture background="true">$INFO[ListItem.Icon]</texture>
					<aspectratio scalediffuse="false">keep</aspectratio>
					<fadetime>300</fadetime>
					<visible>Window.IsActive(10025) + ![Container.Content(seasons) | Container.Content(episodes) | Container.Content(musicvideos) | Container.Content(artists) | Container.Content(albums) | Container.Content(addons)] + String.IsEmpty(ListItem.Title)</visible>
				</control>
				<control type="image">
					<posx>-70</posx>
					<posy>310</posy>
					<width>300</width>
					<height>440</height>
					<texture background="true" fallback="DefaultThumb.png">$VAR[PosterThumb]</texture>
					<aspectratio scalediffuse="false">stretch</aspectratio>
					<fadetime>300</fadetime>
					<visible>Window.IsActive(10025) + ![Container.Content(seasons) | Container.Content(episodes) | Container.Content(musicvideos) | Container.Content(artists) | Container.Content(albums) | Container.Content(addons)] + !String.IsEmpty(ListItem.Title)</visible>
				</control>
				<!-- Poster Image for TV Show Seasons and Episodes -->
				<control type="image">
					<posx>-70</posx>
					<posy>310</posy>
					<width>300</width>
					<height>440</height>
					<texture background="true" fallback="DefaultThumb.png">$INFO[ListItem.Art(tvshow.poster)]</texture> 
					<aspectratio scalediffuse="false">stretch</aspectratio>
					<fadetime>300</fadetime>
					<visible>Container.Content(seasons) | Container.Content(episodes)</visible>
				</control>
				<!-- Frame for poster -->
				<control type="image">
					<posx>-87</posx>
					<posy>285</posy>
					<width>335</width>
					<height>490</height>
					<texture>frames/classicframe_postermedium.png</texture>
					<aspectratio>stretch</aspectratio>
					<fadetime>300</fadetime>
					<visible>[!String.IsEmpty(ListItem.Title) + [Container.Content(movies) | Container.Content(sets) | Container.Content(tvshows)]] | [Container.Content(seasons) | Container.Content(episodes)]</visible>
				</control>
				<!-- Pictures, Addons, Music Videos, and Album/Artist Cover -->
				<control type="image">
					<posx>37</posx>
					<posy>215</posy>
					<width>300</width>
					<height>440</height>
					<fadetime>100</fadetime>
					<aspectratio align="right" aligny="bottom">keep</aspectratio>
					<texture fallback="DefaultThumb.png">$INFO[ListItem.Icon]</texture>
					<visible>Container.Content(songs) | Container.Content(artists) | Container.Content(albums) | Container.Content(musicvideos) | Window.IsActive(pictures) | Container.Content(addons)</visible>
				</control>

				<!-- RIGHT SIDE OF SCREEN -->
				<!-- Movie Fanart Image -->
				<control type="image">
					<posx>852</posx>
					<posy>435</posy>
					<width>293</width>
					<height>165</height>
					<texture fallback="home_art/movies.jpg" background="true">$VAR[LandscapeFanart]</texture>
					<fadetime>300</fadetime>
					<aspectratio scalediffuse="false">stretch</aspectratio>
					<visible>Window.IsActive(10025) + ![Container.Content(tvshows) | Container.Content(seasons) | Container.Content(episodes)]</visible>
				</control>
				<!-- TV Show Fanart Image -->
				<control type="image">
					<posx>852</posx>
					<posy>435</posy>
					<width>293</width>
					<height>165</height>
					<texture fallback="home_art/tvshows.jpg" background="true">$VAR[LandscapeFanart]</texture>
					<aspectratio scalediffuse="false">stretch</aspectratio>
					<fadetime>300</fadetime>
					<visible>Container.Content(tvshows)</visible>
				</control>
				<control type="image">
					<posx>947</posx>
					<posy>160</posy>
					<width>300</width>
					<height>440</height>
					<texture background="true">$INFO[ListItem.Art(poster)]</texture>
					<aspectratio scalediffuse="false">stretch</aspectratio>
					<fadetime>300</fadetime>
					<visible>Container.Content(seasons)</visible>
				</control>
				<control type="image">
					<posx>852</posx>
					<posy>435</posy>
					<width>293</width>
					<height>165</height>
					<texture background="true">$INFO[ListItem.Thumb]</texture>
					<aspectratio scalediffuse="false" background="true">scale</aspectratio>
					<fadetime>300</fadetime>
					<visible>Container.Content(episodes)</visible>
				</control>
				<!-- Music Fanart Image -->
				<control type="image">
					<posx>852</posx>
					<posy>435</posy>
					<width>293</width>
					<height>165</height>
					<texture fallback="home_art/music.jpg" background="true">$VAR[LandscapeFanart]</texture>
					<fadetime>300</fadetime>
					<aspectratio scalediffuse="false">scale</aspectratio>
					<visible>Window.IsActive(502)</visible>
				</control>
				<!-- Pictures Fanart Image -->
				<control type="image">
					<posx>852</posx>
					<posy>435</posy>
					<width>293</width>
					<height>165</height>
					<texture fallback="home_art/pictures.jpg" background="true">$INFO[ListItem.Art(fanart)]</texture>
					<aspectratio scalediffuse="false" background="true">scale</aspectratio>
					<fadetime>300</fadetime>
					<visible>Window.IsActive(pictures) + !String.IsEmpty(ListItem.Art(fanart))</visible>
				</control>
				<control type="image">
					<posx>852</posx>
					<posy>435</posy>
					<width>293</width>
					<height>165</height>
					<texture fallback="home_art/pictures.jpg" background="true">$INFO[ListItem.filenameandpath]</texture>
					<aspectratio scalediffuse="false" background="true">scale</aspectratio>
					<fadetime>300</fadetime>
					<visible>Window.IsActive(pictures) + String.IsEmpty(ListItem.Art(fanart))</visible>
				</control>
				<!-- Addons Fanart Image -->
				<control type="image">
					<posx>852</posx>
					<posy>435</posy>
					<width>293</width>
					<height>165</height>
					<texture fallback="home_art/programs.jpg" background="true">$VAR[LandscapeFanart]</texture>
					<aspectratio scalediffuse="false" background="true">scale</aspectratio>
					<fadetime>300</fadetime>
					<visible>Container.Content(addons)</visible>
				</control>
				<!-- Frame for Fanart images -->
				<control type="image">
					<posx>852</posx>
					<posy>435</posy>
					<width>293</width>
					<height>165</height>
					<texture>frames/classicframeglass_horizontal.png</texture>
					<aspectratio scalediffuse="false">stretch</aspectratio>
					<colordiffuse>GlassDiffuse</colordiffuse>
					<fadetime>300</fadetime>
					<visible>!Container.Content(seasons)</visible>
				</control>
				<control type="image">
					<posx>835</posx>
					<posy>417</posy>
					<width>328</width>
					<height>203</height>
					<texture>frames/classicframe_fanartsmall.png</texture>
					<fadetime>300</fadetime>
					<visible>!Container.Content(seasons)</visible>
				</control>
				<!-- Frame for Season poster -->
				<control type="image">
					<posx>930</posx>
					<posy>135</posy>
					<width>335</width>
					<height>490</height>
					<texture>frames/classicframe_postermedium.png</texture>
					<aspectratio>stretch</aspectratio>
					<fadetime>300</fadetime>
					<visible>Container.Content(seasons) + !String.Contains(ListItem.Icon,default)</visible>
				</control>
			</control>
			<!-- Info Details -->
			
			
			<!-- Browser label and flags -->
		

			<!-- Scroll Bar -->
			<control type="scrollbar" id="998">
				<posx>902</posx>
				<posy>342</posy>
				<width>24</width>
				<height>190</height>
				<onleft>905</onleft>
				<onright>905</onright>
				<visible allowhiddenfocus="true">Control.IsVisible(905) + Control.HasFocus(998)</visible>
				<texturesliderbackground border="0,14,0,14">scrollbarv.png</texturesliderbackground>
				<textureslidernibfocus>scrollbarv_nib_focus.png</textureslidernibfocus>
				<showonepage>false</showonepage>
				<orientation>vertical</orientation>
				<include>Animation_CommonFade</include>
				<animation effect="fade" start="60" end="100" time="400" tween="cubic" easing="inout" condition="Control.HasFocus(998)">Conditional</animation>
			</control>
		</control>
	</include>
</includes>
