<?xml version="1.0" encoding="UTF-8"?>
<includes>
<!-- telex --->
<include name="Vue900">
  <animation type="Conditional" condition="Control.HasFocus(900)" reversible="false">
          <effect type="fade" end="0" time="0"  />
          </animation>
</include>
<include name="AnimationWidget1">
  <param name="id">0</param>
  <definition>
      <animation effect="slide" start="0,0" end="2410,-260" delay="150" tween="cubic" time="50" condition="Control.HasFocus(8011$PARAM[id])+!Container(8011$PARAM[id]).IsUpdating">Conditional</animation>     
      
  </definition>
</include>
<include name="AnimationWidget2">
  <param name="id">0</param>
  <definition>
      <animation effect="slide" start="0,0" end="2410,50" delay="150" tween="cubic" time="50" condition="Control.HasFocus(8021$PARAM[id])+!Container(8021$PARAM[id]).IsUpdating">Conditional</animation>
     
  </definition>
</include>

<include name="slideVueExperimentale">
  <animation type="Conditional" condition="Skin.HasSetting(VueExperimentale)" reversible="false">
          <effect type="slide" end="0,-835" time="0"  />
        </animation>
</include>

<include name="isWatched">
  <animation reversible="false" effect="fade" center="auto" start="100" end="60" time="5" condition="[[[String.IsEqual(ListItem.DbType,movie) | String.IsEqual(ListItem.DbType,set)] + !Skin.HasSetting(HideMovieWatchedOverlays)]|[!ListItem.IsFolder+!String.IsEqual(ListItem.DbType,movie) + !String.IsEqual(ListItem.DbType,set)+!String.IsEqual(ListItem.DbType,tvshow) + !String.IsEqual(ListItem.DbType,episode)+ !String.IsEqual(ListItem.DbType,season)]|[[String.IsEqual(ListItem.DbType,tvshow) | String.IsEqual(ListItem.DbType,episode)| String.IsEqual(ListItem.DbType,season)] + !Skin.HasSetting(HideTVWatchedOverlays)]]+!Window.IsActive(502)+!ListItem.IsResumable+String.Contains(ListItem.Overlay,layWatched)">Conditional</animation>
  
  
  <!--<animation reversible="false" effect="fade" center="auto" start="100" end="50" time="5" condition="!Window.IsActive(502)+!ListItem.IsResumable+!Skin.HasSetting(HideMovieWatchedOverlays)+!String.Contains(ListItem.Overlay,Unwatch)">Conditional</animation> -->
</include>

<include name="AnimationCacheNonSelect">
<animation reversible="false" effect="fade" start="100" end="0" time="500" condition="System.IdleTime(3)+String.IsEqual(Skin.String(CacheNonSelectDelai),3)">Conditional</animation>
<animation reversible="false" effect="fade" start="100" end="0" time="500" condition="System.IdleTime(5)+String.IsEqual(Skin.String(CacheNonSelectDelai),5)">Conditional</animation>
<animation reversible="false" effect="fade" start="100" end="0" time="500" condition="System.IdleTime(7)+String.IsEqual(Skin.String(CacheNonSelectDelai),7)">Conditional</animation>
<animation reversible="false" effect="fade" start="100" end="0" time="500" condition="System.IdleTime(9)+String.IsEqual(Skin.String(CacheNonSelectDelai),9)">Conditional</animation>

</include>
<include name="OsdAnimation">
		<animation type="WindowOpen" reversible="false">
			<effect type="zoom" center="960,900" start="0" end="100" tween="back" easy="out"  time="600" delay="100" />
			<effect type="fade" start="10" end="100" time="700" delay="5" />
		</animation>
		<animation type="WindowClose" reversible="false">
			<effect type="zoom" center="960,900" start="100" end="30" time="500" delay="10" />
			<effect type="fade" start="100" end="0" time="300" delay="5" />
		</animation>
	</include>




<include name="Animation_Mainmenu">
 
		<animation effect="slide" start="0" end="0,600" center="auto" time="500" condition="[!Control.HasFocus(9000)+!Control.HasFocus(9001)]|[Player.HasAudio + System.IdleTime(8)]">Conditional</animation>
		<animation effect="slide" start="0" end="0,30" center="auto" time="1" condition="![system.getbool(lookandfeel.enablerssfeeds)]|Skin.HasSetting(RssTop)">Conditional</animation>
		<animation effect="rotatex" start="0" end="90" center="960,10" time="500" condition="Control.HasFocus(9001)">Conditional</animation>
  
</include>
<include name="Animation_Submenu">
  		<animation effect="slide" start="0" end="0,600" center="auto" time="500" condition="[!Control.HasFocus(9000)+!Control.HasFocus(9001)]|[Player.HasAudio + System.IdleTime(8)]">Conditional</animation>
  <animation effect="slide" start="0" end="0,30" time="1" condition="![system.getbool(lookandfeel.enablerssfeeds)]|Skin.HasSetting(RssTop)">Conditional</animation>
   <animation effect="rotatex" start="-90" end="0" center="960,100" time="500" condition="Control.HasFocus(9001)">Conditional</animation>
  
	</include>



	<!-- Common animations -->
	<include name="Animation_CommonFade">
		<animation effect="fade" start="0" end="100" time="200">WindowOpen</animation>
		<animation effect="fade" start="100" end="0" time="200">WindowClose</animation>
		<animation effect="fade" start="0" end="100" time="200">Visible</animation>
		<animation effect="fade" start="100" end="0" time="200">Hidden</animation>
	</include>
	<include name="Animation_BackdropFade">
		<animation effect="fade" start="0" end="100" time="800">WindowOpen</animation>
		<animation effect="fade" start="100" end="0" time="200">WindowClose</animation>
		<animation effect="fade" start="0" end="100" time="200">Visible</animation>
		<animation effect="fade" start="100" end="0" time="200">Hidden</animation>
	</include>
	<include name="Animation_CommonFadeNoHide">
		<animation effect="fade" start="0" end="100" time="200">WindowOpen</animation>
		<animation effect="fade" start="100" end="0" time="200">WindowClose</animation>
		<animation effect="fade" start="0" end="100" time="200">Visible</animation>
	</include>
	<!-- -->
	<include name="Animation_ButtonFocus">
		<animation type="Focus" reversible="false">
			<effect type="zoom" center="auto" start="80" end="100" time="300" tween="cubic" easing="inout" />
		</animation>
	</include>
	-->
	
	<include name="Animation_Biography">

		<animation type="WindowOpen" reversible="false">
						<effect type="slide" tween="cubic" easing="inout" time="1500" delay="100" start="-800" end="0" />
						<effect type="rotate" end="-360" center="auto" time="2000" delay="0" loop="true" tween="cubic" easing="inout" />
					</animation>
	</include>
	
	
	
	<include name="Animation_ButtonFocus">
		<animation type="Focus" reversible="false">
			<effect type="fade" start="80" end="100" time="200" />
		</animation>
	</include>
	<include name="Animation_MenuFocus">
		<animation type="Focus" reversible="true">
			<effect type="zoom" center="auto" start="100" end="135" time="100" tween="cubic" easing="inout" />
		</animation>
	</include>
	<include name="Animation_NavMenu">
	<animation type="Conditional" condition="!ControlGroup(7000).HasFocus()+!ControlGroup(996).HasFocus()+!ControlGroup(7001).HasFocus()+!ControlGroup(7004).HasFocus()+!Control.HasFocus(7017)+!ControlGroup(7005).HasFocus()+!ControlGroup(7002).HasFocus()+!ControlGroup(7006).HasFocus+!ControlGroup(7005).HasFocus()+!Control.HasFocus(7017)+!ControlGroup(7008).HasFocus()">
		<effect type="zoom" start="100" end="0" center="auto" tween="back" easing="in" time="400" />
		<effect type="fade" start="100" end="0" time="400" />
	</animation>
	</include>
	<!-- Window transition animations -->
	<include name="Animation_OpenCloseFade">
	  <animation type="WindowOpen">
		<effect type="fade" start="0" end="100" time="200" />
		</animation>
		<animation type="WindowClose">
		<effect type="fade" start="100" end="0" time="200" />		  
		</animation>
		
		
	</include>
	<include name="Animation_ZoomOutZoomIn">
		<animation type="WindowOpen">
			<effect type="zoom" time="400" center="640,360" start="180" end="100" tween="cubic" easing="out" />
			<effect type="fade" time="400" center="640,360" start="0" end="100" />
		</animation>
		<animation type="WindowClose">
			<effect type="zoom" time="200" center="640,360" start="100" end="180" tween="cubic" easing="in" />
			<effect type="fade" time="200" center="640,360" start="100" end="0" />
		</animation>
	</include>
	<include name="Animation_ZoomInZoomOut">
		<animation type="WindowOpen">
			<effect type="zoom" time="200" center="640,360" start="50" end="100" tween="cubic" easing="out" />
			<effect type="fade" time="200" center="640,360" start="0" end="100" />
		</animation>
		<animation type="WindowClose">
			<effect type="zoom" time="200" center="640,360" start="100" end="50" tween="cubic" easing="in" />
			<effect type="fade" time="200" center="640,360" start="100" end="0" />
		</animation>
	</include>
	<include name="Animation_fadeBandeAnnonce">
	  <animation type="Conditional" condition="!String.IsEmpty(Window(Home).Property(annonceencours))">
			<effect type="fade" time="200" start="100" end="30" />
		</animation>
	</include>
	<include name="Animation_CacherSiMenu">
	  <animation type="Conditional" condition="ControlGroup(7000).HasFocus|ControlGroup(7001).HasFocus|ControlGroup(7005).HasFocus|Control.HasFocus(7017)|ControlGroup(7002).HasFocus|ControlGroup(7004).HasFocus|ControlGroup(7008).HasFocus|ControlGroup(7006).HasFocus|Window.IsVisible(contextmenu)">
	    <effect type="fade" time="200" start="100" end="30" />
	  </animation>
	  
	</include>
	<include name="Animation_FadedByMenu">
		
	</include>
	<include name="Animation_FadeFond">
	    <animation type="Conditional" condition="![![Player.HasVideo+!String.IsEmpty(Window(Home).Property(annonceencours))]+[System.HasModalDialog + !Window.IsActive(musicinformation) + !Window.IsActive(movieinformation) + !Window.IsActive(songinformation) ]|  Window.IsActive(yesnodialog) | Window.IsActive(contentsettings) | Window.IsActive(contextmenu) | Window.IsActive(playercontrols) | Window.IsActive(shutdownmenu) | Window.IsActive(favourites) | Window.IsActive(okdialog) | Window.IsActive(selectdialog) | Window.IsActive(mediafilter) | Window.IsActive(addoninformation) | Window.IsActive(profilesettings) | Window.IsActive(smartplaylisteditor) | Window.IsActive(smartplaylistrule) | Window.IsActive(virtualkeyboard) | Window.IsActive(numericinput) | ControlGroup(7000).HasFocus()| ControlGroup(7002).HasFocus()|ControlGroup(7005).HasFocus()|Control.HasFocus(7017)| ControlGroup(7001).HasFocus()| ControlGroup(7004).HasFocus()|ControlGroup(7008).HasFocus()| ControlGroup(7009).HasFocus()|ControlGroup(7006).HasFocus|Control.HasFocus(998)|Control.HasFocus(999)]">
			<effect type="fade" time="0" start="100" end="0" />
		</animation>
	    
		<animation type="Conditional" condition="![Player.HasVideo+!String.IsEmpty(Window(Home).Property(annonceencours))]+[System.HasModalDialog + !Window.IsActive(musicinformation) + !Window.IsActive(movieinformation) + !Window.IsActive(songinformation) ]|  Window.IsActive(yesnodialog) | Window.IsActive(contentsettings) | Window.IsActive(contextmenu) | Window.IsActive(playercontrols) | Window.IsActive(shutdownmenu) | Window.IsActive(favourites) | Window.IsActive(okdialog) | Window.IsActive(selectdialog) | Window.IsActive(mediafilter) | Window.IsActive(addoninformation) | Window.IsActive(profilesettings) | Window.IsActive(smartplaylisteditor) | Window.IsActive(smartplaylistrule) | Window.IsActive(virtualkeyboard) | Window.IsActive(numericinput) | ControlGroup(7000).HasFocus()| ControlGroup(7002).HasFocus()|ControlGroup(7005).HasFocus()|Control.HasFocus(7017)| ControlGroup(7001).HasFocus()| ControlGroup(7004).HasFocus()|ControlGroup(7008).HasFocus()| ControlGroup(7009).HasFocus()|ControlGroup(7006).HasFocus|Control.HasFocus(998)|Control.HasFocus(999)">
			<effect type="fade" time="100" start="0" end="80" />
		</animation>
		
		<animation type="Conditional" condition="[Player.HasVideo+!String.IsEmpty(Window(Home).Property(annonceencours))]">
			<effect type="fade" time="100" start="0" end="80" />
		</animation>
	
		<animation type="Conditional" condition="Window.IsActive(addonsettings) | Window.IsActive(filebrowser) | Window.IsActive(mediasource) | Window.IsActive(peripheralsettings) | Window.IsActive(script-RSS_Editor-rssEditor.xml) | Window.IsActive(script-RSS_Editor-setEditor.xml) | Window.IsActive(custom_DialogFavourites.xml) | Window.IsActive(script-PARAM.xml)">
			<effect type="fade" time="100" start="0" end="100" />
		</animation>
		 -->
	</include>
	
	
	
	
	<include name="Animation_FadedByOSDSettings">
		<animation type="Conditional" condition="Window.IsActive(osdvideosettings) | Window.IsActive(osdaudiosettings) | !String.IsEmpty(Window(Home).property(iconmixtoolsseekosd))">
			<effect type="fade" time="300" start="100" end="0" />
		</animation>
	</include>
	
	
	
	<include name="Animation_SlideUpFadeOut">
		<animation type="WindowOpen" reversible="false">
			<effect type="slide" start="0,100" end="0,0" time="400" tween="cubic" easing="out" />
			<effect type="fade" start="0" end="100" time="400" />
		</animation>
		<animation type="WindowClose" reversible="false">
			<effect type="fade" start="100" end="0" time="400" />
		</animation>
	</include>
	<include name="Animation_SlideDownFadeOut">
		<animation type="WindowOpen" reversible="false">
			<effect type="slide" start="0,-100" end="0,0" time="400" tween="cubic" easing="out" />
			<effect type="fade" start="0" end="100" time="400" />
		</animation>
		<animation type="WindowClose" reversible="false">
			<effect type="fade" start="100" end="0" time="400" />
		</animation>
	</include>
	<!-- ------telex ---------->
	
	<include name="Animation_SlideUpFadeOutV">
		<animation type="Visible" reversible="false">
			<effect type="slide" start="0,-800" end="0,0" time="2000" tween="cubic" easing="out" />
			<effect type="fade" start="0" end="100" time="2000" />
		</animation>
		<animation type="WindowOpen" reversible="false">
			<effect type="slide" start="0,-800" end="0,0" time="2000" tween="cubic" easing="out" />
			<effect type="fade" start="0" end="100" time="2000" />
		</animation>
		<animation type="Hidden" reversible="false">
			<effect type="slide" start="0,0" end="0,-800" time="2000" tween="cubic" easing="out" />
			<effect type="fade" start="100" end="0" time="2000" />
		</animation>
	</include>
	
	<!-- Info dialog animations -->
	<include name="Animation_HiddenByInfo">
		<animation effect="fade" start="100" end="0" time="200" condition="Window.IsActive(musicinformation) | Window.IsActive(movieinformation) | Window.IsActive(songinformation)">Conditional</animation>
	</include>
	

	
	
	<!-- Music animations -->
	<include name="Animation_SpinningCD">
		<animation type="Conditional" reversible="false" condition="Player.HasAudio">
			<effect type="slide" start="0,0" end="60,0" time="600" tween="cubic" easing="out" delay="400"/>
			<effect type="fade" start="0" end="100" time="400" delay="400"/>
		</animation>
		<animation effect="rotate" end="-360" center="auto" time="3500" loop="true" reversible="false" condition="!Player.Paused+Player.HasAudio">Conditional</animation>
		<animation effect="rotate" end="-360" center="auto" time="2000" loop="true" reversible="false" condition="Player.Forwarding2x+Player.HasAudio">Conditional</animation>
		<animation effect="rotate" end="-360" center="auto" time="1600" loop="true" reversible="false" condition="Player.Forwarding4x+Player.HasAudio">Conditional</animation>
		<animation effect="rotate" end="-360" center="auto" time="1100" loop="true" reversible="false" condition="Player.Forwarding8x+Player.HasAudio">Conditional</animation>
		<animation effect="rotate" end="-360" center="auto" time="700" loop="true" reversible="false" condition="Player.Forwarding16x+Player.HasAudio">Conditional</animation>
		<animation effect="rotate" end="-360" center="auto" time="400" loop="true" reversible="false" condition="Player.Forwarding32x+Player.HasAudio">Conditional</animation>
		<animation effect="rotate" end="360" center="auto" time="1100" loop="true" reversible="false" condition="Player.Rewinding2x+Player.HasAudio">Conditional</animation>
		<animation effect="rotate" end="360" center="auto" time="850" loop="true" reversible="false" condition="Player.Rewinding4x+Player.HasAudio">Conditional</animation>
		<animation effect="rotate" end="360" center="auto" time="700" loop="true" reversible="false" condition="Player.Rewinding8x+Player.HasAudio">Conditional</animation>
		<animation effect="rotate" end="360" center="auto" time="500" loop="true" reversible="false" condition="Player.Rewinding16x+Player.HasAudio">Conditional</animation>
		<animation effect="rotate" end="360" center="auto" time="350" loop="true" reversible="false" condition="Player.Rewinding32x+Player.HasAudio">Conditional</animation>
	
		<texture diffuse="platineborddiff.png" fallback="cd.png">$VAR[discartSpinning]</texture>
		<aspectratio align="bottom">keep</aspectratio>
	</include>
</includes>
