<?xml version="1.0" encoding="UTF-8"?>
<window id="120">
	<defaultcontrol>24</defaultcontrol>
	<controls>
		
		<include>MusiqueBackGround</include>
    <control type="visualisation" id="2">
      <description>visualisation</description>
      <posx>0</posx>
      <posy>0</posy>
      <width>1920</width>
      <height>1080</height>
      <include>Animation_BackdropFade</include>
    </control>
	<include>MusicOsd</include>
     <control type="grouplist" id="2001">
				<posy>845</posy>
				<width>800</width>
				<left>330</left>
				<itemgap>5</itemgap>
				<align>center</align>
			
				<orientation>horizontal</orientation>
				
				<onup>Close</onup>
				<ondown>Close</ondown>
				<control type="group" id="16">
				  <height>68</height>
					<width>68</width>
				<control type="button" id="166">
					<description>Repeat</description>					
					<label></label>
					<onleft>27</onleft>
					<onright>17</onright>
					<texturefocus></texturefocus>
					<texturenofocus></texturenofocus> 
					<onclick>PlayerControl(repeat)</onclick>
				</control>
				<control type="image" id="167">					
					<texture>$VAR[repeattexturenofocus]</texture>
					<visible>!Control.HasFocus(166)</visible>
				</control>
				<control type="image" id="167">					
					<texture>$VAR[repeattexturefocus]</texture>
					<visible>Control.HasFocus(166)</visible>
				</control>
				</control>
				<control type="button" id="17">
					<description>Playlists</description>
					<height>68</height>
					<width>68</width>
					<texturefocus>osd/osd_button_playlist_fo.png</texturefocus>
					<texturenofocus>osd/osd_button_playlist_nf.png</texturenofocus> 
					<onclick>ActivateWindow(musicplaylist)</onclick>
				</control>
				
				<control type="togglebutton" id="18">
					<description>Random</description>
					<height>68</height>
					<width>68</width>
					<label></label>
					<texturefocus>osd/osd_button_random_fo.png</texturefocus>
					<texturenofocus>osd/osd_button_random_nf.png</texturenofocus> 
					<usealttexture>Playlist.IsRandom</usealttexture>
					<alttexturefocus>osd/osd_button_random_on_fo.png</alttexturefocus>
					<alttexturenofocus>osd/osd_button_random_on_nf.png</alttexturenofocus>
					<disabledcolor>-</disabledcolor>
					<colordiffuse>-</colordiffuse>
					<onclick>PlayerControl(random)</onclick>
				</control>
					<control type="button" id="19">
					<description>Lyrics</description>
					<height>68</height>
					<width>68</width>
					<texturefocus>osd/osd_button_sub_fo.png</texturefocus>
					<texturenofocus>osd/osd_button_sub_nf.png</texturenofocus> 
								
					<disabledcolor>-</disabledcolor>
					<colordiffuse>-</colordiffuse>
					<onclick>Close</onclick>
					<onclick>Skin.ToggleSetting(LyricPathActive)</onclick>		
						
					<visible>!String.IsEmpty(Skin.String(LyricPath))</visible>
				</control>
				<control type="togglebutton" id="20">
					<description>Biography</description>
					<height>68</height>
					<width>68</width>					
					<texturefocus>osd/osd_button_bio_inactive_fo.png</texturefocus>
					<texturenofocus>osd/osd_button_bio_inactive_nf.png</texturenofocus> 
					<usealttexture>Skin.HasSetting(ShowArtistBio)</usealttexture>
					<alttexturefocus>osd/osd_button_bio_active_fo.png</alttexturefocus>
					<alttexturenofocus>osd/osd_button_bio_active_nf.png</alttexturenofocus>
					<disabledcolor>-</disabledcolor>
					<colordiffuse>-</colordiffuse>
					<onclick>Skin.ToggleSetting(ShowArtistBio)</onclick>
				</control>
				
				
				
				<control type="button" id="22">
					<description>Previous</description>
					<height>68</height>
					<width>68</width>
					<texturefocus>osd/osd_button_prev_fo.png</texturefocus>
					<texturenofocus>osd/osd_button_prev_nf.png</texturenofocus> 
					<onclick>PlayerControl(Previous)</onclick>
				</control>
				<control type="button" id="23">
					<description>Rewind</description>
					<height>68</height>
					<width>68</width>
					<texturefocus>osd/osd_button_rew_fo.png</texturefocus>
					<texturenofocus>osd/osd_button_rew_nf.png</texturenofocus> 
					<onclick>PlayerControl(rewind)</onclick>
				</control>
				<control type="togglebutton" id="24">
					<description>Play</description>
					<height>68</height>
					<width>68</width>
					<texturefocus>osd/osd_button_pause_fo.png</texturefocus>
					<texturenofocus>osd/osd_button_pause_nf.png</texturenofocus> 
					<usealttexture>Player.Paused | Player.Forwarding | Player.Rewinding</usealttexture>
					<alttexturefocus>osd/osd_button_play_fo.png</alttexturefocus>
					<alttexturenofocus>osd/osd_button_play_nf.png</alttexturenofocus>
					<disabledcolor>-</disabledcolor>
					<colordiffuse>-</colordiffuse>
					<onclick>PlayerControl(play)</onclick>
				</control>
				<control type="button" id="25">
					<description>Stop</description>
					<height>68</height>
					<width>68</width>
					<texturefocus>osd/osd_button_stop_fo.png</texturefocus>
					<texturenofocus>osd/osd_button_stop_nf.png</texturenofocus> 
					<onclick>PlayerControl(stop)</onclick>
				</control>
				<control type="button" id="26">
					<description>Forward</description>
					<height>68</height>
					<width>68</width>
					<texturefocus>osd/osd_button_ff_fo.png</texturefocus>
					<texturenofocus>osd/osd_button_ff_nf.png</texturenofocus> 
					<onclick>PlayerControl(forward)</onclick>
				</control>
				<control type="button" id="27">
					<description>Next</description>
					<height>68</height>
					<width>68</width>
					<onright>166</onright>
					<texturefocus>osd/osd_button_next_fo.png</texturefocus>
					<texturenofocus>osd/osd_button_next_nf.png</texturenofocus> 
					<onclick>PlayerControl(Next)</onclick>
				</control>
				
				
			</control>
			
   
	</controls>
</window>
