<?xml version="1.0" encoding="UTF-8"?>
<window id="28">
	<views>55,53,57</views>
	<defaultcontrol>55</defaultcontrol>
	<controls>
		<include>Global_Background</include>
		<include>Viewtype_List</include>
		<include>Viewtype_Poster_Fixed</include>
		<include>Viewtype_Poster_Wrap</include>
		<include>Global_ContextFilter</include>
		<include>Global_ScrollOffsetLabel</include>
		<!-- Navigation Menu -->
		<control type="group">
			<include>Animation_NavMenu</include>
			<include>NavMenuBackground</include>
			<control type="grouplist" id="7000">
				<posx>470</posx>
				<posy>120</posy>
				<width>340</width>
				<height>548</height>
				<itemgap>2</itemgap>
				<onleft>55</onleft>
				<onright>55</onright>
				<onup>7000</onup>
				<ondown>7000</ondown>
				<orientation>vertical</orientation>
				<visible allowhiddenfocus="true">ControlGroup(7000).HasFocus</visible>
				<control type="button" id="2">
					<description>View</description>
					<width>340</width>
					<height>40</height>
					<align>left</align>
					<aligny>center</aligny>
					<font>METF_DialogLarge</font>
					<label></label>
					<textoffsetx>20</textoffsetx>
					<textcolor>TextNF</textcolor>
					<focusedcolor>DialogTextFO</focusedcolor>
					<disabledcolor>TextDisabled</disabledcolor>
					<texturefocus colordiffuse="FocusBar">buttonfo2wide2.png</texturefocus>
					<texturenofocus>-</texturenofocus> -->
					<pulseonselect>false</pulseonselect>
				</control>
				<control type="button" id="3">
					<description>Sort</description>
					<width>340</width>
					<height>40</height>
					<align>left</align>
					<aligny>center</aligny>
					<font>METF_DialogLarge</font>
					<label></label>
					<textoffsetx>20</textoffsetx>
					<textcolor>TextNF</textcolor>
					<focusedcolor>DialogTextFO</focusedcolor>
					<disabledcolor>TextDisabled</disabledcolor>
					<texturefocus colordiffuse="FocusBar">buttonfo2wide2.png</texturefocus>
					<texturenofocus>-</texturenofocus> -->
					<pulseonselect>false</pulseonselect>
				</control>
				<control type="togglebutton" id="4">
					<description>Ascending/Descending</description>
					<width>340</width>
					<height>40</height>
					<align>left</align>
					<label>584</label>
					<altlabel>585</altlabel>
					<textoffsetx>20</textoffsetx>
					<font>METF_DialogLarge</font>
					<textcolor>TextNF</textcolor>
					<focusedcolor>DialogTextFO</focusedcolor>
					<disabledcolor>TextDisabled</disabledcolor>
					<texturefocus colordiffuse="FocusBar">buttonfo2wide2.png</texturefocus>
					<texturenofocus>-</texturenofocus> -->
					<alttexturenofocus border="2">-</alttexturenofocus>
					<alttexturefocus border="5">buttonfo2.png</alttexturefocus>
					<aligny>center</aligny>
					<pulseonselect>false</pulseonselect>
				</control>
				<control type="radiobutton" id="20">
					<description>Shuffle</description>
					<width>340</width>
					<align>left</align>
					<label>191</label>
					<aligny>center</aligny>
					<font>METF_DialogLarge</font>
					<textoffsetx>20</textoffsetx>
					<textcolor>TextNF</textcolor>
					<focusedcolor>DialogTextFO</focusedcolor>
					<disabledcolor>TextDisabled</disabledcolor>
					<texturefocus colordiffuse="FocusBar">buttonfo2wide2.png</texturefocus>
					<texturenofocus>-</texturenofocus> -->
				</control>
				<control type="button" id="21">
					<description>Save</description>
					<width>340</width>
					<height>40</height>
					<align>left</align>
					<aligny>center</aligny>
					<font>METF_DialogLarge</font>
					<label>190</label>
					<textoffsetx>20</textoffsetx>
					<textcolor>TextNF</textcolor>
					<focusedcolor>DialogTextFO</focusedcolor>
					<disabledcolor>TextDisabled</disabledcolor>
					<texturefocus colordiffuse="FocusBar">buttonfo2wide2.png</texturefocus>
					<texturenofocus>-</texturenofocus> -->
					<pulseonselect>false</pulseonselect>
				</control>
				<control type="button" id="22">
					<description>Clear</description>
					<width>340</width>
					<height>40</height>
					<align>left</align>
					<aligny>center</aligny>
					<font>METF_DialogLarge</font>
					<label>192</label>
					<textoffsetx>20</textoffsetx>
					<textcolor>TextNF</textcolor>
					<focusedcolor>DialogTextFO</focusedcolor>
					<disabledcolor>TextDisabled</disabledcolor>
					<texturefocus colordiffuse="FocusBar">buttonfo2wide2.png</texturefocus>
					<texturenofocus>-</texturenofocus> -->
					<pulseonselect>false</pulseonselect>
				</control>
				<control type="button" id="23">
					<description>Play</description>
					<width>340</width>
					<height>40</height>
					<align>left</align>
					<aligny>center</aligny>
					<font>METF_DialogLarge</font>
					<label>208</label>
					<textoffsetx>20</textoffsetx>
					<textcolor>TextNF</textcolor>
					<focusedcolor>DialogTextFO</focusedcolor>
					<disabledcolor>TextDisabled</disabledcolor>
					<texturefocus colordiffuse="FocusBar">buttonfo2wide2.png</texturefocus>
					<texturenofocus>-</texturenofocus> -->
					<pulseonselect>false</pulseonselect>
				</control>

			<control type="button" id="27">
				<description>viewmode</description>
					<width>340</width>
					<height>40</height>
					<align>left</align>
					<aligny>center</aligny>
					<font>METF_DialogLarge</font>
					<label>208</label>
					<textoffsetx>20</textoffsetx>
					<textcolor>TextNF</textcolor>
					<focusedcolor>DialogTextFO</focusedcolor>
					<disabledcolor>TextDisabled</disabledcolor>
					<texturefocus colordiffuse="FocusBar">buttonfo2wide2.png</texturefocus>
					<texturenofocus>-</texturenofocus> -->
					<pulseonselect>false</pulseonselect>
				<onclick>Container.NextViewMode</onclick>
			</control>
			<control type="button" id="26">
				<description>repeat</description>
					<width>340</width>
					<height>40</height>
					<align>left</align>
					<aligny>center</aligny>
					<font>METF_DialogLarge</font>
					<label>208</label>
					<textoffsetx>20</textoffsetx>
					<textcolor>TextNF</textcolor>
					<focusedcolor>DialogTextFO</focusedcolor>
					<disabledcolor>TextDisabled</disabledcolor>
					<texturefocus colordiffuse="FocusBar">buttonfo2wide2.png</texturefocus>
					<texturenofocus>-</texturenofocus> -->
					<pulseonselect>false</pulseonselect>
			</control>	
				
				
				
				<include>Nav_NowPlaying</include>
			</control>
		</control>
		
		
		
		<include>Global_MediaOverlay</include>
		
	</controls>
</window>
