<?xml version="1.0" encoding="UTF-8"?>
<window>
	<defaultcontrol always="true">10</defaultcontrol>
	<views>10,11,12</views>
	<controls>
		<include>Global_Background</include>
		<include>PVR_Headers</include>
		<control type="group" id="50">
			<control type="group">
				<description>TV Guide Timeline</description>
				<visible>Control.IsVisible(10)</visible>
				<control type="image">
					<description>separator image</description>
					<left>80</left>
					<top>101</top>
					<width>1740</width>
					<height>1</height>
					<colordiffuse>88FFFFFF</colordiffuse>
					<texture>videoinfoline.png</texture>
				</control>
				<control type="epggrid" id="10">
					<viewtype label="19032">list</viewtype>
					<description>EPG Grid</description>
					<left>80</left>
					<top>71</top>
					<width>1800</width>
					<height>800</height>
					<pagecontrol>10</pagecontrol>
					<scrolltime>350</scrolltime>
					<timeblocks>40</timeblocks>
					<rulerunit>6</rulerunit>
					<progresstexture border="0,48,18,14" colordiffuse="ArrowDiffuse">pvr-epgprogressindicator.png</progresstexture>
					<onleft>101</onleft>
					<onright>101</onright>
					<onup>10</onup>
					<ondown>10</ondown>
					<onback>101</onback> 
					<rulerlayout height="35" width="40">
						<control type="label" id="2">
							<left>10</left>
							<top>0</top>
							<width>34</width>
							<height>29</height>
							<font>METF_TitleText</font>
							<aligny>center</aligny>
							<selectedcolor>DialogTextFO</selectedcolor>
							<align>left</align>
							<label>$INFO[ListItem.Label]</label>
						</control>
					</rulerlayout>
					<channellayout height="48" width="280">
						<control type="image">
							<left>0</left>
							<top>0</top>
							<width>270</width>
							<height>48</height>
							<texture border="2">tvguide-program-grey-nofocus.png</texture>
						</control>
						<control type="label">
							<left>5</left>
							<top>5</top>
							<width>80</width>
							<height>35</height>
							<font>METF_TitleText</font>
							<align>left</align>
							<aligny>center</aligny>
							<textcolor>HelpText</textcolor>
							<selectedcolor>HelpText</selectedcolor>
							<info>ListItem.ChannelNumber</info>
						</control>
						<control type="image">
							<left>45</left>
							<top>2</top>
							<width>45</width>
							<height>44</height>
							<texture>$INFO[ListItem.Icon]</texture>
							<aspectratio>keep</aspectratio>
						</control>
						<control type="label" id="1">
							<left>94</left>
							<top>0</top>
							<width>160</width>
							<height>48</height>
							<font>METF_MediaDetails</font>
							<aligny>center</aligny>
							<selectedcolor>DialogTextFO</selectedcolor>
							<align>left</align>
							<label>$INFO[ListItem.ChannelName]</label>
						</control>
					</channellayout>
					<focusedchannellayout height="48" width="280">
						<control type="image">
							<left>0</left>
							<top>0</top>
							<width>270</width>
							<height>48</height>
							<texture border="2">tvguide-program-grey-nofocus.png</texture>
							<visible>!Control.HasFocus(10)</visible>
						</control>
						<control type="image">
							<left>0</left>
							<top>0</top>
							<width>270</width>
							<height>48</height>
							<texture border="2">tvguide-program-grey-focus.png</texture>
							<visible>Control.HasFocus(10)</visible>
						</control>
						<control type="label">
							<left>5</left>
							<top>5</top>
							<width>80</width>
							<height>35</height>
							<font>METF_TitleText</font>
							<align>left</align>
							<aligny>center</aligny>
							<textcolor>HelpText</textcolor>
							<selectedcolor>HelpText</selectedcolor>
							<info>ListItem.ChannelNumber</info>
						</control>
						<control type="image">
							<left>45</left>
							<top>2</top>
							<width>45</width>
							<height>44</height>
							<texture>$INFO[ListItem.Icon]</texture>
							<aspectratio>keep</aspectratio>
						</control>
						<control type="label" id="1">
							<left>94</left>
							<top>0</top>
							<width>160</width>
							<height>48</height>
							<font>METF_MediaDetails</font>
							<aligny>center</aligny>
							<selectedcolor>DialogTextFO</selectedcolor>
							<align>left</align>
							<label>$INFO[ListItem.ChannelName]</label>
						</control>
					</focusedchannellayout>
					<itemlayout height="48" width="40">
						<control type="image" id="2">
							<width>40</width>
							<height>48</height>
							<left>0</left>
							<top>0</top>
							<aspectratio>stretch</aspectratio>
							<texture border="3">epg-genres/$INFO[ListItem.Property(GenreType)].png</texture>
						</control>
						<control type="label" id="1">
							<left>10</left>
							<top>3</top>
							<width>20</width>
							<height>25</height>
							<font>METF_TitleText</font>
							<aligny>center</aligny>
							<selectedcolor>DialogTextFO</selectedcolor>
							<align>left</align>
							<info>ListItem.Label</info>
						</control>
						<control type="image">
							<left>6</left>
							<top>28</top>
							<width>24</width>
							<height>16</height>
							<texture>pvr-isrecording.png</texture>
							<visible>ListItem.IsRecording</visible>
						</control>
						<control type="image">
							<left>6</left>
							<top>28</top>
							<width>16</width>
							<height>16</height>
							<texture>pvr-hastimer.png</texture>
							<visible>ListItem.HasTimer + !ListItem.IsRecording</visible>
						</control>
						<control type="image">
							<left>6</left>
							<top>28</top>
							<width>16</width>
							<height>16</height>
							<texture>pvr-hasrecording.png</texture>
							<visible>ListItem.HasRecording + !ListItem.IsRecording + !ListItem.HasTimer</visible>
						</control>
					</itemlayout>
					<focusedlayout height="48" width="40">
						<control type="image" id="14">
							<width>40</width>
							<height>48</height>
							<left>0</left>
							<top>0</top>
							<texture border="5">folder-focus.png</texture>
						</control>
						<control type="image" id="2">
							<width>40</width>
							<height>48</height>
							<left>0</left>
							<top>0</top>
							<aspectratio>stretch</aspectratio>
							<texture border="3">epg-genres/solid/$INFO[ListItem.Property(GenreType)].png</texture>
						</control>
						<control type="label" id="1">
							<left>10</left>
							<top>3</top>
							<width>20</width>
							<height>25</height>
							<font>METF_TitleText</font>
							<aligny>center</aligny>
							<selectedcolor>DialogTextFO</selectedcolor>
							<align>left</align>
							<info>ListItem.Label</info>
						</control>
						<control type="image">
							<left>6</left>
							<top>28</top>
							<width>24</width>
							<height>16</height>
							<texture>pvr-isrecording.png</texture>
							<visible>ListItem.IsRecording</visible>
						</control>
						<control type="image">
							<left>6</left>
							<top>28</top>
							<width>16</width>
							<height>16</height>
							<texture>pvr-hastimer.png</texture>
							<visible>ListItem.HasTimer + !ListItem.IsRecording</visible>
						</control>
						<control type="image">
							<left>6</left>
							<top>28</top>
							<width>16</width>
							<height>16</height>
							<texture>pvr-hasrecording.png</texture>
							<visible>ListItem.HasRecording + !ListItem.IsRecording + !ListItem.HasTimer</visible>
						</control>
					</focusedlayout>
				</control>
				<control type="group">
					<visible>!String.String.IsEmpty(ListItem.Label)</visible>
					<left>80</left>
					<top>508</top>
					<control type="label">
						<left>280</left>
						<top>0</top>
						<width>840</width>
						<height>20</height>
						<label>$INFO[ListItem.Genre]</label>
						<font>METF_TitleTextMedium</font>
						<textcolor>White</textcolor>
					</control>
				</control>
			</control>
			<control type="group">
				<description>TV Guide Now</description>
				<visible>Control.IsVisible(11)</visible>
				<control type="group">
					<left>80</left>
					<top>60</top>
					<control type="label">
						<description>Time label</description>
						<left>0</left>
						<top>20</top>
						<width>100</width>
						<height>20</height>
						<font>METF_TitleTextMedium</font>
						<textcolor>White</textcolor>
						<shadowcolor>Black</shadowcolor>
						<align>center</align>
						<aligny>center</aligny>
						<label>555</label>
					</control>
					<control type="label">
						<description>Channel label</description>
						<left>100</left>
						<top>20</top>
						<width>250</width>
						<height>20</height>
						<font>METF_TitleTextMedium</font>
						<textcolor>White</textcolor>
						<shadowcolor>Black</shadowcolor>
						<align>center</align>
						<aligny>center</aligny>
						<label>19148</label>
					</control>
					<control type="label">
						<description>Title</description>
						<left>350</left>
						<top>20</top>
						<width>550</width>
						<height>20</height>
						<font>METF_TitleTextMedium</font>
						<textcolor>White</textcolor>
						<shadowcolor>Black</shadowcolor>
						<align>center</align>
						<aligny>center</aligny>
						<label>369</label>
					</control>
					<control type="label">
						<description>Status header label</description>
						<left>960</left>
						<top>20</top>
						<width>140</width>
						<height>20</height>
						<font>METF_TitleTextMedium</font>
						<textcolor>White</textcolor>
						<shadowcolor>Black</shadowcolor>
						<align>center</align>
						<aligny>center</aligny>
						<label>126</label>
					</control>
					<control type="image">
						<description>separator image</description>
						<left>0</left>
						<top>50</top>
						<width>1740</width>
						<height>1</height>
						<colordiffuse>88FFFFFF</colordiffuse>
						<texture>videoinfoline.png</texture>
					</control>
					<control type="list" id="11">
						<viewtype label="19030">list</viewtype>
						<left>0</left>
						<top>60</top>
						<width>1740</width>
						<height>800</height>
						<onup>11</onup>
						<ondown>11</ondown>
						<onleft>101</onleft>
						<onright>76</onright>
						<pagecontrol>76</pagecontrol>
						<scrolltime>200</scrolltime>
						<itemlayout height="40">
							<control type="image">
								<left>0</left>
								<top>0</top>
								<width>1740</width>
								<height>41</height>
								<texture border="5">tvguide-program-grey-nofocus.png</texture>
							</control>
							<control type="image">
								<left>100</left>
								<top>0</top>
								<width>250</width>
								<height>40</height>
								<colordiffuse>33FFFFFF</colordiffuse>
								<texture border="5">pstvbuttonnofocus2.png</texture>
							</control>
							<control type="image">
								<left>960</left>
								<top>0</top>
								<width>140</width>
								<height>40</height>
								<colordiffuse>33FFFFFF</colordiffuse>
								<texture border="5">pstvbuttonnofocus2.png</texture>
							</control>
							<control type="label">
								<left>-5</left>
								<top>0</top>
								<width>100</width>
								<height>40</height>
								<font>METF_TitleText</font>
								<align>right</align>
								<aligny>center</aligny>
								<textcolor>TextFO</textcolor>
								<selectedcolor>DialogTextFO</selectedcolor>
								<info>ListItem.StartTime</info>
							</control>
							<control type="image">
								<left>105</left>
								<top>5</top>
								<width>30</width>
								<height>30</height>
								<info>ListItem.Icon</info>
								<aspectratio>keep</aspectratio>
							</control>
							<control type="label">
								<left>140</left>
								<top>0</top>
								<width>190</width>
								<height>35</height>
								<font>METF_TitleText</font>
								<align>left</align>
								<aligny>center</aligny>
								<textcolor>TextFO</textcolor>
								<selectedcolor>DialogTextFO</selectedcolor>
								<info>ListItem.ChannelName</info>
							</control>
							<control type="label">
								<left>360</left>
								<top>0</top>
								<width>590</width>
								<height>35</height>
								<font>METF_TitleTextMedium</font>
								<align>left</align>
								<aligny>center</aligny>
								<textcolor>TextFO</textcolor>
								<selectedcolor>DialogTextFO</selectedcolor>
								<info>ListItem.Label</info>
							</control>
							<control type="image">
								<left>970</left>
								<top>10</top>
								<width>30</width>
								<height>20</height>
								<texture>pvr-isrecording.png</texture>
								<visible>ListItem.IsRecording</visible>
							</control>
							<control type="label">
								<left>1005</left>
								<top>0</top>
								<width>80</width>
								<height>40</height>
								<font>METF_DialogDetails</font>
								<align>left</align>
								<aligny>center</aligny>
								<textcolor>TextFO</textcolor>
								<selectedcolor>DialogTextFO</selectedcolor>
								<label>19043</label>
								<visible>ListItem.IsRecording</visible>
							</control>
							<control type="image">
								<left>970</left>
								<top>10</top>
								<width>20</width>
								<height>20</height>
								<texture>pvr-hastimer.png</texture>
								<visible>ListItem.HasTimer + !ListItem.IsRecording</visible>
							</control>
							<control type="label">
								<left>1000</left>
								<top>0</top>
								<width>80</width>
								<height>40</height>
								<font>METF_DialogDetails</font>
								<align>left</align>
								<aligny>center</aligny>
								<textcolor>TextFO</textcolor>
								<selectedcolor>DialogTextFO</selectedcolor>
								<label>31510</label>
								<visible>ListItem.HasTimer</visible>
							</control>
						</itemlayout>
						<focusedlayout height="40">
							<control type="image">
								<left>0</left>
								<top>1</top>
								<width>1740</width>
								<height>38</height>
								<colordiffuse>AAFFFFFF</colordiffuse>
								<texture border="5">black-back2.png</texture>
							</control>
							<control type="image">
								<left>0</left>
								<top>0</top>
								<width>1740</width>
								<height>40</height>
								<texture border="5">tvguide-program-grey-nofocus.png</texture>
							</control>
							<control type="image">
								<left>100</left>
								<top>0</top>
								<width>250</width>
								<height>40</height>
								<colordiffuse>AAFFFFFF</colordiffuse>
								<texture border="5">pstvbuttonnofocus2.png</texture>
								<visible>!Control.HasFocus(11)</visible>
							</control>
							<control type="image">
								<left>960</left>
								<top>0</top>
								<width>140</width>
								<height>40</height>
								<colordiffuse>AAFFFFFF</colordiffuse>
								<texture border="5">pstvbuttonnofocus2.png</texture>
								<visible>!Control.HasFocus(11)</visible>
							</control>
							<control type="image">
								<left>100</left>
								<top>0</top>
								<width>250</width>
								<height>40</height>
								<colordiffuse>88FFFFFF</colordiffuse>
								<texture border="5">pstvbuttonnofocus2.png</texture>
								<visible>Control.HasFocus(11)</visible>
							</control>
							<control type="image">
								<left>960</left>
								<top>0</top>
								<width>140</width>
								<height>40</height>
								<colordiffuse>88FFFFFF</colordiffuse>
								<texture border="5">pstvbuttonnofocus2.png</texture>
								<visible>Control.HasFocus(11)</visible>
							</control>
							<control type="label">
								<left>-5</left>
								<top>0</top>
								<width>100</width>
								<height>40</height>
								<font>METF_TitleText</font>
								<align>right</align>
								<aligny>center</aligny>
								<textcolor>White</textcolor>
								<selectedcolor>DialogTextFO</selectedcolor>
								<info>ListItem.StartTime</info>
							</control>
							<control type="image">
								<left>105</left>
								<top>5</top>
								<width>30</width>
								<height>30</height>
								<info>ListItem.Icon</info>
								<aspectratio>keep</aspectratio>
							</control>
							<control type="label">
								<left>140</left>
								<top>0</top>
								<width>190</width>
								<height>35</height>
								<font>METF_TitleText</font>
								<align>left</align>
								<aligny>center</aligny>
								<textcolor>White</textcolor>
								<selectedcolor>DialogTextFO</selectedcolor>
								<info>ListItem.ChannelName</info>
							</control>
							<control type="label">
								<left>360</left>
								<top>0</top>
								<width>590</width>
								<height>35</height>
								<font>METF_TitleTextMedium</font>
								<align>left</align>
								<aligny>center</aligny>
								<textcolor>White</textcolor>
								<selectedcolor>DialogTextFO</selectedcolor>
								<info>ListItem.Label</info>
							</control>
							<control type="image">
								<left>970</left>
								<top>10</top>
								<width>30</width>
								<height>20</height>
								<texture>pvr-isrecording.png</texture>
								<visible>ListItem.IsRecording</visible>
							</control>
							<control type="label">
								<left>1005</left>
								<top>0</top>
								<width>80</width>
								<height>40</height>
								<font>METF_DialogDetails</font>
								<align>left</align>
								<aligny>center</aligny>
								<textcolor>TextFO</textcolor>
								<selectedcolor>DialogTextFO</selectedcolor>
								<label>19043</label>
								<visible>ListItem.IsRecording</visible>
							</control>
							<control type="image">
								<left>970</left>
								<top>10</top>
								<width>20</width>
								<height>20</height>
								<texture>pvr-hastimer.png</texture>
								<visible>ListItem.HasTimer + !ListItem.IsRecording</visible>
							</control>
							<control type="label">
								<left>1000</left>
								<top>0</top>
								<width>80</width>
								<height>40</height>
								<font>METF_DialogDetails</font>
								<align>left</align>
								<aligny>center</aligny>
								<textcolor>TextFO</textcolor>
								<selectedcolor>DialogTextFO</selectedcolor>
								<label>31510</label>
								<visible>ListItem.HasTimer</visible>
							</control>
						</focusedlayout>
					</control>
					<control type="scrollbar" id="76">
						<description>Channel scrollbar</description>
						<posx>1187</posx>
						<posy>30</posy>
						<width>25</width>
						<height>466</height>
						<texturesliderbackground>-</texturesliderbackground>
						<textureslidernibfocus>scrollbarv_nib_focus.png</textureslidernibfocus>
						<onleft>11</onleft>
						<onright>101</onright>
						<showonepage>false</showonepage>
						<orientation>vertical</orientation>
					</control>
				</control>
			</control>
			<control type="group">
				<description>TV Guide Next</description>
				<visible>Control.IsVisible(12)</visible>
				<control type="group">
					<left>80</left>
					<top>60</top>
					<control type="label">
						<description>Time label</description>
						<left>0</left>
						<top>20</top>
						<width>100</width>
						<height>20</height>
						<font>METF_TitleTextMedium</font>
						<textcolor>White</textcolor>
						<shadowcolor>Black</shadowcolor>
						<align>center</align>
						<aligny>center</aligny>
						<label>555</label>
					</control>
					<control type="label">
						<description>Channel label</description>
						<left>100</left>
						<top>20</top>
						<width>250</width>
						<height>20</height>
						<font>METF_TitleTextMedium</font>
						<textcolor>White</textcolor>
						<shadowcolor>Black</shadowcolor>
						<align>center</align>
						<aligny>center</aligny>
						<label>19148</label>
					</control>
					<control type="label">
						<description>Title</description>
						<left>350</left>
						<top>20</top>
						<width>550</width>
						<height>20</height>
						<font>METF_TitleTextMedium</font>
						<textcolor>White</textcolor>
						<shadowcolor>Black</shadowcolor>
						<align>center</align>
						<aligny>center</aligny>
						<label>369</label>
					</control>
					<control type="label">
						<description>Status header label</description>
						<left>960</left>
						<top>20</top>
						<width>140</width>
						<height>20</height>
						<font>METF_TitleTextMedium</font>
						<textcolor>White</textcolor>
						<shadowcolor>Black</shadowcolor>
						<align>center</align>
						<aligny>center</aligny>
						<label>126</label>
					</control>
					<control type="image">
						<description>separator image</description>
						<left>0</left>
						<top>50</top>
						<width>1740</width>
						<height>1</height>
						<colordiffuse>88FFFFFF</colordiffuse>
						<texture>videoinfoline.png</texture>
					</control>
					<control type="list" id="12">
						<viewtype label="19031">list</viewtype>
						<left>0</left>
						<top>60</top>
						<width>1740</width>
						<height>800</height>
						<onup>12</onup>
						<ondown>12</ondown>
						<onleft>101</onleft>
						<onright>76</onright>
						<pagecontrol>76</pagecontrol>
						<scrolltime>200</scrolltime>
						<itemlayout height="40">
							<control type="image">
								<left>0</left>
								<top>0</top>
								<width>1740</width>
								<height>41</height>
								<texture border="5">tvguide-program-grey-nofocus.png</texture>
							</control>
							<control type="image">
								<left>100</left>
								<top>0</top>
								<width>250</width>
								<height>40</height>
								<colordiffuse>33FFFFFF</colordiffuse>
								<texture border="5">pstvbuttonnofocus2.png</texture>
							</control>
							<control type="image">
								<left>960</left>
								<top>0</top>
								<width>140</width>
								<height>40</height>
								<colordiffuse>33FFFFFF</colordiffuse>
								<texture border="5">pstvbuttonnofocus2.png</texture>
							</control>
							<control type="label">
								<left>-5</left>
								<top>0</top>
								<width>100</width>
								<height>40</height>
								<font>METF_TitleText</font>
								<align>right</align>
								<aligny>center</aligny>
								<textcolor>TextFO</textcolor>
								<selectedcolor>DialogTextFO</selectedcolor>
								<info>ListItem.StartTime</info>
							</control>
							<control type="image">
								<left>105</left>
								<top>5</top>
								<width>30</width>
								<height>30</height>
								<info>ListItem.Icon</info>
								<aspectratio>keep</aspectratio>
							</control>
							<control type="label">
								<left>140</left>
								<top>0</top>
								<width>190</width>
								<height>35</height>
								<font>METF_TitleText</font>
								<align>left</align>
								<aligny>center</aligny>
								<textcolor>White</textcolor>
								<selectedcolor>DialogTextFO</selectedcolor>
								<info>ListItem.ChannelName</info>
							</control>
							<control type="label">
								<left>360</left>
								<top>0</top>
								<width>590</width>
								<height>35</height>
								<font>METF_TitleTextMedium</font>
								<align>left</align>
								<aligny>center</aligny>
								<textcolor>TextFO</textcolor>
								<selectedcolor>DialogTextFO</selectedcolor>
								<info>ListItem.Label</info>
							</control>
							<control type="image">
								<left>970</left>
								<top>10</top>
								<width>30</width>
								<height>20</height>
								<texture>pvr-isrecording.png</texture>
								<visible>ListItem.IsRecording</visible>
							</control>
							<control type="label">
								<left>1005</left>
								<top>0</top>
								<width>80</width>
								<height>40</height>
								<font>METF_DialogDetails</font>
								<align>left</align>
								<aligny>center</aligny>
								<textcolor>TextFO</textcolor>
								<selectedcolor>DialogTextFO</selectedcolor>
								<label>19043</label>
								<visible>ListItem.IsRecording</visible>
							</control>
							<control type="image">
								<left>970</left>
								<top>10</top>
								<width>20</width>
								<height>20</height>
								<texture>pvr-hastimer.png</texture>
								<visible>ListItem.HasTimer + !ListItem.IsRecording</visible>
							</control>
							<control type="label">
								<left>1000</left>
								<top>0</top>
								<width>80</width>
								<height>40</height>
								<font>METF_DialogDetails</font>
								<align>left</align>
								<aligny>center</aligny>
								<textcolor>TextFO</textcolor>
								<selectedcolor>DialogTextFO</selectedcolor>
								<label>31510</label>
								<visible>ListItem.HasTimer</visible>
							</control>
						</itemlayout>
						<focusedlayout height="40">
							<control type="image">
								<left>0</left>
								<top>1</top>
								<width>1740</width>
								<height>38</height>
								<colordiffuse>AAFFFFFF</colordiffuse>
								<texture border="5">black-back2.png</texture>
							</control>
							<control type="image">
								<left>0</left>
								<top>0</top>
								<width>1740</width>
								<height>40</height>
								<texture border="5">tvguide-program-grey-nofocus.png</texture>
							</control>
							<control type="image">
								<left>100</left>
								<top>0</top>
								<width>250</width>
								<height>40</height>
								<colordiffuse>AAFFFFFF</colordiffuse>
								<texture border="5">pstvbuttonnofocus2.png</texture>
								<visible>!Control.HasFocus(12)</visible>
							</control>
							<control type="image">
								<left>960</left>
								<top>0</top>
								<width>140</width>
								<height>40</height>
								<colordiffuse>AAFFFFFF</colordiffuse>
								<texture border="5">pstvbuttonnofocus2.png</texture>
								<visible>!Control.HasFocus(12)</visible>
							</control>
							<control type="image">
								<left>100</left>
								<top>0</top>
								<width>250</width>
								<height>40</height>
								<colordiffuse>88FFFFFF</colordiffuse>
								<texture border="5">pstvbuttonnofocus2.png</texture>
								<visible>Control.HasFocus(12)</visible>
							</control>
							<control type="image">
								<left>960</left>
								<top>0</top>
								<width>140</width>
								<height>40</height>
								<colordiffuse>88FFFFFF</colordiffuse>
								<texture border="5">pstvbuttonnofocus2.png</texture>
								<visible>Control.HasFocus(12)</visible>
							</control>
							<control type="label">
								<left>-5</left>
								<top>0</top>
								<width>100</width>
								<height>40</height>
								<font>METF_TitleText</font>
								<align>right</align>
								<aligny>center</aligny>
								<textcolor>White</textcolor>
								<selectedcolor>DialogTextFO</selectedcolor>
								<info>ListItem.StartTime</info>
							</control>
							<control type="image">
								<left>105</left>
								<top>5</top>
								<width>30</width>
								<height>30</height>
								<info>ListItem.Icon</info>
								<aspectratio>keep</aspectratio>
							</control>
							<control type="label">
								<left>140</left>
								<top>0</top>
								<width>190</width>
								<height>35</height>
								<font>METF_TitleText</font>
								<align>left</align>
								<aligny>center</aligny>
								<textcolor>White</textcolor>
								<selectedcolor>DialogTextFO</selectedcolor>
								<info>ListItem.ChannelName</info>
							</control>
							<control type="label">
								<left>360</left>
								<top>0</top>
								<width>590</width>
								<height>35</height>
								<font>METF_TitleTextMedium</font>
								<align>left</align>
								<aligny>center</aligny>
								<textcolor>White</textcolor>
								<selectedcolor>DialogTextFO</selectedcolor>
								<info>ListItem.Label</info>
							</control>
							<control type="image">
								<left>970</left>
								<top>10</top>
								<width>30</width>
								<height>20</height>
								<texture>pvr-isrecording.png</texture>
								<visible>ListItem.IsRecording</visible>
							</control>
							<control type="label">
								<left>1005</left>
								<top>0</top>
								<width>80</width>
								<height>40</height>
								<font>METF_DialogDetails</font>
								<align>left</align>
								<aligny>center</aligny>
								<textcolor>TextFO</textcolor>
								<selectedcolor>DialogTextFO</selectedcolor>
								<label>19043</label>
								<visible>ListItem.IsRecording</visible>
							</control>
							<control type="image">
								<left>970</left>
								<top>10</top>
								<width>20</width>
								<height>20</height>
								<texture>pvr-hastimer.png</texture>
								<visible>ListItem.HasTimer + !ListItem.IsRecording</visible>
							</control>
							<control type="label">
								<left>1000</left>
								<top>0</top>
								<width>80</width>
								<height>40</height>
								<font>METF_DialogDetails</font>
								<align>left</align>
								<aligny>center</aligny>
								<textcolor>TextFO</textcolor>
								<selectedcolor>DialogTextFO</selectedcolor>
								<label>31510</label>
								<visible>ListItem.HasTimer</visible>
							</control>
						</focusedlayout>
					</control>

	<!-- fixxxxx -->
					<control type="scrollbar" id="76">
						<description>Channel scrollbar</description>
						<posx>1187</posx>
						<posy>30</posy>
						<width>25</width>
						<height>466</height>
						<texturesliderbackground>-</texturesliderbackground>
						<textureslidernibfocus>scrollbarv_nib_focus.png</textureslidernibfocus>
						<onleft>12</onleft>
						<onright>101</onright>
						<showonepage>false</showonepage>
						<orientation>vertical</orientation>
					</control>
				</control>
			</control>

		</control>

		<control type="image">
			<left>0</left>
			<top>0</top>
			<width>1920</width>
			<height>1080</height>
			<texture>black-back.png</texture>
			<animation effect="fade" time="400">Visible</animation>
			<animation effect="fade" time="200">Hidden</animation>
			<visible>Window.IsActive(FileBrowser) | Window.IsActive(PVRGuideInfo) | Window.IsActive(PVRRecordingInfo) | Window.IsActive(PVRTimerSetting) | Window.IsActive(PVRGroupManager) | Window.IsActive(PVRGuideSearch)</visible>
		</control>

			<!-- TV Channel Plot (Bottom) -->
			<include>LiveTVPlot</include>
		
		<!--  Side Buttons -->
		<control type="group">
			<include>Animation_NavMenu</include>
			<include>NavMenuBackground</include>
			<control type="grouplist" id="7000">
				<posx>470</posx>
				<posy>120</posy>
				<width>340</width>
				<height>472</height>
				<itemgap>2</itemgap>
				<onleft>10</onleft>
				<onright>10</onright>
				<visible allowhiddenfocus="true">ControlGroup(7000).HasFocus</visible>
				<include>PVR_SideMenu</include>
				<include>Nav_NowPlaying</include>
			</control>
		</control>

		<include>PVR_Headers</include>
		
		
		
	</controls>
</window>
