<?xml version="1.0" encoding="UTF-8"?>
<window id="12">
	<defaultcontrol>3</defaultcontrol>
	<controls>
		<include>Global_Background</include>
		<control type="group">
			<animation type="Conditional" condition="Window.IsActive(locksettings) | Window.IsActive(yesnodialog)">
				<effect type="zoom" time="600" center="640,360" start="100" end="50" tween="cubic" easing="inout" />
				<effect type="fade" time="400" start="100" end="0" />
			</animation>
			<control type="grouplist" id="3">
				<description>Button Area</description>
				
				<include>Animation_OpenCloseFade</include>
				<include>Animation_CommonFadeNoHide</include>
				<posx>0</posx>
				<posy>80</posy>
				<width>380</width>
				<height>456</height>
				<itemgap>0</itemgap>
				<scrolltime>0</scrolltime>
				<onleft>5</onleft>
				<onright>5</onright>
				<onup>20</onup>
				<ondown>3</ondown>
				<orientation>vertical</orientation>
			</control>
			  <control type="image">
          <posx>420</posx>
          <posy>0</posy>
          <height>1080</height>
          <width>10</width>
          <texture border="2">videoinfoline.png</texture>
          <colordiffuse>SettingsLine</colordiffuse>

        </control>
			<control type="grouplist" id="5">
				<description>Control Area</description>
				
				<include>Animation_OpenCloseFade</include>
				<include>Animation_CommonFadeNoHide</include>
				<posx>440</posx>
				<posy>80</posy>
				<width>1240</width>
				<height>756</height>
				<scrolltime>0</scrolltime>
				<itemgap>0</itemgap>
				<onleft>3</onleft>
				<onright>3</onright>
				<onup>5</onup>
				<ondown>5</ondown>
				<orientation>vertical</orientation>
			</control>
			<control type="button" id="7">
				<description>Default Button</description>
				<include>SettingsLabel</include>
			</control>
			<control type="radiobutton" id="8">
				<description>Default Radio Button</description>
				<include>SettingsLabel</include>
			</control>
			<control type="spincontrolex" id="9">
				<description>Default Spin Control</description>
				<include>SettingsLabel</include>
			</control>
			<control type="button" id="10">
				<description>Default Category Button</description>
				<include>SettingsLabel2</include>
			</control>
			<control type="sliderex" id="13">
				<description>Default Slider</description>
				<include>SettingsLabel</include>
				<sliderwidth>300</sliderwidth>
				<sliderheight>16</sliderheight>
				<texturesliderbar>osdsliderback.png</texturesliderbar>
				<textureslidernib>osdslidernib_2.png</textureslidernib>
				<textureslidernibfocus>osdslidernib.png</textureslidernibfocus>
			</control>
			<control type="textbox" id="6">
            <posx>440</posx>
            <posy>880</posy>
            <width>1000</width>
            <aligny>top</aligny>
            <align>center</align>
            <font>PlotFont</font>
            <textcolor>LowerText</textcolor>
            <shadowcolor>FF000000</shadowcolor>
          </control>

			<control type="label" id="14">
				<description>Default Label</description>
				<height>38</height>
				<align>left</align>
				<aligny>center</aligny>
				<font>METF_DialogLargeBold</font>
				<textcolor>MediaDetailsGenre</textcolor>
				<label></label>
			</control>
		</control>
		<include>Global_ContextFilter</include>
		
		
		<include>Global_MediaOverlay</include>
		 <include>Setting_Heading</include>
		
	</controls>
</window>
