<?xml version="1.0" encoding="UTF-8"?>
<window id="125">
	<defaultcontrol always="true">2</defaultcontrol>
	<coordinates>
		<system>1</system>
		<posx>230</posx>
		<posy>35</posy>
	</coordinates>

	<controls>
		<!-- Menu Background Panel -->
		<control type="image">
			<description>background image</description>
			<posx>0</posx>
			<posy>0</posy>
			<width>830</width>
			<height>650</height>
			<texture>frames/menu_glass2b.png</texture>
			<colordiffuse>OSDDialogBackgroundColor</colordiffuse>
		</control>
		<control type="label">
			<description>heading label</description>
			<posx>70</posx>
			<posy>50</posy>
			<width>660</width>
			<height>40</height>
			<align>center</align>
			<aligny>center</aligny>
			<font>METF_SettingsHeading</font>
			<textcolor>DialogTextFO</textcolor>
			<label>$LOCALIZE[298] ($INFO[Container(11).CurrentPage]/$INFO[Container(11).NumPages])</label>
		</control>

		<control type="panel" id="11">
			<posx>52</posx>
			<posy>95</posy>
			<width>1080</width>
			<height>430</height>
			<onleft>2</onleft>
			<onright>4</onright>
			<ondown>2</ondown>
			<onup>2</onup>
			<scrolltime>200</scrolltime>
			<viewtype label="536">icon</viewtype>
			<pagecontrol>-</pagecontrol>
			<orientation>vertical</orientation>
			<itemlayout height="215" width="240">
				<control type="image">
					<posx>2</posx>
					<posy>2</posy>
					<width>235</width>
					<height>210</height>
					<texture border="3">bookmarkbg.png</texture>
					<colordiffuse>OSDBookmarkNF</colordiffuse>
				</control>
				<control type="image">
					<posx>7</posx>
					<posy>7</posy>
					<width>220</width>
					<height>175</height>
					<info>ListItem.Icon</info>
				</control>
				<control type="label">
					<posx>7</posx>
					<posy>185</posy>
					<width>225</width>
					<height>22</height>
					<font>METF_DialogMediumBold</font>
					<textcolor>TextNF</textcolor>
					<selectedcolor>DialogTextFO</selectedcolor>
					<align>center</align>
					<aligny>center</aligny>
					<label>$INFO[ListItem.Label]$INFO[ListItem.Label2, (,)]</label>
				</control>
			</itemlayout>
			<focusedlayout height="215" width="240">
				<control type="image">
					<posx>2</posx>
					<posy>2</posy>
					<width>235</width>
					<height>210</height>
					<texture border="2">bookmarkbg.png</texture>
					<colordiffuse>OSDBookmarkFO</colordiffuse>
				</control>
				<control type="image">
					<posx>7</posx>
					<posy>7</posy>
					<width>220</width>
					<height>175</height>
					<info>ListItem.Icon</info>
				</control>
				<control type="label">
					<posx>7</posx>
					<posy>185</posy>
					<width>225</width>
					<height>22</height>
					<font>METF_DialogMediumBold</font>
					<textcolor>DialogTextFO</textcolor>
					<selectedcolor>DialogTextFO</selectedcolor>
					<align>center</align>
					<aligny>center</aligny>
					<label>$INFO[ListItem.Label]$INFO[ListItem.Label2, (,)]</label>
				</control>
			</focusedlayout>
		</control>
		<control type="button" id="2">
			<description>Create Bookmark button</description>
			<posx>54</posx>
			<posy>550</posy>
			<width>235</width>
			<height>35</height>
			<label>294</label>
			<font>METF_DialogMedium</font>
			<textcolor>TextNF</textcolor>
			<focusedcolor>TextFO</focusedcolor>
			<align>center</align>
			<texturefocus border="1" colordiffuse="FocusBar">buttonfo2wide2.png</texturefocus>
			<onleft>4</onleft>
			<onright>3</onright>
			<ondown>11</ondown>
			<onup>11</onup>
		</control>
		<control type="button" id="3">
			<description>Clear Bookmark button</description>
			<posx>294</posx>
			<posy>550</posy>
			<width>235</width>
			<height>35</height>
			<label>296</label>
			<font>METF_DialogMedium</font>
			<textcolor>TextNF</textcolor>
			<focusedcolor>TextFO</focusedcolor>
			<align>center</align>
			<texturefocus border="1" colordiffuse="FocusBar">buttonfo2wide2.png</texturefocus>
			<onleft>2</onleft>
			<onright>4</onright>
			<ondown>11</ondown>
			<onup>11</onup>
		</control>
		<control type="button" id="4">
			<description>Set Episode Bookmark button</description>
			<posx>534</posx>
			<posy>550</posy>
			<width>235</width>
			<height>35</height>
			<label>20406</label>
			<font>METF_DialogMedium</font>
			<textcolor>TextNF</textcolor>
			<focusedcolor>TextFO</focusedcolor>
			<align>center</align>
			<texturefocus border="1" colordiffuse="FocusBar">buttonfo2wide2.png</texturefocus>
			<onleft>3</onleft>
			<onright>2</onright>
			<ondown>11</ondown>
			<onup>11</onup>
			<visible>videoplayer.content(episodes)</visible>
		</control>
		<!-- Arrows -->
		<control type="image">
			<posx>50</posx>
			<posy>68</posy>
			<width>24</width>
			<height>24</height>
			<texture>arrow2up.png</texture>
			<colordiffuse>ArrowDiffuse</colordiffuse>
			<visible>Container(11).HasPrevious</visible>
		</control>
		<control type="image">
			<posx>50</posx>
			<posy>530</posy>
			<width>24</width>
			<height>24</height>
			<texture>arrow2down.png</texture>
			<colordiffuse>ArrowDiffuse</colordiffuse>
			<visible>Container(11).HasNext</visible>
		</control>
		
	</controls>
</window>
