<?xml version="1.0" encoding="UTF-8"?>
<includes>
  <include name="common_low">
    <!-- List Line Item Divider -->
    <control type="image">

      <texture diffuse="frames/fonddiffuseinv.png">focusline.png</texture>
      <colordiffuse>A01F1F1F</colordiffuse>
      <aspectratio scalediffuse="true">stretch</aspectratio>
      <!-- <visible>!String.IsEqual(ListItem.Label,..)+!String.IsEqual(ListItem.Title,..)+!Control.IsVisible(508)</visible> -->
    </control>
    <control type="image">
      <left>0</left>
      <width>350</width>
      <align>left</align>
      <texture >$INFO[ListItem.Art(thumb)]</texture>
      <bordersize>20</bordersize>
      <bordertexture border="20" colordiffuse="FFFFFFFF">frames/menu_glass2b.png</bordertexture>
      <aspectratio align="left">keep</aspectratio>
    </control>
    <control type="image">
      <left>5</left>
      <top>245</top>
      <width>1200</width>
      <height>3</height>
      <texture>videoinfoline.png</texture>
      <colordiffuse>FilesDividerDiffuse</colordiffuse>
    </control>
    <!-- Items in Video Library -->

    <control type="label">
      <include>isWatched</include>
      <top>0</top>
      <width>840</width>
      <height>35</height>
      <left>360</left>
      <align>left</align>
      <label>$VAR[ListItemTitle]</label>
      <include>FontTitre</include>
      <textcolor>LowListTitle</textcolor>
    </control>

    <!-- Watched Overlay for Items in Video Library -->

    <!-- Watched Overlay for In-Progress Items in Video Library -->
    <control type="group">
      <left>90</left>
      <top>210</top>
      <include>OverlayProgress</include>
    </control>
    <!-- Items NOT in Video Library -->


  </include>
  <include name="Viewtype_ListeDetails">
    <control type="group">
      <visible>Control.IsVisible(900)</visible>
      <control type="list" id="900">
        <animation type="Conditional" condition="!Skin.HasSetting(VueExperimentale)">
          <effect type="slide" start="0,0" end="0,200" time="1"  />
        </animation>
        <viewtype label="$LOCALIZE[31819]">biglist</viewtype>
        <left>600</left>
        <top>-150</top>
        <width>1420</width>
        <height>1000</height>
        <movement>3</movement>

        <include condition="!Skin.HasSetting(ViewLockdown)">OnLeft7000</include>
        <orientation>vertical</orientation>
        <preloaditems>2</preloaditems>
        <include>Animation_OpenCloseFade</include>

        <include>Animation_HiddenByInfo</include>
        <visible>!Skin.HasSetting(NoViewLowList)</visible>
        <itemlayout width="1420" height="250">
          <include>common_low</include>
          <control type="textbox">
            <left>350</left>
            <top>50</top>
            <width>950</width>
            <height>140</height>
            <align>left</align>
            <label>$VAR[PlotBox_Text]</label>
            <include>PlotNoDialFont</include>
            <textcolor>A07F7F7F</textcolor>

          </control>
          <include content="MediaInfoMiniPlus">
            <param name="PosX">1030</param>
            <param name="PosY">210</param>
            <param name="Transparence">70</param>
          </include>
        </itemlayout>
        <focusedlayout width="1420" height="250">
          <control type="group">
            <animation effect="slide" end="-120" center="auto" time="100" reversible="true">focus</animation>
            <control type="image">
              <bordersize>1</bordersize>
              <bordertexture border="1" colordiffuse="FFFFFF00">landscape.png</bordertexture>
              <texture diffuse="frames/fonddiffuseinv.png">focusline.png</texture>
              <colordiffuse>A01F1F1F</colordiffuse>
              <aspectratio scalediffuse="true">stretch</aspectratio>
              <!-- <visible>!String.IsEqual(ListItem.Label,..)+!String.IsEqual(ListItem.Title,..)+!Control.IsVisible(508)</visible> -->
            </control>
            <include>common_low</include>

            
            <control type="textbox">
              <left>350</left>
              <top>50</top>
              <width>1000</width>
              <height>190</height>
              <align>left</align>
              <label>$VAR[PlotBox_Text]</label>
              <include>SpecialPlotBoxScroll</include>
              <include>PlotNoDialFont</include>
              <textcolor>yellow</textcolor>

            </control>

          </control>

        </focusedlayout>
      </control>
      <control type="grouplist">
        <animation type="Visible"  reversible="true">
          <effect type="slide" start="0" end="130" time="200"  delay="1000"/>
        </animation>
        <visible>[String.Contains(ListItem.DBTYPE,artist)|String.Contains(ListItem.DBTYPE,set)]+Control.HasFocus(900)+!Container(1999).IsUpdating+!Container.OnNext+!Container.OnPrevious+Integer.IsGreater(Container(1999).NumItems,0)</visible>
        <orientation>vertical</orientation>
        <height>490</height>
        <align>center</align>
        <aligny>center</aligny>
        <top>150</top>
        <left>120</left>
        <include content="boitierslist">
          <param name="id">0</param>
        </include>
        <include content="boitierslist">
          <param name="id">1</param>
        </include>
        <include content="boitierslist">
          <param name="id">2</param>
        </include>
        <include content="boitierslist">
          <param name="id">3</param>
        </include>
        <include content="boitierslist">
          <param name="id">4</param>
        </include>
        <include content="boitierslist">
          <param name="id">5</param>
        </include>
        <control type="group">
          <height>80</height>
          <control type="image">
            <left>90</left>
            <top>110</top>
            <width>40</width>
            <height>40</height>
            <aspectratio>keep</aspectratio>
            <texture background="true">3points.png</texture>
            <visible>Integer.IsGreater(Container(1999).NumItems,6)</visible>
          </control>
        </control>


      </control>
      <!-- Thumbnails -->
      <control type="group">
        <left>100</left>
        <posy>-80</posy>
        <include>Animation_OpenCloseFade</include>

        <include>Animation_HiddenByInfo</include>

        <control type="group">
          <visible>!Container.Content(songs)+!Container.Content(artists)+!Container.Content(albums)+!Container.Content(musicvideos)+!Window.IsActive(pictures)+!Container.Content(addons)</visible>
          <control type="image">
            <posx>-70</posx>
            <posy>310</posy>
            <width>300</width>
            <height>440</height>
            <bordersize>20</bordersize>
            <bordertexture border="20" colordiffuse="FFFFFFFF">frames/menu_glass2b.png</bordertexture>
            <texture background="true">$INFO[ListItem.Icon]</texture>
            <aspectratio scalediffuse="false">keep</aspectratio>
            <fadetime>300</fadetime>
          </control>

          <control type="image">
            <posx>-70</posx>
            <posy>310</posy>
            <width>300</width>
            <height>440</height>
            <bordersize>20</bordersize>
            <bordertexture border="20" colordiffuse="FFFFFFFF">frames/menu_glass2b.png</bordertexture>
            <texture background="true" fallback="DefaultThumb.png">$VAR[PosterThumb]</texture>
            <aspectratio scalediffuse="false">stretch</aspectratio>
            <fadetime>300</fadetime>
          </control>
          <control type="image">
            <posx>-70</posx>
            <posy>310</posy>
            <width>300</width>
            <height>440</height>
            <bordersize>20</bordersize>
            <bordertexture border="20" colordiffuse="FFFFFFFF">frames/menu_glass2b.png</bordertexture>
            <texture background="true" fallback="DefaultThumb.png">$INFO[ListItem.Art(tvshow.poster)]</texture>
            <aspectratio scalediffuse="false">stretch</aspectratio>
            <fadetime>300</fadetime>
            <visible>Container.Content(seasons) | Container.Content(episodes)</visible>
          </control>
        </control>
        <control type="image">
          <posx>-70</posx>
          <posy>270</posy>
          <width>300</width>
          <height>440</height>
          <fadetime>100</fadetime>
          <aspectratio align="right" aligny="bottom">keep</aspectratio>
          <bordersize>20</bordersize>
          <bordertexture border="20" colordiffuse="FFFFFFFF">frames/menu_glass2b.png</bordertexture>
          <texture fallback="DefaultThumb.png">$INFO[ListItem.Icon]</texture>
          <visible> Container.Content(artists) |  Container.Content(musicvideos) | Window.IsActive(pictures) | Container.Content(addons)</visible>
        </control>
        <control type="image">
          <posx>-70</posx>
          <posy>270</posy>
          <width>300</width>
          <height>440</height>
          <fadetime>100</fadetime>
          <aspectratio align="right" aligny="bottom">keep</aspectratio>
          <bordersize>20</bordersize>
          <bordertexture border="20" colordiffuse="FFFFFFFF">frames/menu_glass2b.png</bordertexture>
          <texture fallback="DefaultThumb.png">$INFO[Container.Art(artist.thumb)]</texture>
          <visible>Container.Content(albums)</visible>
        </control>


      </control>
      
      <!-- debug 
      <control type="label">
        <label>***$INFO[Container(1999).NumItems]/$INFO[ListItem.Property(Artist_Description)]/$INFO[Window(Home).Property(ArtistBio)]</label>
      </control>
      -->
     



      <!-- <include>showinfoP</include> -->
    </control>
  </include>

  <include name="boitierslist">
    <definition>
      <param name="id" default="0"/>
      <control type="group">
        <visible>!Container.Content(artists)+[!String.IsEmpty(Container(1999).ListItemAbsolute($PARAM[id]).property(dbid))]</visible> -->
        <height>35</height>
        <control type="image">
          <left>0</left>
          <top>40</top>
          <width>170</width>
          <height>170</height>
          <aspectratio>keep</aspectratio>
          <texture background="true">$INFO[Container(1999).ListItemAbsolute($PARAM[id]).Art(discart)]</texture>
        </control>
        <control type="image">
          <left>0</left>
          <top>40</top>
          <width>170</width>
          <height>170</height>
          <aspectratio scalediffuse="true" aligny="center">stretch</aspectratio>
          <texture background="true" diffuse="frames/cdart-mask.png">$INFO[Container(1999).ListItemAbsolute($PARAM[id]).Art(poster)]</texture>
          <bordersize>2</bordersize>
          <bordertexture>frames/cdart-mask.png</bordertexture>
          <visible>String.IsEmpty(Container(1999).ListItemAbsolute($PARAM[id]).Art(discart))</visible>
        </control>
        <control type="image">
          <left>0</left>
          <top>40</top>
          <width>170</width>
          <height>170</height>
          <aspectratio scalediffuse="true" aligny="center">stretch</aspectratio>
          <texture background="true" diffuse="frames/cdart-mask.png">$INFO[Container(1999).ListItemAbsolute($PARAM[id]).Icon]</texture>
          <bordersize>2</bordersize>
          <bordertexture>frames/cdart-mask.png</bordertexture>
          <visible>String.IsEmpty(Container(1999).ListItemAbsolute($PARAM[id]).Art(discart))+String.IsEmpty(Container(1999).ListItemAbsolute($PARAM[id]).Art(poster))</visible>
        </control>
      </control>
      <control type="group">
        <visible>Container.Content(artists)+[!String.IsEmpty(Container(1999).ListItemAbsolute($PARAM[id]).Label)]</visible> -->
        <height>35</height>
        <control type="image">
          <left>0</left>
          <top>40</top>
          <width>170</width>
          <height>170</height>
          <aspectratio>keep</aspectratio>
          <texture fallback="cd.png" background="true" diffuse="frames/cdart-mask.png">$INFO[Container(1999).ListItemAbsolute($PARAM[id]).Art(poster)]</texture>
          <visible>String.IsEmpty(Container(1999).ListItemAbsolute($PARAM[id]).Property(AlbumCd))</visible>
        </control>
        <control type="image">
          <left>0</left>
          <top>40</top>
          <width>170</width>
          <height>170</height>
          <aspectratio scalediffuse="true" aligny="center">stretch</aspectratio>
          <texture background="true" diffuse="frames/cdart-mask.png">$INFO[Container(1999).ListItemAbsolute($PARAM[id]).Property(AlbumCd)]</texture>
          <bordersize>2</bordersize>
          <bordertexture>frames/cdart-mask.png</bordertexture>

        </control>
      </control>
    </definition>
  </include>
</includes>
