<?xml version="1.0" encoding="UTF-8"?>
<includes>
  <include name="CommonOnglets">
    <posx>50</posx>
    <posy>113</posy>
    <width>208</width>
    <height>302</height>
  </include>

  <include name="Viewtype_Onglets">
    <control type="group">
      <visible>Control.IsVisible(905)</visible>

      <include>Animation_OpenCloseFade</include>
      <include>Animation_HiddenByInfo</include>
      <!-- Browser -->

      <control type="fixedlist" id="905">
        <posx>0</posx>
        <posy>730</posy>
        <height>500</height>
        <width>2350</width>
        <include condition="!Skin.HasSetting(ViewLockdown)">OnUp7000</include>
         <animation type="Conditional" reversible="false" condition="Skin.HasSetting(VueExperimentale)">
          <effect type="slide" start="0,0" end="0,40" time="1" delay="1" />
        </animation>
        <animation type="Conditional" reversible="false" condition="Skin.HasSetting(VueExperimentale)+!String.IsEmpty(ListItem.FilenameAndPath)+Skin.HasSetting(ShowFilePath)">
          <effect type="slide" start="0,0" end="0,-25" time="1" delay="1" />
        </animation>
        
        

        <onleft>905</onleft>
        <onright>905</onright>
        <viewtype label="31802">icon</viewtype>
        <orientation>horizontal</orientation>
        <focusposition>0</focusposition>
        <scrolltime>200</scrolltime>
        <preloaditems>2</preloaditems>
        <pagecontrol>60</pagecontrol>
        <!-- <visible>Window.IsActive(10025) + [Container.Content(movies) | Container.Content(sets) | Container.Content(tvshows) | Container.Content(episodes)]</visible> -->

        <itemlayout width="320" height="500">
          <control type="group">
            <include>isWatched</include>
            <visible>!Control.HasFocus(1999)</visible>
            
<control type="image">
            <include>CommonOnglets</include>
            <texture background="true" >$VAR[PosterThumb]</texture>
            <aspectratio scalediffuse="true">stretch</aspectratio>
          </control>

             <control type="image">
            <posx>0</posx>
            <posy>-2</posy>
            <width>310</width>
            <height>450</height>
            <texture>frames/iconvignetteup.png</texture>
            <aspectratio scalediffuse="true">stretch</aspectratio>
            <colordiffuse>BBFFFFFF</colordiffuse>
            <visible>!Window.IsVisible(502)</visible>
          </control>
          <control type="image">
            <posx>0</posx>
            <posy>-2</posy>
            <width>310</width>
            <height>450</height>
            <texture>frames/iconvignettemusic.png</texture>
            <aspectratio scalediffuse="true">stretch</aspectratio>
            <colordiffuse>BBFFFFFF</colordiffuse>
            <visible>Window.IsVisible(502)</visible>
          </control>


          
            <control type="textbox">
              <posx>10</posx>
              <posy>0</posy>
              <width>290</width>
              <height>65</height>
              <label>$VAR[ListItemTitle]</label>
              <font>impact35</font>
              <aligny>center</aligny>
              <align>center</align>
              <textcolor>yellow</textcolor>
              <colordiffuse>50FFFFFF</colordiffuse>
              <scroll>true</scroll>
            </control>


            <!-- Watched Overlay for In-Progress Items -->
            <control type="group">
            <posx>220</posx>
            <posy>65</posy>
            <include>OverlayProgress</include>
          </control>
          <!--
            	<control type="group">
      					<left>18</left>
      					<top>60</top>
      				<include>ShowTotalTvEp</include>	
      				</control>
            -->
            <include>AnimationCacheNonSelect</include>
          </control>
        </itemlayout>
        <focusedlayout width="320" height="500">
          <include>ActiveClearArt</include>
          <control type="group">
            <animation type="Focus" reversible="true">
          <effect type="slide" start="0,0" end="0,-360" time="500" delay="320" />
          
        </animation>
          <control type="image">
            <include>CommonOnglets</include>
            <texture background="true" fallback="DefaultThumb.png">$VAR[PosterThumb]</texture>
            <aspectratio scalediffuse="true">stretch</aspectratio>
            <visible>!String.IsEmpty(ListItem.Title)</visible>
          </control>
          <control type="image">
            <include>CommonOnglets</include>
            <texture background="true" >$INFO[ListItem.Icon]</texture>
            <aspectratio scalediffuse="true">stretch</aspectratio>
            <visible>String.IsEmpty(ListItem.Title)+!Container.Content(genres)</visible>
          </control>
          <control type="image">
            <include>CommonOnglets</include>
            <texture background="true" fallback="DefaultMovieGenre.png">$VAR[VideoMusicGenres]</texture>
            <aspectratio scalediffuse="true">stretch</aspectratio>
            <visible>String.IsEmpty(ListItem.Title)+Container.Content(genres)</visible>
          </control>
          
          
      

             <control type="image">
            <posx>0</posx>
            <posy>-2</posy>
            <width>310</width>
            <height>450</height>
            <texture>frames/iconvignetteup.png</texture>
            <aspectratio scalediffuse="true">stretch</aspectratio>
            <visible>!Window.IsVisible(502)</visible>
          </control>
          <control type="image">
            <posx>0</posx>
            <posy>-2</posy>
            <width>310</width>
            <height>450</height>
            <texture>frames/iconvignettemusic.png</texture>
            <aspectratio scalediffuse="true">stretch</aspectratio>
            <visible>Window.IsVisible(502)</visible>
          </control>


             <control type="textbox">
              <posx>10</posx>
              <posy>0</posy>
              <width>290</width>
              <height>65</height>
              <label>$VAR[ListItemTitle]</label>
              <font>impact35</font>
              <aligny>center</aligny>
              <align>center</align>
              <textcolor>yellow</textcolor>
              <colordiffuse>50FFFFFF</colordiffuse>
              <scroll>true</scroll>
            </control>


          <!-- Watched Overlay for In-Progress Items -->
          <control type="group">
            <posx>220</posx>
            <posy>90</posy>
            <include>OverlayProgress</include>
          </control>
         </control>
        </focusedlayout>
      </control>
      <!-- Browser label and flags -->

      <include>ScrollBar_Horizontal</include>
</control>
    </include>


  </includes>
