<?xml version="1.0" encoding="UTF-8"?>
<includes>



<include name="mediaflagline1">
<param name="contid" default="" />
<definition>
    <visible>!Skin.HasSetting(Hide_ExtraMediaFlags)</visible>   

    <control type="group"> 
      <visible>!Skin.HasSetting(hideduree)</visible>
      <width>156</width>
      <height>70</height>
      <include>CadreFlag</include>
      
      <control type="group">
        <top>4</top>
        <left>23</left>
        <include>chronotoolsV</include>
      </control>
      <visible>!String.IsEmpty($PARAM[contid]ListItem.Duration)|[Skin.HasSetting(Show_HeureFin)+!String.IsEmpty(Window(10000).Property(DurationTools))]</visible>
      <visible>!String.Contains($PARAM[contid]ListItem.DbType,season)+!String.Contains($PARAM[contid]ListItem.DbType,tvshow)</visible>
    </control>
    

    <control type="group"> 
      <visible>!String.IsEmpty($PARAM[contid]ListItem.Genre)+!Window.IsActive(2003)</visible>
      <visible>!Skin.HasSetting(hidegenre)</visible>
      <width>156</width>
      <height>70</height>
      <left>-5</left>
      <include>CadreFlag</include>
      <control type="fadelabel">
        <top>4</top>
        <left>9</left>
        <height>70</height>
        <width>136</width>
        <aligny>center</aligny>
        <align>center</align>
        <scrollout>false</scrollout>
        <pauseatend>400</pauseatend>
        <font>debutfin</font>
        <scrollspeed>20</scrollspeed>
        <shadowcolor>FF000000</shadowcolor>
        <label>[COLOR=MediaDetailsInfo]$INFO[$PARAM[contid]ListItem.Genre][/COLOR]</label>
        <textcolor>white</textcolor>
      </control>


    </control>
    

    <control type="group"> 
      <visible>!Skin.HasSetting(hidestudio)+!String.IsEmpty($PARAM[contid]ListItem.Studio)</visible>
      <width>156</width>
      <height>70</height>
      <align>center</align>
      
      <include>CadreFlag</include>
      
      <control type="image">
        <top>3</top>
        <aspectratio align="center" aligny="center">keep</aspectratio>
        <texture fallback="flags\default-studio.png">resource://resource.images.studios.white/$INFO[$PARAM[contid]ListItem.Studio].png</texture>
      </control>
    </control>
    

    <control type="group"> 
      <visible>!Skin.HasSetting(hidestudio)+String.Contains($PARAM[contid]ListItem.DbType,tvshow)+!String.IsEmpty(Window(Home).Property(IconMixTvNetwork))+String.IsEmpty($PARAM[contid]ListItem.Studio)</visible>
      <width>156</width>
      <height>70</height>
      <include>CadreFlag</include>
      <control type="image">
        <top>3</top>
        <aspectratio align="center" aligny="center">keep</aspectratio>
        <texture fallback="flags\default-studio.png">resource://resource.images.studios.white/$INFO[Window(Home).Property(IconMixTvNetwork)].png</texture>
      </control>
     
   

    </control>
    
    <control type="group"> 

      <visible>!Skin.HasSetting(hidestudio)+!String.IsEmpty($PARAM[contid]ListItem.Property(Album_Label))</visible>
      <width>156</width>
      <height>70</height>
      <align>center</align>
      
      <include>CadreFlag</include>
      <control type="image">
        <top>3</top>
        <aspectratio align="center" aligny="center">keep</aspectratio>
        <texture>$INFO[MusicPlayer.Property($PARAM[contid]ListItem.Property(Album_Label)),resource://resource.images.recordlabels.white/,.png]</texture>

      </control>
    </control>
    
    
    
    <control type="group"> 

      <visible>!Skin.HasSetting(hiderealisateur)+!String.IsEmpty($PARAM[contid]ListItem.Director)+!Window.IsVisible(12003)</visible>
       <include content="FlagRealisateur">
<param name="contid">$PARAM[contid]</param>
</include>
      
      </control>
    
    <control type="group"> 

      <visible>!Skin.HasSetting(hideannee)</visible>
      <visible>!String.IsEmpty($PARAM[contid]ListItem.Year)</visible>
      <width>156</width>
      <height>70</height>
     <include>CadreFlag</include>


      <control type="label">
        <width min="25" max="200">auto</width>
        <posx>30</posx>
        <posy>10</posy>
        <height>50</height>
        <aligny>center</aligny>
        <font>impact</font>
        <textcolor>white</textcolor>
        <label>[I]$INFO[$PARAM[contid]ListItem.Year][/I]</label>
      </control>
    </control>

    <control type="group"> 

      <visible>!String.IsEmpty($PARAM[contid]ListItem.Rating)</visible>
      <visible>!Skin.HasSetting(hidenotation)</visible>
      <width>98</width>
      <height>70</height>
      <include>CadreFlag</include>
      <control type="image">
        <top>3</top>
        <include>MediaFlagsVarsSquare</include>
        <texture>flags/notation/notefilm.png</texture>
        <aspectratio>stretch</aspectratio>
        <visible>String.IsEqual($PARAM[contid]ListItem.DBTYPE,movie)|String.IsEqual($PARAM[contid]ListItem.DBTYPE,set)</visible>
      </control>
      <control type="image">
        <include>MediaFlagsVarsSquare</include>
        <texture>flags/notation/notetv.png</texture>
        <aspectratio>stretch</aspectratio>
        <visible>String.IsEqual($PARAM[contid]ListItem.DBTYPE,tvshow)|String.IsEqual($PARAM[contid]ListItem.DBTYPE,episode)</visible>
      </control>
      <control type="label">
        <visible>[!Skin.HasSetting(PreferUserRating) + !String.IsEmpty($PARAM[contid]ListItem.Rating)] | [Skin.HasSetting(PreferUserRating) + String.IsEmpty($PARAM[contid]ListItem.UserRating)]</visible>
        <posy>9</posy>
        <include>MediaFlagsVarsSquare</include>
        <align>center</align>
        <aligny>center</aligny>
        <label>$INFO[$PARAM[contid]ListItem.Rating]</label>
        <textcolor>blue</textcolor>
        <font>METF_StarRating</font>
        <angle>5</angle>
      </control>
      
      


    </control>
     <control type="group"> 

      <visible>!String.IsEmpty($PARAM[contid]ListItem.UserRating)</visible>
      <visible>!Skin.HasSetting(hidenotation)</visible>
      <width>98</width>
      <height>70</height>
      <include>CadreFlag</include>
      
      <control type="image">
        

        <texture>flags/notation/pnote$INFO[$PARAM[contid]ListItem.UserRating].png</texture>
          <aspectratio>keep</aspectratio>
      </control>
     

    </control>

    <control type="group"> 

      <width>80</width>
      <height>70</height>
      <include>CadreFlag</include>
      <visible>String.Contains($PARAM[contid]ListItem.DbType,movie) | String.Contains($PARAM[contid]ListItem.DbType,episode)| String.Contains($PARAM[contid]ListItem.DbType,tvshow) | String.Contains($PARAM[contid]ListItem.DbType,MusicVideo)</visible>
      <visible>!String.IsEmpty($PARAM[contid]ListItem.Mpaa)</visible>
      <visible>!Skin.HasSetting(hidempaa)</visible>
      <control type="image">
        <posy>8</posy>
        <height>55</height>

        <aspectratio>keep</aspectratio>
        <texture fallback="flags/default.png">$VAR[MPAATexture]</texture>
      </control>


    </control>

    <control type="group"> 

      <visible>!Skin.HasSetting(hidesource)</visible>
      <width>156</width>
      <height>70</height>
      <include>CadreFlag</include>
      <visible>String.Contains($PARAM[contid]ListItem.DbType,movie) | String.Contains($PARAM[contid]ListItem.DbType,episode) | String.Contains($PARAM[contid]ListItem.DbType,MusicVideo)</visible>
      <visible>!String.IsEmpty($PARAM[contid]ListItem.VideoCodec)</visible>
      <control type="image">
        <include>MediaFlagsVarsWide</include>
        <texture fallback="flags/default.png">$VAR[VarFlagSource]</texture>
      </control>


    </control>

    

    <control type="group">
      <visible>!Skin.HasSetting(hide3d)</visible>
      <visible>String.Contains($PARAM[contid]ListItem.StereoscopicMode,split_) | String.Contains($PARAM[contid]ListItem.StereoscopicMode,anaglyph_)|String.Contains($PARAM[contid]ListItem.filename,.3D.)</visible>
      <width>156</width>
      <height>70</height>
      <include>CadreFlag</include>
      <control type="image">
        <include>MediaFlagsVarsWide</include>
        

        <texture fallback="flags/default.png">flags/VideoCodec/flag3d.png</texture>
        <visible>String.Contains($PARAM[contid]ListItem.filename,.sbs.) | String.Contains($PARAM[contid]ListItem.StereoscopicMode,split_horizontal)</visible>
      </control>
      <control type="image">
        <include>MediaFlagsVarsWide</include>
        

        <texture fallback="flags/default.png">flags/VideoCodec/flag3d.png</texture>

        <visible>String.Contains($PARAM[contid]ListItem.filename,.tab.) | String.Contains($PARAM[contid]ListItem.StereoscopicMode,split_vertical)</visible>
      </control>
      <control type="image">
        <include>MediaFlagsVarsWide</include>
        <texture fallback="flags/default.png">flags/VideoCodec/flag3d.png</texture>

        <visible>!String.Contains($PARAM[contid]ListItem.filename,.tab.)+!String.Contains($PARAM[contid]ListItem.filename,.sbs.)+!String.Contains($PARAM[contid]ListItem.StereoscopicMode,split_)</visible>
      </control>

    </control>

    

    <control type="group"> 

      <visible>!IsEmpty(Window(Home).Property(ItemCountry1))+String.IsEmpty(Window(Home).Property(ItemCountry2))</visible>
      <visible>!Skin.HasSetting(hideitemcountry)+!Window.IsActive(12003)</visible>
      <width>136</width>
      <height>70</height>
      <include>CadreFlag</include>
      <control type="image">
        <top>8</top>
        <left>23</left>
        <width>85</width>
        <height>55</height>
        

        <texture background="true"  >$VAR[flagpath]$INFO[Window(Home).Property(ItemCountry1)]$VAR[flagpathext]</texture>


        <aspectratio aligny="center">scale</aspectratio>
      </control>


    </control>
    <control type="group">
      <visible>!Skin.HasSetting(hideitemcountry)+!Window.IsActive(12003)</visible>
      <width>136</width>
      <height>70</height>
      <visible>!IsEmpty(Window(Home).Property(ItemCountry1))+!String.IsEmpty(Window(Home).Property(ItemCountry2))</visible>
     <include>CadreFlag</include>
      <control type="image">
        <top>5</top>
        <left>18</left>
        <width>50</width>
        <height>28</height>
        <texture background="true"  >$VAR[flagpath]$INFO[Window(Home).Property(ItemCountry1)]$VAR[flagpathext]</texture>
        <aspectratio aligny="center">scale</aspectratio>
      </control>
      <control type="image">
        <top>37</top>
        <left>18</left>
        <width>50</width>
        <height>28</height>
        <texture background="true"  >$VAR[flagpath]$INFO[Window(Home).Property(ItemCountry2)]$VAR[flagpathext]</texture>
        <aspectratio aligny="center">scale</aspectratio>
      </control>
      <control type="image">
        <top>5</top>
        <width>50</width>
        <left>73</left>
        <height>28</height>
        <texture background="true"  >$VAR[flagpath]$INFO[Window(Home).Property(ItemCountry3)]$VAR[flagpathext]</texture>
        <aspectratio aligny="center">scale</aspectratio>
      </control>
      <control type="image">
        <top>37</top>
        <left>73</left>
        <width>50</width>
        <height>28</height>
        <texture background="true"  >$VAR[flagpath]$INFO[Window(Home).Property(ItemCountry4)]$VAR[flagpathext]</texture>
        <aspectratio aligny="center">scale</aspectratio>
      </control>

    </control>

    <control type="group"> 

      <visible>!String.IsEmpty($PARAM[contid]ListItem.VideoCodec)</visible>
      <visible>!Skin.HasSetting(hidecodecvideo)</visible>
      <width>156</width>
      <height>70</height>
      <include>CadreFlag</include>

      <control type="image">
        <include>MediaFlagsVarsWide</include>
        <texture fallback="flags/default.png">$VAR[MediaFlag_VideoCodec]</texture>

      </control>

    </control>
    <control type="group"> 

      <visible>!String.IsEmpty($PARAM[contid]ListItem.VideoResolution)</visible>
      <visible>!Skin.HasSetting(hideresolution)</visible>
      <width>156</width>
      <height>70</height>
      <include>CadreFlag</include>
      <control type="image">
        <include>MediaFlagsVarsWide</include>
        <texture fallback="flags/default.png">$INFO[$PARAM[contid]ListItem.VideoResolution,flags/VideoResolution/,.png]</texture>

      </control>


    </control>

    <control type="group">

      <visible>!String.IsEmpty($PARAM[contid]ListItem.VideoAspect)</visible>
      <visible>!Skin.HasSetting(hideaspect)</visible>
      <width>156</width>
      <height>70</height>
        <include>CadreFlag</include>
      <control type="image">
      
        <include>MediaFlagsVarsWide</include>
        <texture fallback="flags/VideoAspect/default.png">$INFO[$PARAM[contid]ListItem.VideoAspect,flags/VideoAspect/,.png]</texture>

      </control>


    </control>

    <control type="group"> 

      <visible>!Skin.HasSetting(hidesoustitres)</visible>
      <width>156</width>
      <height>70</height>
      <visible>!String.IsEmpty($PARAM[contid]ListItem.Property(SubtitleLanguage.1))</visible>
      <include>CadreFlag</include>

      <control type="image">
        <visible>String.IsEmpty($PARAM[contid]ListItem.Property(SubtitleLanguage.2))</visible>
        <posx>20</posx>
        <include>MediaFlagsVarsWide</include>
        <texture background="true" >resource://resource.images.languageflags.colour/$INFO[$PARAM[contid]ListItem.Property(SubtitleLanguage.1)].png</texture>
        <visible>!String.IsEmpty($PARAM[contid]ListItem.Property(SubtitleLanguage.1))</visible>
        <aspectratio aligny="center" scalediffuse="true">scale</aspectratio>
      </control>
      <control type="image">
        <visible>String.IsEmpty($PARAM[contid]ListItem.Property(SubtitleLanguage.2))</visible>
        <posx>20</posx>
        <include>MediaFlagsVarsWide</include>
        <texture background="true" >flags/cc.png</texture>
        <visible>!String.IsEmpty($PARAM[contid]ListItem.Property(SubtitleLanguage.1))</visible>
        <aspectratio aligny="center" scalediffuse="true">scale</aspectratio>
      </control>
      <control type="group">
        <visible>!String.IsEmpty($PARAM[contid]ListItem.Property(SubtitleLanguage.2))</visible>
        <control type="image">
          <posx>18</posx>
          <posy>8</posy>
          <width>60</width>
          <height>30</height>
          <texture background="true" >resource://resource.images.languageflags.colour/$INFO[$PARAM[contid]ListItem.Property(SubtitleLanguage.1)].png</texture>
          <visible>!String.IsEmpty($PARAM[contid]ListItem.Property(SubtitleLanguage.1))</visible>
          <aspectratio aligny="center" scalediffuse="true">scale</aspectratio>
        </control>
        <control type="image">
          <posx>18</posx>
          <posy>8</posy>
          <width>60</width>
          <height>30</height>
          <texture background="true" >flags/cc.png</texture>
          <visible>!String.IsEmpty($PARAM[contid]ListItem.Property(SubtitleLanguage.1))</visible>
          <aspectratio aligny="center" scalediffuse="true">scale</aspectratio>
        </control>
        <control type="image">
          <posx>82</posx>
          <width>60</width>
          <posy>8</posy>
          <height>30</height>
          <texture background="true" >resource://resource.images.languageflags.colour/$INFO[$PARAM[contid]ListItem.Property(SubtitleLanguage.2)].png</texture>
          <visible>!String.IsEmpty($PARAM[contid]ListItem.Property(SubtitleLanguage.2))</visible>
          <aspectratio aligny="center" scalediffuse="true">scale</aspectratio>
        </control>
        <control type="image">
          <posx>82</posx>
          <width>60</width>
          <posy>8</posy>
          <height>30</height>
          <texture background="true" >flags/cc.png</texture>
          <visible>!String.IsEmpty($PARAM[contid]ListItem.Property(SubtitleLanguage.2))</visible>
          <aspectratio aligny="center" scalediffuse="true">scale</aspectratio>
        </control>
        <control type="image">
          <posx>18</posx>
          <posy>36</posy>
          <width>60</width>
          <height>30</height>
          <texture background="true" >resource://resource.images.languageflags.colour/$INFO[$PARAM[contid]ListItem.Property(SubtitleLanguage.3)].png</texture>
          <visible>!String.IsEmpty($PARAM[contid]ListItem.Property(SubtitleLanguage.3))</visible>
          <aspectratio aligny="center" scalediffuse="true">scale</aspectratio>
        </control>
        <control type="image">
          <posx>18</posx>
          <posy>36</posy>
          <width>60</width>
          <height>30</height>
          <texture background="true" >flags/cc.png</texture>
          <visible>!String.IsEmpty($PARAM[contid]ListItem.Property(SubtitleLanguage.3))</visible>
          <aspectratio aligny="center" scalediffuse="true">scale</aspectratio>
        </control>
        <control type="image">
          <posx>82</posx>
          <posy>36</posy>
          <width>60</width>
          <height>30</height>
          <texture background="true" >resource://resource.images.languageflags.colour/$INFO[$PARAM[contid]ListItem.Property(SubtitleLanguage.4)].png</texture>
          <visible>!String.IsEmpty($PARAM[contid]ListItem.Property(SubtitleLanguage.4))</visible>
          <aspectratio aligny="center" scalediffuse="true">scale</aspectratio>
        </control>
        <control type="image">
          <posx>82</posx>
          <posy>36</posy>
          <width>60</width>
          <height>30</height>
          <texture background="true" >flags/cc.png</texture>
          <visible>!String.IsEmpty($PARAM[contid]ListItem.Property(SubtitleLanguage.4))</visible>
          <aspectratio aligny="center" scalediffuse="true">scale</aspectratio>
        </control>
      </control>

    </control>
    
    <control type="group"> 

      <visible>!Skin.HasSetting(hidelangues)+!String.IsEmpty($PARAM[contid]ListItem.FileExtension)+String.IsEqual($PARAM[contid]ListItem.DBTYPE,song)</visible>
      <width>156</width>
      <height>70</height>
      <align>center</align>
      
      <include>CadreFlag</include>
      <control type="image">
        <top>3</top>
        <aspectratio align="center" aligny="center">keep</aspectratio>
        <texture>$INFO[$PARAM[contid]ListItem.FileExtension,flags/audiocodec/,.png]</texture>

      </control>
    </control>

    <control type="group"> 

      <visible>!Skin.HasSetting(hidelangues)</visible>
      <width>156</width>
      <height>70</height>
      <visible>!String.IsEmpty($PARAM[contid]ListItem.Property(AudioLanguage.1)) + String.IsEmpty($PARAM[contid]ListItem.Property(AudioLanguage.2))</visible>
     <include>CadreFlag</include>
      <control type="image">
        <visible>String.IsEmpty($PARAM[contid]ListItem.Property(AudioLanguage.2))</visible>
        <posx>18</posx>
        <posy>23</posy>
        <width>60</width>
        <height>30</height>
        <texture background="true" >resource://resource.images.languageflags.colour/$INFO[$PARAM[contid]ListItem.Property(AudioLanguage.1)].png</texture>
        <visible>!String.IsEmpty($PARAM[contid]ListItem.Property(AudioLanguage.1))</visible>
        <aspectratio aligny="center">scale</aspectratio>
      </control>

      <control type="group">

        <posx>85</posx>
        <posy>10</posy>
        <width>60</width>
        <height>30</height>
        
        <control type="image">
          <posx>0</posx>
          <posy>1</posy>
          <width>50</width>
          <heigth>30</heigth>
          <texture background="true" >$INFO[$PARAM[contid]ListItem.Property(AudioChannels.1),flags/AudioChannels/,chOverlay.png]</texture>
          <aspectratio>scale</aspectratio>
        </control>
        
        <control type="image">
          <posx>-5</posx>
          <posy>30</posy>
          <width>50</width>
          <height>30</height>
          <texture >$VAR[MediaFlag_AudioCodec]</texture>

          <aspectratio>scale</aspectratio>
        </control>
      </control>
    </control>

    <control type="group"> 

      <visible>!String.IsEmpty($PARAM[contid]ListItem.Property(AudioLanguage.1))+!String.IsEmpty($PARAM[contid]ListItem.Property(AudioLanguage.2))+!String.IsEmpty($PARAM[contid]ListItem.Property(AudioLanguage.4))</visible>
      <visible>!Skin.HasSetting(hidelangues)</visible>

      <height>70</height>
      <width>332</width>


      <include>CadreFlag</include>
      <include content="multilangues">
<param name="contid">$PARAM[contid]</param>
</include>


    </control>
    <control type="group"> 

      <visible>!String.IsEmpty($PARAM[contid]ListItem.Property(AudioLanguage.1))+!String.IsEmpty($PARAM[contid]ListItem.Property(AudioLanguage.2))+!String.IsEmpty($PARAM[contid]ListItem.Property(AudioLanguage.3))+String.IsEmpty($PARAM[contid]ListItem.Property(AudioLanguage.4))</visible>
      <visible>!Skin.HasSetting(hidelangues)</visible>


      <width>252</width>
      <height>70</height>



      <include>CadreFlag</include>

      <include content="multilangues">
<param name="contid">$PARAM[contid]</param>
</include>


    </control>
    <control type="group"> 

      <visible>!String.IsEmpty($PARAM[contid]ListItem.Property(AudioLanguage.1))+!String.IsEmpty($PARAM[contid]ListItem.Property(AudioLanguage.2))+String.IsEmpty($PARAM[contid]ListItem.Property(AudioLanguage.4))+String.IsEmpty($PARAM[contid]ListItem.Property(AudioLanguage.3))</visible>
      <visible>!Skin.HasSetting(hidelangues)</visible>

      <width>172</width>
      <height>70</height>



      <include>CadreFlag</include>
      <include content="multilangues">
<param name="contid">$PARAM[contid]</param>
</include>


    </control>

<control type="group"> 

      <visible>String.Contains($PARAM[contid]ListItem.DbType,tvshow)+[!String.IsEmpty(Window(Home).Property(IconMixTvSaisons))|!String.IsEmpty($PARAM[contid]ListItem.Property(TotalSeasons))]</visible>
      <width>156</width>
      <height>70</height>
      <include>CadreFlag</include>
      <control type="group">
        <visible>!String.IsEmpty(Window(Home).Property(IconMixTvSaisons))</visible>
      
      <control type="label">
        <align>center</align>
        <font>exptext</font>
        <textcolor>MediaDetailsEpisodes</textcolor>
        <label>$LOCALIZE[33054]</label>
      </control>
      <control type="label">
        <top>27</top>
        <left>2</left>
        <height>70</height>
      <align>center</align>
      <font>compteur</font>
      <textcolor>MediaDetailsEpisodes</textcolor>
      <label>$INFO[Window(Home).Property(IconMixTvSaisons)]</label>
      </control>
    </control>
    <control type="group"> 

      <visible>String.IsEmpty(Window(Home).Property(IconMixTvSaisons))+!String.IsEmpty($PARAM[contid]ListItem.Property(TotalSeasons))</visible>
      
      <control type="label">
      <aligny>center</aligny>
      <align>center</align>
      <font>exptext</font>
      <textcolor>MediaDetailsEpisodes</textcolor>
      <label>$INFO[$PARAM[contid]ListItem.Property(TotalSeasons),, $LOCALIZE[33054]]</label>
      <visible>Integer.IsGreater($PARAM[contid]ListItem.Property(TotalSeasons),1)</visible>
    </control>
   
    <control type="label">
      <align>center</align>
      <aligny>center</aligny>
      <font>exptext</font>
      <textcolor>MediaDetailsEpisodes</textcolor>
      <label>$INFO[$PARAM[contid]ListItem.Property(TotalSeasons),, $LOCALIZE[20373]]</label>
      <visible>String.IsEqual($PARAM[contid]ListItem.Property(TotalSeasons),1)</visible>
    </control>
     

    </control>

    </control>
    

  
  
   </definition>

  </include>

  <include name="mediaflagline2">
<param name="contid" default="" />
<definition>
    <visible>!Skin.HasSetting(Hide_ExtraMediaFlags)</visible>
    
    

    <control type="group"> 

      <visible>!IsEmpty(Window(Home).Property(ItemCountry1))+String.IsEmpty(Window(Home).Property(ItemCountry2))</visible>
      <visible>!Skin.HasSetting(hideitemcountry2)+!Window.IsActive(12003)</visible>
      <width>136</width>
      <height>70</height>
     <include>CadreFlag</include>
      <control type="image">
        <top>8</top>
        <left>23</left>
        <width>85</width>
        <height>55</height>
        

        <texture background="true"  >$VAR[flagpath]$INFO[Window(Home).Property(ItemCountry1)]$VAR[flagpathext]</texture>


        <aspectratio aligny="center">scale</aspectratio>
      </control>


    </control>
    <control type="group">
      <visible>!Skin.HasSetting(hideitemcountry2)+!Window.IsActive(12003)</visible>
      <width>136</width>
      <height>70</height>
      <visible>!IsEmpty(Window(Home).Property(ItemCountry1))+!String.IsEmpty(Window(Home).Property(ItemCountry2))</visible>
      <include>CadreFlag</include>
      <control type="image">
        <top>5</top>
        <left>18</left>
        <width>50</width>
        <height>28</height>
        <texture background="true"  >$VAR[flagpath]$INFO[Window(Home).Property(ItemCountry1)]$VAR[flagpathext]</texture>
        <aspectratio aligny="center">scale</aspectratio>
      </control>
      <control type="image">
        <top>37</top>
        <left>18</left>
        <width>50</width>
        <height>28</height>
        <texture background="true"  >$VAR[flagpath]$INFO[Window(Home).Property(ItemCountry2)]$VAR[flagpathext]</texture>
        <aspectratio aligny="center">scale</aspectratio>
      </control>
      <control type="image">
        <top>5</top>
        <width>50</width>
        <left>73</left>
        <height>28</height>
        <texture background="true"  >$VAR[flagpath]$INFO[Window(Home).Property(ItemCountry3)]$VAR[flagpathext]</texture>
        <aspectratio aligny="center">scale</aspectratio>
      </control>
      <control type="image">
        <top>37</top>
        <left>73</left>
        <width>50</width>
        <height>28</height>
        <texture background="true"  >$VAR[flagpath]$INFO[Window(Home).Property(ItemCountry4)]$VAR[flagpathext]</texture>
        <aspectratio aligny="center">scale</aspectratio>
      </control>

    </control>

    <control type="group"> 

      <visible>!String.IsEmpty($PARAM[contid]ListItem.VideoCodec)</visible>
      <visible>!Skin.HasSetting(hidecodecvideo2)</visible>
      <width>156</width>
      <height>70</height>
      <include>CadreFlag</include>
      <control type="image">
        <include>MediaFlagsVarsWide</include>
        <texture fallback="flags/default.png">$VAR[MediaFlag_VideoCodec]</texture>

      </control>


    </control>
    <control type="group"> 

      <visible>!String.IsEmpty($PARAM[contid]ListItem.VideoResolution)</visible>
      <visible>!Skin.HasSetting(hideresolution2)</visible>
      <width>156</width>
      <height>70</height>
      <include>CadreFlag</include>
      <control type="image">
        <include>MediaFlagsVarsWide</include>
        <texture fallback="flags/default.png">$INFO[$PARAM[contid]ListItem.VideoResolution,flags/VideoResolution/,.png]</texture>

      </control>


    </control>


    <control type="group">

      <visible>!String.IsEmpty($PARAM[contid]ListItem.VideoAspect)</visible>
      <visible>!Skin.HasSetting(hideaspect2)</visible>
      <width>156</width>
      <height>70</height>
      <include>CadreFlag</include>
      <control type="image">
        <include>MediaFlagsVarsWide</include>
        <texture fallback="flags/VideoAspect/default.png">$INFO[$PARAM[contid]ListItem.VideoAspect,flags/VideoAspect/,.png]</texture>

      </control>


    </control>

    <control type="group"> 

      <visible>!Skin.HasSetting(hidesoustitres2)</visible>
      <width>156</width>
      <height>70</height>
      <visible>!String.IsEmpty($PARAM[contid]ListItem.Property(SubtitleLanguage.1))</visible>
      <include>CadreFlag</include>

      <control type="image">
        <visible>String.IsEmpty($PARAM[contid]ListItem.Property(SubtitleLanguage.2))</visible>
        <posx>20</posx>
        <include>MediaFlagsVarsWide</include>
        <texture background="true" >resource://resource.images.languageflags.colour/$INFO[$PARAM[contid]ListItem.Property(SubtitleLanguage.1)].png</texture>
        <visible>!String.IsEmpty($PARAM[contid]ListItem.Property(SubtitleLanguage.1))</visible>
        <aspectratio aligny="center" scalediffuse="true">scale</aspectratio>
      </control>
      <control type="image">
        <visible>String.IsEmpty($PARAM[contid]ListItem.Property(SubtitleLanguage.2))</visible>
        <posx>20</posx>
        <include>MediaFlagsVarsWide</include>
        <texture background="true" >flags/cc.png</texture>
        <visible>!String.IsEmpty($PARAM[contid]ListItem.Property(SubtitleLanguage.1))</visible>
        <aspectratio aligny="center" scalediffuse="true">scale</aspectratio>
      </control>
      <control type="group">
        <visible>!String.IsEmpty($PARAM[contid]ListItem.Property(SubtitleLanguage.2))</visible>
        <control type="image">
          <posx>18</posx>
          <posy>8</posy>
          <width>60</width>
          <height>30</height>
          <texture background="true" >resource://resource.images.languageflags.colour/$INFO[$PARAM[contid]ListItem.Property(SubtitleLanguage.1)].png</texture>
          <visible>!String.IsEmpty($PARAM[contid]ListItem.Property(SubtitleLanguage.1))</visible>
          <aspectratio aligny="center" scalediffuse="true">scale</aspectratio>
        </control>
        <control type="image">
          <posx>18</posx>
          <posy>8</posy>
          <width>60</width>
          <height>30</height>
          <texture background="true" >flags/cc.png</texture>
          <visible>!String.IsEmpty($PARAM[contid]ListItem.Property(SubtitleLanguage.1))</visible>
          <aspectratio aligny="center" scalediffuse="true">scale</aspectratio>
        </control>
        <control type="image">
          <posx>82</posx>
          <width>60</width>
          <posy>8</posy>
          <height>30</height>
          <texture background="true" >resource://resource.images.languageflags.colour/$INFO[$PARAM[contid]ListItem.Property(SubtitleLanguage.2)].png</texture>
          <visible>!String.IsEmpty($PARAM[contid]ListItem.Property(SubtitleLanguage.2))</visible>
          <aspectratio aligny="center" scalediffuse="true">scale</aspectratio>
        </control>
        <control type="image">
          <posx>82</posx>
          <width>60</width>
          <posy>8</posy>
          <height>30</height>
          <texture background="true" >flags/cc.png</texture>
          <visible>!String.IsEmpty($PARAM[contid]ListItem.Property(SubtitleLanguage.2))</visible>
          <aspectratio aligny="center" scalediffuse="true">scale</aspectratio>
        </control>
        <control type="image">
          <posx>18</posx>
          <posy>36</posy>
          <width>60</width>
          <height>30</height>
          <texture background="true" >resource://resource.images.languageflags.colour/$INFO[$PARAM[contid]ListItem.Property(SubtitleLanguage.3)].png</texture>
          <visible>!String.IsEmpty($PARAM[contid]ListItem.Property(SubtitleLanguage.3))</visible>
          <aspectratio aligny="center" scalediffuse="true">scale</aspectratio>
        </control>
        <control type="image">
          <posx>18</posx>
          <posy>36</posy>
          <width>60</width>
          <height>30</height>
          <texture background="true" >flags/cc.png</texture>
          <visible>!String.IsEmpty($PARAM[contid]ListItem.Property(SubtitleLanguage.3))</visible>
          <aspectratio aligny="center" scalediffuse="true">scale</aspectratio>
        </control>
        <control type="image">
          <posx>82</posx>
          <posy>36</posy>
          <width>60</width>
          <height>30</height>
          <texture background="true" >resource://resource.images.languageflags.colour/$INFO[$PARAM[contid]ListItem.Property(SubtitleLanguage.4)].png</texture>
          <visible>!String.IsEmpty($PARAM[contid]ListItem.Property(SubtitleLanguage.4))</visible>
          <aspectratio aligny="center" scalediffuse="true">scale</aspectratio>
        </control>
        <control type="image">
          <posx>82</posx>
          <posy>36</posy>
          <width>60</width>
          <height>30</height>
          <texture background="true" >flags/cc.png</texture>
          <visible>!String.IsEmpty($PARAM[contid]ListItem.Property(SubtitleLanguage.4))</visible>
          <aspectratio aligny="center" scalediffuse="true">scale</aspectratio>
        </control>
      </control>

    </control>
     <control type="group"> 

      <visible>!Skin.HasSetting(hidelangues2)+!String.IsEmpty($PARAM[contid]ListItem.FileExtension)+String.IsEqual($PARAM[contid]ListItem.DBTYPE,song)</visible>
      <width>156</width>
      <height>70</height>
      <align>center</align>
      
      <include>CadreFlag</include>
      <control type="image">
        <top>3</top>
        <aspectratio align="center" aligny="center">keep</aspectratio>
        <texture>$INFO[$PARAM[contid]ListItem.FileExtension,flags/audiocodec/,.png]</texture>

      </control>
    </control>
    <control type="group"> 

      <visible>!Skin.HasSetting(hidelangues2)</visible>
      <width>156</width>
      <height>70</height>
      <visible>!String.IsEmpty($PARAM[contid]ListItem.Property(AudioLanguage.1)) + String.IsEmpty($PARAM[contid]ListItem.Property(AudioLanguage.2))</visible>
      <include>CadreFlag</include>
      <control type="image">
        <visible>String.IsEmpty($PARAM[contid]ListItem.Property(AudioLanguage.2))</visible>
        <posx>18</posx>
        <posy>23</posy>
        <width>60</width>
        <height>30</height>
        <texture background="true" >resource://resource.images.languageflags.colour/$INFO[$PARAM[contid]ListItem.Property(AudioLanguage.1)].png</texture>
        <visible>!String.IsEmpty($PARAM[contid]ListItem.Property(AudioLanguage.1))</visible>
        <aspectratio aligny="center">scale</aspectratio>
      </control>

      <control type="group">

        <posx>85</posx>
        <posy>10</posy>
        <width>60</width>
        <height>30</height>
        
        <control type="image">
          <posx>0</posx>
          <posy>1</posy>
          <width>50</width>
          <heigth>30</heigth>
          <texture background="true" >$INFO[$PARAM[contid]ListItem.Property(AudioChannels.1),flags/AudioChannels/,chOverlay.png]</texture>
          <aspectratio>scale</aspectratio>
        </control>
        
        <control type="image">
          <posx>-5</posx>
          <posy>30</posy>
          <width>50</width>
          <height>30</height>
          <texture >$VAR[MediaFlag_AudioCodec]</texture>

          <aspectratio>scale</aspectratio>
        </control>
      </control>
    </control>


    <control type="group"> 

      <visible>!String.IsEmpty($PARAM[contid]ListItem.Property(AudioLanguage.1))+!String.IsEmpty($PARAM[contid]ListItem.Property(AudioLanguage.2))+!String.IsEmpty($PARAM[contid]ListItem.Property(AudioLanguage.4))</visible>
      <visible>!Skin.HasSetting(hidelangues2)</visible>

      <height>70</height>
      <width>332</width>


      <include>CadreFlag</include>
      <include content="multilangues">
<param name="contid">$PARAM[contid]</param>
</include>


    </control>
    <control type="group"> 

      <visible>!String.IsEmpty($PARAM[contid]ListItem.Property(AudioLanguage.1))+!String.IsEmpty($PARAM[contid]ListItem.Property(AudioLanguage.2))+!String.IsEmpty($PARAM[contid]ListItem.Property(AudioLanguage.3))+String.IsEmpty($PARAM[contid]ListItem.Property(AudioLanguage.4))</visible>
      <visible>!Skin.HasSetting(hidelangues2)</visible>


      <width>252</width>
      <height>70</height>



      <include>CadreFlag</include>

      <include content="multilangues">
<param name="contid">$PARAM[contid]</param>
</include>


    </control>
    <control type="group"> 

      <visible>!String.IsEmpty($PARAM[contid]ListItem.Property(AudioLanguage.1))+!String.IsEmpty($PARAM[contid]ListItem.Property(AudioLanguage.2))+String.IsEmpty($PARAM[contid]ListItem.Property(AudioLanguage.4))+String.IsEmpty($PARAM[contid]ListItem.Property(AudioLanguage.3))</visible>
      <visible>!Skin.HasSetting(hidelangues2)</visible>

      <width>172</width>
      <height>70</height>



      <include>CadreFlag</include>
      <include content="multilangues">
<param name="contid">$PARAM[contid]</param>
</include>


    </control>
    

    <control type="group"> 

      <visible>!Skin.HasSetting(hideduree2)</visible>
      <width>156</width>
      <height>70</height>
      <include>CadreFlag</include>
      
      <control type="group">
        <top>4</top>
        <left>23</left>
        <include>chronotoolsV</include>
      </control>
      <visible>!String.IsEmpty($PARAM[contid]ListItem.Duration)|[Skin.HasSetting(Show_HeureFin)+!String.IsEmpty(Window(10000).Property(DurationTools))]</visible>
      <visible>!String.Contains($PARAM[contid]ListItem.DbType,season)+!String.Contains($PARAM[contid]ListItem.DbType,tvshow)</visible>
    </control>

    <control type="group"> 

      <visible>!String.IsEmpty($PARAM[contid]ListItem.Genre)+!Window.IsActive(2003)</visible>
      <visible>!Skin.HasSetting(hidegenre2)</visible>
      <width>156</width>
      <height>70</height>
      <left>-5</left>

      <control type="fadelabel">
        <include>CadreFlag</include>
        <top>4</top>
        <left>9</left>
        <height>70</height>
        <width>136</width>
        <aligny>center</aligny>
        <align>center</align>
        <scrollout>false</scrollout>
        <pauseatend>400</pauseatend>
        <font>debutfin</font>
        <scrollspeed>20</scrollspeed>
        <shadowcolor>FF000000</shadowcolor>
        <label>[COLOR=MediaDetailsInfo]$INFO[$PARAM[contid]ListItem.Genre][/COLOR]</label>
        <textcolor>white</textcolor>
      </control>



    </control>

    <control type="group"> 

      <visible>!Skin.HasSetting(hidestudio2)+!String.IsEmpty($PARAM[contid]ListItem.Studio)</visible>
      <width>156</width>
      <height>70</height>
      <align>center</align>
      
      <include>CadreFlag</include>
      <control type="image">
        <top>3</top>
        <aspectratio align="center" aligny="center">keep</aspectratio>
        <texture fallback="flags\default-studio.png">resource://resource.images.studios.white/$INFO[$PARAM[contid]ListItem.Studio].png</texture>


      </control>
    </control>
     <control type="group"> 

      <visible>!Skin.HasSetting(hidestudio2)+String.Contains($PARAM[contid]ListItem.DbType,tvshow)+!String.IsEmpty(Window(Home).Property(IconMixTvNetwork))+String.IsEmpty($PARAM[contid]ListItem.Studio)</visible>
      <width>156</width>
      <height>70</height>
      <include>CadreFlag</include>
      <control type="image">
        <top>3</top>
        <aspectratio align="center" aligny="center">keep</aspectratio>
        <texture fallback="flags\default-studio.png">resource://resource.images.studios.white/$INFO[Window(Home).Property(IconMixTvNetwork)].png</texture>
      </control>
     
   

    </control>
       <control type="group"> 

      <visible>!Skin.HasSetting(hidestudio2)+!String.IsEmpty($PARAM[contid]ListItem.Property(Album_Label))</visible>
      <width>156</width>
      <height>70</height>
      <align>center</align>
      
      <include>CadreFlag</include>
      <control type="image">
        <top>3</top>
        <aspectratio align="center" aligny="center">keep</aspectratio>
        <texture>$INFO[MusicPlayer.Property($PARAM[contid]ListItem.Property(Album_Label)),resource://resource.images.recordlabels.white/,.png]</texture>

      </control>
    </control>
     <control type="group"> 

      <visible>!Skin.HasSetting(hiderealisateur2)+!String.IsEmpty($PARAM[contid]ListItem.Director)+!Window.IsVisible(12003)</visible>
      <include content="FlagRealisateur">
<param name="contid">$PARAM[contid]</param>
</include>
      </control>
    <control type="group"> 

      <visible>!Skin.HasSetting(hideannee2)</visible>
      <visible>!String.IsEmpty($PARAM[contid]ListItem.Year)</visible>
      <width>156</width>
      <height>70</height>
      <include>CadreFlag</include>


      <control type="label">
        <width min="25" max="200">auto</width>
        <posx>30</posx>
        <posy>10</posy>
        <height>50</height>
        <aligny>center</aligny>
        <font>impact</font>
        <textcolor>white</textcolor>
        <label>[I]$INFO[$PARAM[contid]ListItem.Year][/I]</label>
      </control>
    </control>

    <control type="group"> 

      <visible>!String.IsEmpty($PARAM[contid]ListItem.Rating)</visible>
      <visible>!Skin.HasSetting(hidenotation2)</visible>
      <width>98</width>
      <height>70</height>
      <include>CadreFlag</include>
      <control type="image">
        <top>3</top>
        <include>MediaFlagsVarsSquare</include>
        

        <texture>flags/notation/notefilm.png</texture>
        <aspectratio>stretch</aspectratio>
        <visible>String.IsEqual($PARAM[contid]ListItem.DBTYPE,movie)|String.IsEqual($PARAM[contid]ListItem.DBTYPE,set)</visible>
      </control>
      <control type="image">
        <include>MediaFlagsVarsSquare</include>
        

        <texture>flags/notation/notetv.png</texture>
        <aspectratio>stretch</aspectratio>
        <visible>String.IsEqual($PARAM[contid]ListItem.DBTYPE,tvshow)|String.IsEqual($PARAM[contid]ListItem.DBTYPE,episode)</visible>
      </control>
      <control type="label">
        <visible>[!Skin.HasSetting(PreferUserRating) + !String.IsEmpty($PARAM[contid]ListItem.Rating)] | [Skin.HasSetting(PreferUserRating) + String.IsEmpty($PARAM[contid]ListItem.UserRating)]</visible>
        <posy>9</posy>
        <include>MediaFlagsVarsSquare</include>
        <align>center</align>
        <aligny>center</aligny>
        <label>$INFO[$PARAM[contid]ListItem.Rating]</label>
        <textcolor>blue</textcolor>
        <font>METF_StarRating</font>
        <angle>5</angle>
      </control>
      


    </control>
     <control type="group"> 

      <visible>!String.IsEmpty($PARAM[contid]ListItem.UserRating)</visible>
      <visible>!Skin.HasSetting(hidenotation2)</visible>
      <width>98</width>
      <height>70</height>
      <include>CadreFlag</include>
      
      <control type="image">
        

        <texture>flags/notation/pnote$INFO[$PARAM[contid]ListItem.UserRating].png</texture>
          <aspectratio>keep</aspectratio>
      </control>
     

    </control>

    <control type="group"> 

      <width>80</width>
      <height>70</height>
     <include>CadreFlag</include>
      <visible>String.Contains($PARAM[contid]ListItem.DbType,movie) | String.Contains($PARAM[contid]ListItem.DbType,episode)| String.Contains($PARAM[contid]ListItem.DbType,tvshow) | String.Contains($PARAM[contid]ListItem.DbType,MusicVideo)</visible>
      <visible>!String.IsEmpty($PARAM[contid]ListItem.Mpaa)</visible>
      <visible>!Skin.HasSetting(hidempaa2)</visible>
      <control type="image">
        <posy>8</posy>
        <height>55</height>

        <aspectratio>keep</aspectratio>
        <texture fallback="flags/default.png">$VAR[MPAATexture]</texture>

      </control>


    </control>

    <control type="group"> 

      <visible>!Skin.HasSetting(hidesource2)</visible>
      <width>156</width>
      <height>70</height>
      <include>CadreFlag</include>
      <visible>String.Contains($PARAM[contid]ListItem.DbType,movie) | String.Contains($PARAM[contid]ListItem.DbType,episode) | String.Contains($PARAM[contid]ListItem.DbType,MusicVideo)</visible>
      <visible>!String.IsEmpty($PARAM[contid]ListItem.VideoCodec)</visible>
      <control type="image">
        <include>MediaFlagsVarsWide</include>
        <texture fallback="flags/default.png">$VAR[VarFlagSource]</texture>

      </control>


    </control>

    

    <control type="group">
      <visible>!Skin.HasSetting(hide3d2)</visible>
     <include>CadreFlag</include>
      <visible>String.Contains($PARAM[contid]ListItem.StereoscopicMode,split_) | String.Contains($PARAM[contid]ListItem.StereoscopicMode,anaglyph_)|String.Contains($PARAM[contid]ListItem.filename,.3D.)</visible>
      <width>156</width>
      <height>70</height>
      <control type="image">
        <include>MediaFlagsVarsWide</include>
        

        <texture fallback="flags/default.png">flags/VideoCodec/flag3d.png</texture>

        <visible>String.Contains($PARAM[contid]ListItem.filename,.sbs.) | String.Contains($PARAM[contid]ListItem.StereoscopicMode,split_horizontal)</visible>
      </control>
      <control type="image">
        <include>MediaFlagsVarsWide</include>
        

        <texture fallback="flags/default.png">flags/VideoCodec/flag3d.png</texture>

        <visible>String.Contains($PARAM[contid]ListItem.filename,.tab.) | String.Contains($PARAM[contid]ListItem.StereoscopicMode,split_vertical)</visible>
      </control>
      <control type="image">
        <include>MediaFlagsVarsWide</include>
        <texture fallback="flags/default.png">flags/VideoCodec/flag3d.png</texture>

        <visible>!String.Contains($PARAM[contid]ListItem.filename,.tab.)+!String.Contains($PARAM[contid]ListItem.filename,.sbs.)+!String.Contains($PARAM[contid]ListItem.StereoscopicMode,split_)</visible>
      </control>

    </control>
</definition>
  </include>
  
  <include name="multilangues">
<param name="contid" default="" />
<definition>
   
    <control type="group"> 
      <width>60</width>
      <height>65</height>
      <posx>20</posx>
      <top>-1</top>
      
      <control type="image">
        <posx>0</posx>
        <width>60</width>
        <height>30</height>
        <include>MediaFlagsVarsWide</include>
        <texture background="true" >resource://resource.images.languageflags.colour/$INFO[$PARAM[contid]ListItem.Property(AudioLanguage.1)].png</texture>
        <aspectratio aligny="center" scalediffuse="true">scale</aspectratio>
      </control>
     <include>fond_audio_channels</include>
      <control type="image">
        <posx>30</posx>
        <posy>10</posy>
        <width>22</width>
        <height>18</height>
        <texture background="true" >$INFO[$PARAM[contid]ListItem.Property(AudioChannels.1),flags/AudioChannels/,chOverlay.png]</texture>
        <aspectratio>scale</aspectratio>
      </control>
      <control type="image">
        <posx>0</posx>
        <posy>40</posy>
        <width>60</width>
        <height>30</height>
        <include>MediaFlagsVarsWide</include>
        <texture fallback="flags/defaultsound.png">$INFO[$PARAM[contid]ListItem.Property(AudioCodec.1),flags/AudioCodec/,.png]</texture>
        <aspectratio aligny="center" scalediffuse="true">scale</aspectratio>
      </control>
      
    </control>

    <control type="group"> 
      <visible>!String.IsEmpty($PARAM[contid]ListItem.Property(AudioLanguage.2))</visible>
      <width>60</width>
      <height>65</height>
      <posx>85</posx>
      <top>-1</top>
      <control type="image">
        <posx>0</posx>
        <width>60</width>
        <height>30</height>
        <include>MediaFlagsVarsWide</include>
        <texture background="true" >resource://resource.images.languageflags.colour/$INFO[$PARAM[contid]ListItem.Property(AudioLanguage.2)].png</texture>
        <aspectratio aligny="center" scalediffuse="true">scale</aspectratio>
      </control>
     <include>fond_audio_channels</include>
      <control type="image">
        <posx>30</posx>
        <posy>10</posy>
        <width>22</width>
        <height>18</height>
        <texture background="true" >$INFO[$PARAM[contid]ListItem.Property(AudioChannels.2),flags/AudioChannels/,chOverlay.png]</texture>
        <aspectratio>scale</aspectratio>
      </control>
      <control type="image">
        <posx>0</posx>
        <posy>40</posy>
        <width>60</width>
        <height>30</height>
        <include>MediaFlagsVarsWide</include>
        <texture fallback="flags/defaultsound.png">$INFO[$PARAM[contid]ListItem.Property(AudioCodec.2),flags/AudioCodec/,.png]</texture>
        <aspectratio aligny="center" scalediffuse="true">scale</aspectratio>
      </control>
    </control>

    <control type="group"> 
      <visible>!String.IsEmpty($PARAM[contid]ListItem.Property(AudioLanguage.3))</visible>
      <width>60</width>
      <height>65</height>
      <posx>155</posx>
      <top>-1</top>
      <control type="image">
        <posx>0</posx>
        <width>60</width>
        <height>30</height>
        <include>MediaFlagsVarsWide</include>
        <texture background="true" >resource://resource.images.languageflags.colour/$INFO[$PARAM[contid]ListItem.Property(AudioLanguage.3)].png</texture>
        <aspectratio aligny="center" scalediffuse="true">scale</aspectratio>
      </control>
      <include>fond_audio_channels</include>
      <control type="image">
        <posx>30</posx>
        <posy>10</posy>
        <width>22</width>
        <height>18</height>
        <texture background="true" >$INFO[$PARAM[contid]ListItem.Property(AudioChannels.3),flags/AudioChannels/,chOverlay.png]</texture>
        <aspectratio>scale</aspectratio>
      </control>
      <control type="image">
        <posx>0</posx>
        <posy>40</posy>
        <width>60</width>
        <height>30</height>
        <include>MediaFlagsVarsWide</include>
        <texture fallback="flags/defaultsound.png">$INFO[$PARAM[contid]ListItem.Property(AudioCodec.3),flags/AudioCodec/,.png]</texture>
        <aspectratio aligny="center" scalediffuse="true">scale</aspectratio>
      </control>
    </control>
 
    <control type="group"> 
      <visible>!String.IsEmpty($PARAM[contid]ListItem.Property(AudioLanguage.4))</visible>
      <width>60</width>
      <height>65</height>
      <top>-1</top>
      <posx>225</posx>
      <control type="image">
        <posx>0</posx>
        <width>60</width>
        <height>30</height>
        <include>MediaFlagsVarsWide</include>
        <texture fallback="flags/defaultsound.png" background="true" >resource://resource.images.languageflags.colour/$INFO[$PARAM[contid]ListItem.Property(AudioLanguage.4)].png</texture>
        <aspectratio aligny="center" scalediffuse="true">scale</aspectratio>
      </control>
      <include>fond_audio_channels</include>
      <control type="image">
        <posx>30</posx>
        <posy>10</posy>
        <width>22</width>
        <height>18</height>
        <texture background="true" >$INFO[$PARAM[contid]ListItem.Property(AudioChannels.4),flags/AudioChannels/,chOverlay.png]</texture>
        <aspectratio>scale</aspectratio>
      </control>
      <control type="image">
        <posx>0</posx>
        <posy>40</posy>
        <width>60</width>
        <height>30</height>
        <include>MediaFlagsVarsWide</include>
        <texture fallback="flags/defaultsound.png">$INFO[$PARAM[contid]ListItem.Property(AudioCodec.4),flags/AudioCodec/,.png]</texture>
        <aspectratio aligny="center" scalediffuse="true">scale</aspectratio>
      </control>
    </control>
</definition>
  </include>

 
 
 
  <include name="MediaInfoGroupUp">
    <param name="contid" default="" />
    <definition>
    <control type="group">
      
      <align>center</align>
      
      <include>Animation_CommonFade</include>

      <visible>!String.Contains(Container.FolderPath,plugin)</visible>
      <visible>!String.StartsWith(ListItem.Label,..)+[Container.Content(files) |Container.Content(movies)| Container.Content(tvshows) | Container.Content(episodes) | Container.Content(seasons)  | Container.Content(MusicVideos)]</visible>
      <include>VisibleIfNotMovieSet</include>
      <control type="grouplist"> 
        
        <height>100</height>
        <align>center</align>
        <itemgap>1</itemgap>
        <orientation>horizontal</orientation>
        <include content="mediaflagline1">
          <param name="contid">$PARAM[contid]</param>
        </include>
        <include content="mediaflagline2">  
          <param name="contid">$PARAM[contid]</param>
        </include>
      </control>
    </control>
 </definition>
  </include>
 
  
  
</includes>
