<?xml version="1.0" encoding="UTF-8"?>
<includes>

  <include name="Viewtype_MusicBox">
     
    <control type="group">
      <posy>158</posy>
      <visible>Control.IsVisible(561)</visible>
      
      <include>Animation_OpenCloseFade</include>
      <include>Animation_HiddenByInfo</include>


      <control type="fixedlist" id="561">
        <!--
        <animation effect="rotatey" center="0,top"  end="-20" time="100" delay="1" condition="true" reversible="false">Conditional</animation>
        -->
        <posx>0</posx>
        <posy>170</posy>
        <height>600</height>
        <width>2000</width>
        <align>center</align>
        <onup>7000</onup>
        <onleft>561</onleft>
        <onright>561</onright>
        <viewtype label="31835">icon</viewtype>
        <orientation>horizontal</orientation>
        <focusposition>2</focusposition>
        <scrolltime>200</scrolltime>
        <preloaditems>2</preloaditems>
        <pagecontrol>60</pagecontrol>


        <itemlayout width="400" height="600">

          <include>BoitierMusicBox</include>
        </itemlayout>
        <focusedlayout width="400" height="600">
          <!-- -->
          <control type="group">
            <animation type="Focus" reversible="false" >
            <effect type="zoom" center="auto"  end="110" time="200" delay="100"  />
            <effect type="zoom" center="auto"  start="120" end="160" time="200" delay="2500"  reversible="false"/>
            <effect type="rotatey" center="0,top" start="-30" end="45" time="10" delay="1" condition="true" reversible="false"/>
            </animation>
            <include>BoitierMusicBox</include>
            
          </control>
          -->
          
        </focusedlayout>
      </control>
      <!-- Browser label and flags

      -->
     
      <control type="image">
        <posy>450</posy>
        <posx>1480</posx>
        <width>450</width>
        <aspectratio>keep</aspectratio>
        <texture>$INFO[Window(Home).Property(ArtistBanner)]</texture>
        <animation effect="slide"  end="0,-80" condition="true" time="500" reversible="false">Conditional</animation> -->
      </control>
      <include>ScrollBar_Horizontal</include>
    </control>
  </include>
  
  <include name="BoitierMusicBox">
    <control type="group">
      <animation effect="rotatey" center="0,top"  end="-30" time="10" delay="1" condition="true" reversible="false">Conditional</animation>
      <control type="group">
        <control type="image">
          <left>10</left>
          <top>0</top>
          <width>355</width>
          <height>340</height>
          <texture>frames/cdcasexback.png</texture>
          <aspectratio>keep</aspectratio>
        </control>
        <control type="image">
          <top>150</top>
          <left>185</left>
          <width>160</width>
          <height>35</height>
          <texture>$VAR[MediaFlag_AudioCodec]</texture>
          <aspectratio>keep</aspectratio>
          <colordiffuse>MediaFlagDiffuse</colordiffuse>
        </control>
        
      </control>

      <control type="group">
        <!--
        <animation effect="rotatey" center="18,top"  end="180" time="800" delay="1400" condition="System.IdleTime(2)" reversible="false">Conditional</animation>
        -->
        <control type="image">
          <posx>47</posx>
          <posy>3</posy>
          <width>315</width>
          <height>335</height>
          <texture fallback="DefaultThumb.png">$VAR[pochettemusic]</texture>
          <aspectratio>stretch</aspectratio>
        </control>
        <control type="image">
          <posx>10</posx>
          <posy>0</posy>
          <width>355</width>
          <height>340</height>
          <texture>frames/cdcasexup.png</texture>
          <aspectratio scalediffuse="true">stretch</aspectratio>

        </control>
        
      </control>
      <control type="group"> <!-- reflect -->
        <left>10</left>
        <top>343</top>
        <width>355</width>
        <height>340</height>
        <control type="image">
          <colordiffuse>A0FFFFFF</colordiffuse>

          <width>355</width>
          <height>340</height>
          <texture background="true" fallback="DefaultThumb.png" flipy="true" diffuse="frames/reflect_poster2.png" >frames/cdcasexback.png</texture>
          <aspectratio scalediffuse="true">keep</aspectratio>
        </control>

        <control type="image">
          <colordiffuse>A0FFFFFF</colordiffuse>

          <texture background="true" fallback="DefaultThumb.png" flipy="true" diffuse="frames/reflect_poster2.png" >frames/cdcasexup.png</texture>
          <aspectratio scalediffuse="true">stretch</aspectratio>
        </control>
        <control type="image">
          <posx>17</posx>
          <colordiffuse>A0FFFFFF</colordiffuse>

          <top>3</top>
          <width>335</width>
          <height>335</height>
          <texture background="true" fallback="DefaultThumb.png" flipy="true" diffuse="frames/reflect_poster2.png" >$VAR[pochettemusic]</texture>
          <aspectratio scalediffuse="true">scale</aspectratio>
        </control>
      </control>
    </control>
  </include>

</includes>
