<?xml version="1.0" encoding="UTF-8"?>
<window type="dialog">
  <allowoverlay>no</allowoverlay>
  <coordinates>
    <system>1</system>
    <posx>0</posx>
    <posy>0</posy>
  </coordinates>
  <controls>

      
      <control type="group">
        
        <posx>1010</posx>
        <posy>300</posy>
        <control type="group"> <!-- bande annonce en fenetre -->
           <visible>!Player.Caching</visible> 
          <top>-50</top>
          <left>430</left>
          <animation type="Conditional"  condition="Player.HasVideo" reversible="false">
            <effect type="zoom" center="auto" end="80" delay="10"/> 
            <effect type="slide" start="0,0" end="-1000,0"   time="1500" delay="10" tween="bounce" easy="out"/>
          </animation>
          <control type="image">
            <top>90</top>
            <left>380</left>
            <width>900</width>
            <height>506</height>
            <texture>fondblack.png</texture>
            <aspectratio>stretch</aspectratio>
            <visible>Player.HasVideo</visible> 
          </control>
          <control type="videowindow" id="1192">
            <top>90</top>
            <left>380</left>
            <width>900</width>
            <height>506</height>                       
          </control>
           <control type="image">
            <top>4</top>
            <left>276</left>
            <width>1110</width>
            <height>725</height>
            <texture>cadrevideo.png</texture>
            <aspectratio>stretch</aspectratio>
            <visible>Player.HasVideo</visible>
          </control>
           <control type="label">
            <top>45</top>
            <width>950</width>
            <left>356</left>
            <align>center</align>
            <scroll>true</scroll>
            <font>impact35</font>
            <label>[COLOR=yellow]$INFO[Playlist.Position,(,/]$INFO[Playlist.Length(),,) :][/COLOR][I]$INFO[VideoPlayer.Title][/I]</label>
            <visible>Player.HasVideo</visible>
          </control>  
          <control type="progress" id="23">
            <description>Progressbar</description>
            <left>400</left>
            <top>650</top>
            <width>850</width>
            <height>30</height>
            <info>Player.Progress</info>
            <reveal>true</reveal>
            
            <texturebg>osd/osd_progress_back.png</texturebg>
            <lefttexture>osd/osd_progress_left4.png</lefttexture>
            <midtexture>osd/osd_progress_mid4.png</midtexture>
            <righttexture>osd/osd_progress_right4.png</righttexture>
            <overlaytexture></overlaytexture>
            <visible>Player.HasVideo</visible>
        
          </control> 
          
          <control type="group"> 
            <top>25</top>      
            <left>1290</left>
      		  <height>60</height>
      		  <width>60</width>      
            <control type="image" >        		  
        		  <texture>youtube.png</texture> 
              <visible>String.Contains(Player.Filenameandpath,googlevideo)</visible>      
              <aspectratio>keep</aspectratio>
            </control>
    	      <control type="image" >        		  
        		  <texture>allocine.png</texture> 
              <visible>String.Contains(Player.Filenameandpath,acsta.net)</visible>      
              <aspectratio>keep</aspectratio>
            </control>
          </control> 
        </control>
      </control>



  </controls>
</window>
