<?xml version="1.0" encoding="UTF-8"?>
<includes>
  	<include name="FondWidgetInfo">
		<control type="image">
			<posx>0</posx>
			<posy>-8</posy>
			<width>915</width>
			<height>78</height>
			<bordersize>8</bordersize>
							<bordertexture border="8" colordiffuse="FFFFFFFF">landscape.png</bordertexture>	
			<colordiffuse>90F0F0F0</colordiffuse>
				<texture>frames/fondwidget.png</texture>
		</control>
		
	</include>
	<include name="FondWidget">
		<control type="image">
			<posx>-303</posx>
			<posy>-33</posy>
			<width>1250</width>
			<height>286</height>
			<!--
			<colordiffuse>90F0F0F0</colordiffuse>
			-->
			<colordiffuse>BackgroundColorWidget</colordiffuse>
			<bordersize>8</bordersize>
							<bordertexture border="8" colordiffuse="FFFFFFFF">landscape.png</bordertexture>	
				<texture>frames/fondwidget.png</texture>
				<aspectratio>stretch</aspectratio>
		</control>
	</include>
    <include name="FondWidgetInfoH">
    <control type="image">
      <posx>0</posx>
      <posy>-8</posy>
      <width>1535</width>
      <height>78</height>
      <bordersize>8</bordersize>
      <bordertexture border="8" colordiffuse="FFFFFFFF">landscape.png</bordertexture>
      <!---
      <colordiffuse>90F0F0F0</colordiffuse>
      -->
      <colordiffuse>BackgroundColorWidget</colordiffuse>
      <texture>frames/fondwidget.png</texture>
    </control>

  </include>
  <include name="FondWidgetH">
    <control type="image">
      <posx>-303</posx>
      <posy>-33</posy>
      <width>1870</width>
      <height>286</height>
      <!-- <colordiffuse>90F0F0F0</colordiffuse> -->
      <colordiffuse>BackgroundColorWidget</colordiffuse>
      <bordersize>8</bordersize>
      <bordertexture border="8" colordiffuse="FFFFFFFF">landscape.png</bordertexture>
      <texture>frames/fondwidget.png</texture>
      <aspectratio>stretch</aspectratio>
    </control>
  </include>
  <include name="FondWidgetMeteo">
    <control type="image">
      <posx>5</posx>
      <posy>8</posy>
      <width>1290</width>
      <height>270</height>
      <colordiffuse>BackgroundColorWidget</colordiffuse>
      <texture>frames/fondwidget.png</texture>
    </control>
    <control type="image">

      <width>1300</width>
      <height>286</height>
      <texture border="10">landscape.png</texture>
    </control>
    <!--<control type="image">
    <posx>-315</posx>
    <posy>-50</posy>
    <width>1270</width>
    <height>320</height>
    <texture>frames/banner_frame2.png</texture>
    </control>
    -->
  </include>



  <!-- -------------------------Widgets Meteo et systeme-------------------------------->

  <include name="DetailsMeteo">
    <onclick>ActivateWindow(Weather)</onclick>
    <posy>10</posy>
    <posx>0</posx>
    <align>center</align>
    <height>300</height>
    <width>1805</width>
    <onup>9000</onup>
    <ondown>9000</ondown>
    <onback>9000</onback>
    <orientation>horizontal</orientation>
    <itemgap>5</itemgap>
    <include content="Weather_day">
             <param name="numero">0</param>
             <param name="numerobis">1</param>
    </include>
    <include content="Weather_day">
             <param name="numero">1</param>
             <param name="numerobis">2</param>
    </include>
    <include content="Weather_day">
             <param name="numero">2</param>
             <param name="numerobis">3</param>
    </include>
     <include content="Weather_day">
             <param name="numero">3</param>
             <param name="numerobis">4</param>
    </include>
     <include content="Weather_day">
             <param name="numero">4</param>
             <param name="numerobis">5</param>
    </include>
    <include content="Weather_day">
             <param name="numero">5</param>
             <param name="numerobis">6</param>
    </include>
    <include content="Weather_day">
             <param name="numero">6</param>
             <param name="numerobis">7</param>
    </include>
</include>
<!-- --------------------------METEO PLEIN ECRAN------------------------------------------->
<include name="MeteoPleinEcran">
  <control type="group" id="9024">

    <include>affichagemeteo_commun</include>


    <!-- Heading Labels at very top of screen -->
    <control type="group">
			<posx>30</posx>
			<posy>10</posy>
			<control type="label">
				<label>$INFO[Weather.Location]</label>
				<include>FontTitre</include>
				<align>center</align>
				<width>1300</width>
			</control>
			<control type="label">
				<label>$LOCALIZE[31208] $INFO[Window.Property(Updated)]</label>
				<font>impactsongs</font>			
				<align>right</align>
				<width>500</width>
				<left>1300</left>
			</control>
		</control>

  </control>
</include>

<!-- -------------------------Widget 1-------------------------------->

<include name="widget1">
  <control type="group" id="9022">
    <visible>[[String.IsEqual(Container(9000).ListItem.Property(widget),WeatherForecast)+!Skin.HasSetting(MeteoPleinEcran)]|!String.IsEqual(Container(9000).ListItem.Property(widget),WeatherForecast)]+!String.IsEmpty(Container(9000).ListItem.Property(widget))</visible>
    <posx>1990</posx>
    <!-- <posx>2250</posx> -->
    <posy>600</posy>
    <include>skinshortcuts-template-widget1</include>
    <animation effect="fade" start="100" end="50" time="500" condition="Control.HasFocus(9001)">Conditional</animation>
  </control>
  <control type="group">
    <include>MeteoPleinEcran</include>
    <visible>String.IsEqual(Container(9000).ListItem.Property(widget),WeatherForecast)+Skin.HasSetting(MeteoPleinEcran)+!String.IsEmpty(Container(9000).ListItem.Property(widget))</visible>
  </control>
</include>
<include name="widget2">
  <control type="group" id="9023">
    <visible>[[String.IsEqual(Container(9000).ListItem.Property(widget),WeatherForecast)+!Skin.HasSetting(MeteoPleinEcran)]|!String.IsEqual(Container(9000).ListItem.Property(widget),WeatherForecast)]+!String.IsEmpty(Container(9000).ListItem.Property(widget.2))</visible>
    <posx>1990</posx>
    <!-- <posx>2250</posx> -->
    <posy>300</posy>
    <include>skinshortcuts-template-widget2</include>
    <animation effect="fade" start="100" end="50" time="500" condition="Control.HasFocus(9001)">Conditional</animation>
  </control>
</include>


<!-- -------------------------Homedeck-------------------------------->

<include name="HomeDeck">
  <control type="group" id="9004">
    <animation effect="fade" start="100" end="0" time="0" condition="[ Skin.HasSetting(Home3)] + Control.HasFocus(9001)">conditional</animation>
    <animation effect="fade" start="0" end="100" delay="200" time="200" condition="[ Skin.HasSetting(Home3)] + !Control.HasFocus(9001)">conditional</animation>
 

    <control type="group">
      <include>widget1</include>
      <include>widget2</include>
    </control>

    <!-- PVR Widget
    <control type="group">
    <left>470</left>
    <top>554</top>
    <visible>Control.HasFocus(8002)  + !String.IsEmpty(Container(9000).ListItem.Property(widget)) + String.IsEqual(Container(9000).ListItem.Property(widget),PVR) + [PVR.IsRecording | PVR.HasNonRecordingTimer]</visible>
    <animation effect="fade" start="100" end="0" time="200" condition="Window.IsActive(Favourites)">conditional</animation>
    <control type="group">
    <animation effect="slide" start="0,0" end="0,80" time="0" condition="PVR.IsRecording">conditional</animation>
    <visible>PVR.HasNonRecordingTimer</visible>
    <control type="image">
    <left>-100</left>
    <top>0</top>
    <width>80</width>
    <height>80</height>
    <aspectratio>keep</aspectratio>
    <texture background="true" fallback="DefaultVideoCover.png">$INFO[PVR.NextRecordingChannelIcon]</texture>
    <bordertexture border="8">ThumbBorder.png</bordertexture>
    <bordersize>4</bordersize>
    </control>
    <control type="image">
    <left>0</left>
    <top>5</top>
    <width>25</width>
    <height>25</height>
    <aspectratio>keep</aspectratio>
    <texture>PVR-HasTimer.png</texture>
    </control>
    <control type="label">
    <description>Next Timer Header label</description>
    <left>40</left>
    <top>5</top>
    <height>25</height>
    <width>400</width>
    <label>$LOCALIZE[19157]</label>
    <align>left</align>
    <aligny>center</aligny>
    <font>METF_RecentlyAddedListText</font>
    <textcolor>Temp</textcolor>
    <shadowcolor>black</shadowcolor>
    </control>
    <control type="label">
    <description>NextRecordingDateTime</description>
    <left>0</left>
    <top>30</top>
    <height>25</height>
    <width>400</width>
    <label>$INFO[PVR.NextRecordingDateTime,$LOCALIZE[19126] - ]</label>
    <align>left</align>
    <aligny>center</aligny>
    <font>METF_RecentlyAddedListText</font>
    <textcolor>RecentlyAddedNF</textcolor>
    <scroll>true</scroll>
    <shadowcolor>black</shadowcolor>
    </control>
    <control type="label">
    <description>NextRecordingTitle Channel</description>
    <left>0</left>
    <top>50</top>
    <height>25</height>
    <width>800</width>
    <label>$INFO[PVR.NextRecordingTitle][COLOR=SubmenuTextFocused]$INFO[PVR.NextRecordingChannel, - [COLOR=SubmenuTextFocused]([/COLOR],[COLOR=SubmenuTextFocused])[/COLOR]][/COLOR]</label>
    <align>left</align>
    <aligny>center</aligny>
    <font>METF_RecentlyAddedListText</font>
    <textcolor>RecentlyAddedNF</textcolor>
    <shadowcolor>black</shadowcolor>
    <scroll>true</scroll>
    </control>
    </control>
    <control type="group">
    <visible>PVR.IsRecording</visible>
    <control type="image">
    <left>-100</left>
    <top>0</top>
    <width>80</width>
    <height>80</height>
    <aspectratio>keep</aspectratio>
    <texture background="true" fallback="DefaultVideoCover.png">$INFO[PVR.NowRecordingChannelIcon]</texture>
    <bordertexture border="8">ThumbBorder.png</bordertexture>
    <bordersize>4</bordersize>
    </control>
    <control type="image">
    <left>0</left>
    <top>5</top>
    <width>30</width>
    <height>25</height>
    <aspectratio>keep</aspectratio>
    <texture>PVR-IsRecording.png</texture>
    </control>
    <control type="label">
    <description>Is Recording Header label</description>
    <left>40</left>
    <top>5</top>
    <height>25</height>
    <width>400</width>
    <label>$LOCALIZE[19158]</label>
    <align>left</align>
    <aligny>center</aligny>
    <font>METF_RecentlyAddedListText</font>
    <textcolor>Temp</textcolor>
    <shadowcolor>black</shadowcolor>
    </control>
    <control type="label">
    <description>NextRecordingDateTime</description>
    <left>0</left>
    <top>30</top>
    <height>25</height>
    <width>400</width>
    <label>$INFO[PVR.NowRecordingDateTime,$LOCALIZE[19126] - ]</label>
    <align>left</align>
    <aligny>center</aligny>
    <font>METF_RecentlyAddedListText</font>
    <textcolor>RecentlyAddedNF</textcolor>
    <scroll>true</scroll>
    <shadowcolor>black</shadowcolor>
    </control>
    <control type="label">
    <description>NextRecordingTitle Channel</description>
    <left>0</left>
    <top>50</top>
    <height>30</height>
    <width>800</width>
    <label>$INFO[PVR.NowRecordingTitle][COLOR=SubmenuTextFocused]$INFO[PVR.NowRecordingChannel, - [COLOR=SubmenuTextFocused]([/COLOR],[COLOR=SubmenuTextFocused])[/COLOR]][/COLOR]</label>
    <align>left</align>
    <aligny>center</aligny>
    <font>METF_RecentlyAddedListText</font>
    <textcolor>RecentlyAddedNF</textcolor>
    <shadowcolor>black</shadowcolor>
    <scroll>true</scroll>
    </control>
    </control>
    </control>
    -->

  </control>
</include>



<!-- systeminfo widget -->
<include name="SystemContentList">
  <include>Animation_CommonFadeNoHide</include>
  
  <include>SystemContent</include>
  <width>1250</width>
  <height>250</height>
  <viewtype>list</viewtype>
  <orientation>horizontal</orientation>
  <itemlayout width="180" height="250">
    <control type="image">
      <description>Vertical Widget list Icon</description>
      <posx>15</posx>
      <posy>35</posy>
      <width>140</width>
      <height>140</height>
      <aspectratio align="center" >keep</aspectratio>
      <bordersize>2</bordersize>
      <texture diffuse="frames/EpisodeMatte.png">$INFO[ListItem.Icon]</texture>
    </control>
    <control type="label">
      <posx>5</posx>
      <posy>0</posy>
      <width>180</width>
      <height>27</height>
      <align>center</align>
      <scroll>true</scroll>
      <pauseatend>600</pauseatend>
      <scrollspeed>20</scrollspeed>
      <font>METF_RecentlyAddedListText</font>
      <textcolor>FocusBarText</textcolor>
      <label>$INFO[ListItem.Label]</label>
    </control>

    <control type="textbox">
      <posy>185</posy>
      <posx>5</posx>
      <width>180</width>
      <height>47</height>
      <font>METF_RecentlyAddedListText</font>
      <textcolor>RecentlyAddedNF</textcolor>
      <label>[COLOR=NowPlayingTitle]$INFO[ListItem.label2][/COLOR]</label>
      <align>center</align>
      <include condition="!Skin.HasSetting(AutoScrollFast)">AutoScrollLong</include>
      <include condition="Skin.HasSetting(AutoScrollFast)">AutoScrollLongFast</include>
    </control>
  </itemlayout>
  <focusedlayout width="180" height="250">
    <!-- Focus Bar -->

    <control type="image">
      <description>Vertical Widget list Icon</description>
      <posx>15</posx>
      <posy>35</posy>
      <width>140</width>
      <height>140</height>
      <aspectratio align="center" >keep</aspectratio>
      <include>Animation_MenuFocus</include>
      <texture diffuse="frames/EpisodeMatte.png">$INFO[ListItem.Icon]</texture>
    </control>
    <control type="label">
      <posx>5</posx>
      <posy>0</posy>
      <width>180</width>
      <height>27</height>
      <align>center</align>
      <scroll>true</scroll>
      <pauseatend>600</pauseatend>
      <scrollspeed>20</scrollspeed>
      <font>METF_RecentlyAddedListText</font>
      <textcolor>FocusBarText</textcolor>
      <label>$INFO[ListItem.Label]</label>
    </control>
    <control type="textbox">
      <posy>185</posy>
      <posx>5</posx>
      <width>180</width>
      <height>47</height>
      <font>METF_RecentlyAddedListText</font>
      <textcolor>RecentlyAddedNF</textcolor>
      <label>[COLOR=NowPlayingTitle]$INFO[ListItem.label2][/COLOR]</label>
      <align>center</align>
      <include condition="!Skin.HasSetting(AutoScrollFast)">AutoScrollLong</include>
      <include condition="Skin.HasSetting(AutoScrollFast)">AutoScrollLongFast</include>
    </control>
    <!---
    <control type="label">
    <posy>210</posy>
    <posx>5</posx>
    <width>150</width>
    <height>27</height>
    <align>center</align>
    <scroll>true</scroll>
    <pauseatend>600</pauseatend>
    <scrollspeed>20</scrollspeed>
    <font>METF_RecentlyAddedListText</font>
    <textcolor>RecentlyAddedNF</textcolor>
    <label>[COLOR=NowPlayingTitle]$INFO[ListItem.label2][/COLOR]</label>
  </control>	-->
</focusedlayout>
</include>



</includes>
