<?xml version="1.0" encoding="UTF-8"?>
<window id="34">
	<defaultcontrol always="true">2</defaultcontrol>
	<controls>
		<include>Global_Background</include>
		<control type="image">
            <posx>615</posx>
            <posy>0</posy>
            <height>1080</height>
    <width>10</width>
    <texture border="2">VideoInfoLine.png</texture>
    <colordiffuse>SettingsLine</colordiffuse>
            
        </control>
		<control type="group">
			<posy>-60</posy>
			<include>Animation_OpenCloseFade</include>
			
			<!-- Login Screen Toggle on Left -->
			
			<control type="radiobutton" id="4">
				<posx>16</posx>
				<posy>234</posy>
				<onright>2</onright>
				<onup>5</onup>
				<ondown>5</ondown>
				<textoffsetx>90</textoffsetx>
				<height>38</height>
				<width>580</width>
				<align>right</align>
				<aligny>center</aligny>
				<radiowidth>80</radiowidth>
				<radioheight>55</radioheight>
				<textureradiofocus>button_radioF.png</textureradiofocus>
				<textureradionofocus>button_radioNF.png</textureradionofocus>
				<font>METF_TitleText</font>
				<textcolor>ButtonText</textcolor>
				<disabledcolor>TextDisabled</disabledcolor>
				<focusedcolor>ButtonText</focusedcolor>
				<texturefocus colordiffuse="FocusBar">ButtonFO2Wide2.png</texturefocus>
				<selectedcolor>TextFO</selectedcolor>
				<texturenofocus>-</texturenofocus>
				<pulseonselect>false</pulseonselect>
				<label>$LOCALIZE[20096]</label>
			</control>
			<control type="button" id="5">
				<description>Auto Login</description>
				<posx>0</posx>
				<posy>276</posy>
				<onright>2</onright>
				<onup>4</onup>
				<ondown>4</ondown>
				<textoffsetx>75</textoffsetx>
				<height>38</height>
				<width>580</width>
				<align>right</align>
				<font>METF_TitleText</font>
				<textcolor>ButtonText</textcolor>
				<disabledcolor>TextDisabled</disabledcolor>
				<focusedcolor>ButtonText</focusedcolor>
				<texturefocus colordiffuse="FocusBar">ButtonFO2Wide2.png</texturefocus>
				<selectedcolor>TextFO</selectedcolor>
				<texturenofocus>-</texturenofocus>
				<label>$LOCALIZE[31444]</label>
				<enable>!System.HasLoginScreen</enable>
			</control>
			<control type="image">
				<posx>0</posx>
				<posy>269</posy>
				<width>580</width>
				<height>10</height>
			    <include>Settings_Line</include>
			</control>
			<control type="label">
				<description>Auto Login label</description>
				<posx>510</posx>
				<posy>322</posy>
				<width>580</width>
				<align>right</align>
				<font>METF_TitleText</font>
				<textcolor>SettingsTitle</textcolor>
				<label>$INFO[System.ProfileAutoLogin,(,)]</label>
				<visible>!System.HasLoginScreen</visible>
			</control>
			
			<control type="label">
				<description>Heading</description>
				<posx>660</posx>
				<posy>138</posy>
				<width>1400</width>
				<height>38</height>
				<font>METF_TitleTextLarge</font>
				<textcolor>SettingsTitle</textcolor>
				<align>left</align>
				<aligny>center</aligny>
				<label>20115</label>
			</control>
			<control type="list" id="2">
				<posx>650</posx>
				<posy>206</posy>
				<width>1200</width>
				<height>790</height>
				<onleft>4</onleft>
				<onright>4</onright>
				<onup>52</onup>
				<ondown>52</ondown>
				<itemlayout height="140" width="1200">
				    <control type="image">
						<posx>0</posx>
						<posy>0</posy>
						<width>120</width>
						<height>120</height>
						<fadetime>100</fadetime>
						<aspectratio align="center" aligny="center">scale</aspectratio>
						<texture fallback="settings/settings_profiles.png">$INFO[ListItem.Icon]</texture>
						<bordertexture border="8">border.png</bordertexture>
						<bordersize>4</bordersize>
						<animation effect="fade" end="50" time="10" reversible="false" condition="true">Conditional</animation>
					</control>
					<control type="label">
						<posx>150</posx>
						<width>810</width>
						<height>140</height>
						<top>50</top>
						<textcolor>SettingsDetail</textcolor>
						<font>METF_TitleText</font>
						<align>left</align>
						<focusedcolor>ButtonText</focusedcolor>
						<label>$INFO[ListItem.Label] $INFO[ListItem.Label2,(,)]</label>
					</control>
				</itemlayout>
				<focusedlayout height="140" width="1200">
					<control type="image">
						<posx>0</posx>
						<posy>0</posy>
						<width>120</width>
						<height>120</height>
						<fadetime>100</fadetime>
						<aspectratio align="center" aligny="center">scale</aspectratio>
						<texture fallback="settings/settings_profiles.png">$INFO[ListItem.Icon]</texture>
						<bordertexture border="8">border.png</bordertexture>
						<bordersize>4</bordersize>
					</control>
				
					<control type="button">
						<posx>150</posx>
						<width>765</width>
						<height>40</height>
						<top>50</top>
						<textcolor>ButtonText</textcolor>
						<font>METF_TitleText</font>
						<align>left</align>
						<aligny>center</aligny>
						<focusedcolor>ButtonText</focusedcolor>
						<label>$INFO[Container(2).ListItem.Label] $INFO[Container(2).ListItem.Label2,(,)]</label>
						<texturefocus colordiffuse="FocusBar">ButtonFO2Wide2.png</texturefocus>
					</control>
					
				</focusedlayout>
			</control>
		</control>
		<include>Global_ContextFilter</include>
		
		
		<include>Global_MediaOverlay</include>
		<include>Setting_Heading</include>
		
	</controls>
</window>
