<?xml version="1.0" encoding="UTF-8"?>

<includes>
  <include name="NetflixFade">
    <!--
     <animation type="Conditional" condition="!String.IsEmpty(Window(10000).Property(IconmixBAAuto))+!Window.IsVisible(12003)+Player.Playing">
          <effect type="fade" start="100" end="50" time="500"  />
        </animation>
        <animation type="Conditional" condition="!String.IsEmpty(Window(10000).Property(IconmixBAAuto))+System.IdleTime(6)+!Window.IsVisible(12003)+Player.Playing">
          <effect type="fade" start="100" end="5" time="500"  />
        </animation> 
        -->
  </include>
  <include name="Viewtype_Netflix_Poster">
    <control type="group">
      <top>-200</top>
      
      <animation type="Conditional" condition="!Skin.HasSetting(VueExperimentale)">
          <effect type="slide" start="0,0" end="0,200" time="1"  />
        </animation>
      <width>100%</width>
      <height>100%</height>
      <visible>Control.IsVisible(562)</visible>
      <visible>Integer.IsGreater(Container.NumItems,0)</visible>
      <include>Viewtype_Netflix_Common</include>
      <control type="panel" id="562">       
        <include>NetflixFade</include> 
      <include>Common562</include>
      
    </control>
   
    </control>
    
  </include>

  <include name="Viewtype_Netflix_Paysage">
    <control type="group">
      <width>100%</width>
      <height>100%</height>
      <top>-200</top>
       
      <animation type="Conditional" condition="!Skin.HasSetting(VueExperimentale)">
          <effect type="slide" start="0,0" end="0,200" time="1"  />
        </animation>
      <visible>Control.IsVisible(563)</visible>
      <visible>Integer.IsGreater(Container.NumItems,0)</visible>
      <include>Viewtype_Netflix_Common</include>
      <control type="panel" id="563">
       <include>NetflixFade</include> 
      <include>Common563</include>
    </control>
    </control>
    
  </include>


  <include name="Viewtype_Netflix_Common">

    <control type="group">
      <width>100%</width>
      <height>100%</height>
      <visible>Integer.IsGreater(Container.NumItems,0)</visible>
      <control type="image">
        <width>100%</width>
        <height>100%</height>
        <texture>background.png</texture>
        <colordiffuse>BackgroundColor</colordiffuse>
      </control>
 <!-- Plein écran 
      <control type="videowindow" id="2">
        <width>100%</width>
        <height>100%</height>
        <visible>!String.IsEmpty(Window(10000).Property(IconmixBAAuto))+!Window.IsVisible(12003)</visible>
      </control>
-->

      <control type="group">
        <width>1920</width>
        <height>450</height>
        
        <visible>!String.IsEqual(ListItem.Label,..)+!String.IsEqual(ListItem.Title,..)</visible>


<!--- episodes tv -->
       
          <control type="label">
        <visible>String.Contains(ListItem.DbType,episode)</visible>
        <top>415</top>
        <right>72</right>
        <width>622</width>
        <height>80</height>
        <align>center</align>
        <font>METF_StarRating22</font>
        <textcolor>yellow</textcolor>
        <label>[COLOR=white]$INFO[ListItem.TVShowTitle][/COLOR][CR]$LOCALIZE[31761] $INFO[ListItem.Season] : $VAR[CheckSaison]</label>
        <!-- <visible>Skin.HasSetting(CheckSeries)</visible> -->
      </control>   
        

        
        <control type="label">
          <left>35</left>
          <top>5</top>
          <width>1160</width>
          <height>80</height>
          <align>center</align>
          <height>35</height>
          <include>FontTitre</include>
          <shadowcolor>FF000000</shadowcolor>
          <scrollout>true</scrollout>
          <textcolor>white</textcolor>
          <label>$VAR[ListItemVu]</label>

        </control>

        <control type="textbox" id="8888" >
          <pagecontrol>8867</pagecontrol>
          <width>1160</width>
          <height>290</height>
          <left>35</left>
          <top>65</top>
          <aligny>top</aligny>
          <align>center</align>
          <include>FontPlot</include>
          <include>SpecialPlotBoxScroll</include>
          <label>$VAR[PlotBox_Text] </label>

          <shadowcolor>FF000000</shadowcolor>
          <textcolor>white</textcolor>
        </control>

      </control>
      
     
 
         <control type="grouplist"> <!-- media info-->
        <top>450</top>
        <visible>!String.IsEqual(ListItem.Label,..)+!String.IsEqual(ListItem.Title,..)</visible>
        <left>45</left>
        <height>80</height>
        <height>100</height>
        <width>1920</width>
        <align>left</align>
        <itemgap>1</itemgap>
        <animation type="Conditional" condition="true">
          <effect type="zoom" center="0,450" start="100" end="70" time="1"  />
        </animation>
        <orientation>horizontal</orientation>
        <include>NetflixFade</include> 
        <include>mediaflagMini</include>
      </control>


      <control type="image">
        <top>0</top>
        <width>770</width>
        <right>0</right>
        <height>425</height>
        <texture background="true" diffuse="frames/netflixframe.png">black.png</texture>
        <aspectratio scalediffuse="true" aligny="center">stretch</aspectratio>
        <visible>!Player.Playing</visible>
      </control>
      <control type="multiimage">
        <fadetime>500</fadetime>
        <top>47</top>
        <width>622</width>
        <right>72</right>
        <height>340</height>
        <imagepath background="true" diffuse="frames/netflixframefanart.png">$VAR[NetflixThumb]</imagepath>
        <aspectratio scalediffuse="true" aligny="center">stretch</aspectratio>
        <include>delayfanartinc</include>
        <randomize>true</randomize>
        <loop>yes</loop>
        <visible>!Player.Playing</visible>
        
      </control>
      
     
      <!--   -->
      <control type="videowindow" id="2">
        
        <top>47</top>
        <width>647</width>
        <right>60</right>
        <height>340</height>
        
        <visible>!String.IsEmpty(Window(10000).Property(IconmixBAAuto))+!Window.IsVisible(12003)</visible>
      </control>
      <control type="image">
       <animation type="Visible"  reversible="true">
          <effect type="fade"  start="0" end="100" time="500"  />
        </animation> 
            <top>-12</top>
            <right>7</right>
            <width>753</width>
            <height>487</height>
            <texture>frames/cadrevideo.png</texture>
            <aspectratio>stretch</aspectratio>
            <visible>!String.IsEmpty(Window(10000).Property(IconmixBAAuto))+!Window.IsVisible(12003)+Player.Playing</visible>
          </control>
       -->
      <control type="wraplist" id="5555">
        <visible>String.IsEqual(ListItem.DBTYPE,set)</visible>
        <scrolltime>2000</scrolltime>
        <autoscroll>True</autoscroll>
        <itemgap>20</itemgap>
        <itemlayout  width="1" height="1">          
        </itemlayout>
        <focusedlayout width="1" height="1">          
        </focusedlayout>

      </control>
     

      <control type="group">

        <top>-730</top>
        <left>860</left>
        <animation type="Conditional" condition="true">
          <effect type="zoom" center="0,200" start="100" end="70" time="1"  />
        </animation>
        <include>ClearLogoArt</include>
        
      </control>

    </control>
       
  </include>
 


  <include name="Common562">
    <viewtype label="31835">icons</viewtype>
    <left>20</left>
    <bottom>0</bottom>
    <height>570</height>
    <width>1920</width>
    <orientation>vertical</orientation>
    <onleft>562</onleft>
    <onright>562</onright>

    <preloaditems>4</preloaditems>
    <pagecontrol>60</pagecontrol>

    <itemlayout height="282" width="240">
      <control type="group">
      <control type="image">
        <width>220</width>
        <height>270</height>
        <texture>$VAR[PosterThumb]</texture>
        <bordersize>20</bordersize>
        <bordertexture border="20" colordiffuse="FFFFFFFF">frames/Menu_Glass2b.png</bordertexture>
        <visible>!String.IsEqual(ListItem.Label,..)+!String.IsEqual(ListItem.Title,..)</visible>
      </control>
      <control type="image">
        <width>220</width>
        <height>270</height>
        <aspectratio>keep</aspectratio>
        <texture>buttons/parent.png</texture>
        <visible>String.IsEqual(ListItem.Label,..)|String.IsEqual(ListItem.Title,..)</visible>
      </control>
      <control type="label">
        <top>250</top>
        <left>10</left>
        <width>220</width>
        <align>center</align>
        <font>METF_ArtistPlayer</font>
        <shadowcolor>FF5F5F5F</shadowcolor>
        <textcolor>white</textcolor>
        <label>$VAR[ListItemVu]</label>
      </control>
      <control type="group">
        <left>135</left>
        <top>235</top>
        <include>OverlayProgress</include>
      </control>
      </control>
    </itemlayout>
    <focusedlayout height="282" width="240">
      <control type="image">
        <width>220</width>
        <height>270</height>
        <texture>$VAR[PosterThumb]</texture>
        <bordersize>20</bordersize>
        <bordertexture border="20" colordiffuse="FF00FFFF">frames/Menu_Glass2bselect.png</bordertexture>
        <animation effect="zoom" end="120,120" center="auto" time="100" >focus</animation>
        <visible>!String.IsEqual(ListItem.Label,..)+!String.IsEqual(ListItem.Title,..)</visible>
      </control>
      <control type="image">
        <width>180</width>
        <height>230</height>
        <aspectratio>keep</aspectratio>
        <texture>buttons/parent.png</texture>
        <animation effect="zoom" end="120,120" center="auto" time="100">focus</animation>
        <visible>String.IsEqual(ListItem.Label,..)|String.IsEqual(ListItem.Title,..)</visible>
      </control>
      <control type="group">
        <left>135</left>
        <top>235</top>
        <include>OverlayProgress</include>
      </control>
    </focusedlayout>
  </include>
  <include name="Common563">
    <viewtype label="31836">icons</viewtype>
    <left>20</left>
    <bottom>0</bottom>
    <height>570</height>
    <width>1920</width>
    <orientation>vertical</orientation>
    <onleft>563</onleft>
    <onright>563</onright>

    <preloaditems>4</preloaditems>
    <pagecontrol>60</pagecontrol>
    <itemlayout height="280" width="380">
      <control type="group">
      
      <control type="image">
        <width>360</width>
        <height>230</height>

        <texture>$VAR[NetflixLandscape]</texture>
        <aspectratio>keep</aspectratio>
        <bordersize>20</bordersize>
        <bordertexture border="20" colordiffuse="FFFFFFFF">frames/Menu_Glass2b.png</bordertexture>
        <visible>!String.IsEqual(ListItem.Label,..)+!String.IsEqual(ListItem.Title,..)</visible>
      </control>
      <control type="image">
        <width>300</width>
        <height>170</height>
        <aspectratio>keep</aspectratio>
        <texture>buttons/parent.png</texture>
        <visible>String.IsEqual(ListItem.Label,..)|String.IsEqual(ListItem.Title,..)</visible>
      </control>

      <control type="label">
        <top>230</top>
        <align>center</align>
        <font>METF_ArtistPlayer</font>
        <shadowcolor>FF5F5F5F</shadowcolor>
        <textcolor>white</textcolor>
        <label>$VAR[ListItemVu]</label>
      </control>
      <control type="group">
        <left>260</left>
        <top>215</top>
        <include>OverlayProgress</include>
      </control>
      </control>
    </itemlayout>
    <focusedlayout height="230" width="380">

      <control type="image">
        <width>360</width>
        <height>230</height>

       <texture>$VAR[NetflixLandscape]</texture>
        <bordersize>20</bordersize>
        <bordertexture border="20" colordiffuse="FF00FFFF">frames/Menu_Glass2bselect.png</bordertexture>
        <aspectratio>keep</aspectratio>
        <animation effect="zoom" end="120,120" center="auto" time="100">focus</animation>
        <visible>!String.IsEqual(ListItem.Label,..)+!String.IsEqual(ListItem.Title,..)</visible>
      </control>
      <control type="image">
        <width>360</width>
        <height>230</height>
        <aspectratio>keep</aspectratio>
        <texture>buttons/parent.png</texture>
        <animation effect="zoom" end="120,120" center="auto" time="100">focus</animation>
        <visible>String.IsEqual(ListItem.Label,..)|String.IsEqual(ListItem.Title,..)</visible>
      </control>
      <control type="group">
        <left>260</left>
        <top>215</top>
        <include>OverlayProgress</include>
      </control>
    </focusedlayout>

  </include>
  <variable name="NetflixThumb">
    <value condition="String.Contains(ListItem.DbType,set)+!String.IsEmpty(Container(1999).ListItem.Art(fanart))">$INFO[Container(1999).ListItem.Art(fanart)]</value>
    <value condition="String.Contains(ListItem.DbType,set)+String.IsEmpty(Container(1999).ListItem.Art(fanart))+!String.IsEmpty(Container(1999).ListItem.Art(thumb))">$INFO[Container(1999).ListItem.Art(thumb)]</value>
    <value condition="!Control.IsVisible(1999)+!String.IsEmpty(Window(Home).Property(IconMixExtraFanart))+!String.Contains(Window(Home).Property(IconMixExtraFanart),plugin)+!String.Contains(Container.FolderPath,plugin)">$INFO[Window(Home).Property(IconMixExtraFanart)]</value>
    <value condition="Integer.IsGreater(container(5555).NumItems,0)">$INFO[Container(5555).ListItem.Property(fanart)]</value>

    <value condition="!String.IsEmpty(ListItem.Art(fanart))">$INFO[ListItem.Art(fanart)]</value>
    <value condition="String.IsEmpty(ListItem.Art(fanart))">$INFO[ListItem.Art(thumb)]</value>

  </variable>
  
  <variable name="NetflixLandscape">
    <value condition="!String.IsEmpty(ListItem.Art(landscape))">$INFO[ListItem.Art(landscape)]</value>
    <value condition="!String.IsEmpty(ListItem.Art(thumb))">$INFO[ListItem.Art(thumb)]</value>
    <value condition="!String.IsEmpty(ListItem.Thumb)">$INFO[ListItem.Thumb]</value>
    <value>$INFO[ListItem.Icon]</value>
  </variable>


</includes>