<?xml version="1.0" encoding="UTF-8"?>
<includes>
  <variable name="AnimationActive">
    <value>![[System.HasModalDialog + !Window.IsActive(musicinformation) + !Window.IsActive(movieinformation) + !Window.IsActive(songinformation) ]|  Window.IsActive(yesnodialog) | Window.IsActive(contentsettings) | Window.IsActive(contextmenu) | Window.IsActive(playercontrols) | Window.IsActive(shutdownmenu) | Window.IsActive(favourites) | Window.IsActive(okdialog) | Window.IsActive(selectdialog) | Window.IsActive(mediafilter) | Window.IsActive(addoninformation) | Window.IsActive(profilesettings) | Window.IsActive(smartplaylisteditor) | Window.IsActive(smartplaylistrule) | Window.IsActive(virtualkeyboard) | Window.IsActive(numericinput) | ControlGroup(7000).HasFocus()| ControlGroup(7002).HasFocus()| ControlGroup(7008).HasFocus()| ControlGroup(7009).HasFocus()|Control.HasFocus(998)|Control.HasFocus(999)]</value>
  </variable>
 <include name="VueMurChoix">
  
		

		<!-- pochette -->
		<control type="group">
			<visible>!String.IsEqual(Control.GetLabel(1099),3)+!Container.Content(Genres)</visible>
			<control type="image">
				<posx>20</posx>
				<posy>15</posy>
				<width>160</width>
				<height>240</height>
				<bordersize>6</bordersize>
				<bordertexture border="6" colordiffuse="FFFFFFFF">landscapeinfo.png</bordertexture>
				<texture background="true" fallback="DefaultThumb.png">$VAR[PosterThumb]</texture>
				<aspectratio scalediffuse="false">scale</aspectratio>
				<visible>!String.IsEmpty(ListItem.Title)+!Container.Content(episodes)</visible>
			</control>
			<control type="image">
				<posx>20</posx>
				<posy>15</posy>
				<width>280</width>
				<bordersize>6</bordersize>
				<bordertexture border="6" colordiffuse="FFFFFFFF">landscapeinfo.png</bordertexture>
				<texture background="true" fallback="DefaultThumb.png">$VAR[PosterThumb]</texture>
				<aspectratio scalediffuse="false">keep</aspectratio>
				<visible>!String.IsEmpty(ListItem.Title)+Container.Content(episodes)</visible>
			</control>
			<control type="image">
				<posx>20</posx>
				<posy>15</posy>
				<width>160</width>
				<height>240</height>
				<bordersize>6</bordersize>
				<bordertexture border="6" colordiffuse="FFFFFFFF">landscapeinfo.png</bordertexture>
				<texture background="true">$INFO[ListItem.Icon]</texture>
				<aspectratio scalediffuse="false">scale</aspectratio>
				<visible>String.IsEmpty(ListItem.Title)+!Container.Content(genres)</visible>
			</control>
			<control type="image">
				<posx>20</posx>
				<posy>15</posy>
				<width>160</width>
				<height>240</height>
				<bordersize>6</bordersize>
				<bordertexture border="6" colordiffuse="FFFFFFFF">landscapeinfo.png</bordertexture>
				<texture fallback="DefaultMovieGenre.png">$VAR[VideoMusicGenres]</texture>
				<aspectratio scalediffuse="false">scale</aspectratio>
				<visible>String.IsEmpty(ListItem.Title)+Container.Content(genres)</visible>
			</control>
			<control type="group">
				<visible>String.IsEqual(Control.GetLabel(1099),2)+!Container.Content(Genres)</visible>
				<control type="image">
					<description>Glass overlay</description>
					<posx>20</posx>
					<posy>0</posy>
					<width>161</width>
					<height>252</height>
					<texture>$VAR[Boitier_SelonResolution]</texture>
					
				</control>
			
			</control>
		</control>

		<!-- arrondies -->
		<control type="group">
			<visible>String.IsEqual(Control.GetLabel(1099),3)|Container.Content(Genres)</visible>
			<control type="image">
				<posx>20</posx>
				<posy>15</posy>
				<width>160</width>
				<height>240</height>

				<texture background="true" diffuse="showcase_matte.png" fallback="DefaultThumb.png">$VAR[PosterThumb]</texture>

				<aspectratio scalediffuse="false">scale</aspectratio>
				<visible>!String.IsEmpty(ListItem.Title)</visible>
			</control>
			<control type="image">
				<posx>20</posx>
				<posy>15</posy>
				<width>160</width>
				<height>240</height>

				<texture background="true" diffuse="showcase_matte.png">$INFO[ListItem.Icon]</texture>
				<aspectratio scalediffuse="false">scale</aspectratio>
				<visible>String.IsEmpty(ListItem.Title)+!Container.Content(genres)</visible>
			</control>
			<control type="image">
				<posx>20</posx>
				<posy>15</posy>
				<width>160</width>
				<height>240</height>

				<texture background="true" diffuse="showcase_matte.png" fallback="DefaultMovieGenre.png">$VAR[VideoMusicGenres]</texture>
				<aspectratio scalediffuse="false">scale</aspectratio>
				<visible>String.IsEmpty(ListItem.Title)+Container.Content(genres)</visible>
			</control>


			
		</control>

	</include>
  
  <include name="Viewtype_MurFilms">
    <control type="group">
      <visible>Control.IsVisible(585)</visible>
      <animation type="Conditional" reversible="false" condition="!Skin.HasSetting(VueExperimentale)">
              <effect type="slide" end="0,-20" time="200" tween="sine" easing="inout" />
              
            </animation>
     
      
      <control type="panel" id="585">
        <viewtype label="31826">icon</viewtype>
        <posx>5</posx>
        <posy>45</posy>
        <width>1910</width>
        <height>804</height>
        <scrolltime>100</scrolltime>
        <orientation>vertical</orientation>
        <onright>585</onright>
        <onleft>585</onleft>      
        <preloaditems>2</preloaditems>
        <include>Animation_ZoomInZoomOut</include>
        <include>Animation_HiddenByInfo</include>
        
        <include>Animation_OpenCloseFade</include>
         <animation type="Conditional" reversible="true" condition="Container.Content(episodes)">
              <effect type="slide" end="35,0" time="1" tween="sine" easing="inout" />
              
            </animation>
        
         
        
        <itemlayout width="170" height="268" condition="!Container.Content(episodes)">
          
          <control type="group">
            <animation type="Conditional" reversible="false" condition="true">
              <effect type="fade" end="80" time="1" />
            </animation>
        
			
			<include>VueMurChoix</include>
            <include>isWatched</include>
            <include>ShowTotalTvEp</include>
            <include>AnimationCacheNonSelect</include>
          </control>
          <control type="group">
					<posx>100</posx>
					<posy>220</posy>
					<include content="OverlayProgress">
					   <param name="Largeur">90</param>
					   <param name="Hauteur">20</param>
					     <param name="PositionY">12</param>
					     <param name="PositionX">-15</param>
					</include>
				</control>
				
        </itemlayout>
        <focusedlayout width="170" height="300" condition="!Container.Content(episodes)">
          <include>ActiveClearArt</include>
          <control type="group">
           <visible>Control.HasFocus(585)</visible>
            <animation type="Focus" reversible="false" >
              <effect type="zoom" center="auto" start="100" end="180" time="200" tween="sine" easing="inout" />
            </animation>
            
            <animation type="Hidden"  reversible="false" >
              <effect type="zoom" center="auto" start="100" end="50" time="200" tween="sine" easing="inout" />
            </animation>
            
            
             <animation type="Conditional" reversible="true" condition="Integer.IsEqual(Container(585).Column,0)+Control.HasFocus(585)">
              <effect type="slide" end="20,0" time="1" tween="sine" easing="inout" />
              
            </animation>
            <animation type="Conditional" reversible="true" condition="Integer.IsEqual(Container(585).Column,10)+Control.HasFocus(585)">
              <effect type="slide" end="-30,0" time="1" tween="sine" easing="inout" />
              
            </animation>
            
            <animation type="Conditional" reversible="true" condition="Integer.IsEqual(Container(585).Row,0)+Control.HasFocus(585)">
              <effect type="slide" end="0,60" time="1" tween="sine" easing="inout" />
              
            </animation>
            <animation type="Conditional" reversible="true" condition="Integer.IsEqual(Container(585).Row,2)+Control.HasFocus(585)">
              <effect type="slide" end="0,-50" time="1" tween="sine" easing="inout" />
              
            </animation>
            <include>VueMurChoix</include>
            <include>ShowTotalTvEp</include>		
            <control type="group">
					<posx>100</posx>
					<posy>220</posy>
					<include content="OverlayProgress">
					   <param name="Hauteur">15</param>
					   <param name="PositionY">14</param>
					</include>
				</control>
				
          
          </control>
          
        </focusedlayout>
        <itemlayout width="300" height="268" condition="Container.Content(episodes)">
          
          <control type="group">
            <animation type="Conditional" reversible="false" condition="true">
              <effect type="fade" end="80" time="1" />
            </animation>
          
			
			      <include>VueMurChoix</include>
            <include>isWatched</include>
            <include>ShowTotalTvEp</include>
            <include>AnimationCacheNonSelect</include>
            <control type="label">
    				  <include>isWatched</include>					
    					<top>228</top>
    					<align>center</align>
    					<font>exptext</font>
    					<shadowcolor>FF5F5F5F</shadowcolor>
    					<textcolor>white</textcolor>
    					<label>$VAR[Seasonnum]$VAR[episodenum]</label>
    					<scroll>false</scroll>
				   </control>
          </control>
           
          <control type="group">
					<posx>220</posx>
					<posy>195</posy>
					<include content="OverlayProgress">
					   <param name="Hauteur">15</param>
					   <param name="PositionY">10</param>
					</include>
				</control>
				
        </itemlayout>
        <focusedlayout width="300" height="268" condition="Container.Content(episodes)">
          <include>ActiveClearArt</include>
          <control type="group">
            <align>top</align>
           <visible>Control.HasFocus(585)</visible>
          
            <animation type="Focus" reversible="false" >
              <effect type="zoom" center="auto" start="100" end="170" time="200" tween="sine" easing="inout" />
            </animation>
             
            <animation type="Hidden"  reversible="false" >
              <effect type="zoom" center="auto" start="100" end="50" time="200" tween="sine" easing="inout" />
            </animation>
            
            
             <animation type="Conditional" reversible="true" condition="Integer.IsEqual(Container(585).Column,0)+Control.HasFocus(585)">
              <effect type="slide" end="20,0" time="1" tween="sine" easing="inout" />
              
            </animation>
            <animation type="Conditional" reversible="true" condition="Integer.IsEqual(Container(585).Column,5)+Control.HasFocus(585)">
              <effect type="slide" end="-20,0" time="1" tween="sine" easing="inout" />
              
            </animation>
            
           
            <animation type="Conditional" reversible="true" condition="Integer.IsEqual(Container(585).Row,2)+Control.HasFocus(585)">
              <effect type="slide" end="0,-40" time="1" tween="sine" easing="inout" />
              
            </animation>
           
            <include>VueMurChoix</include>
            <control type="label">
    				  <include>isWatched</include>					
    					<top>218</top>
    					<align>center</align>
    					<font>exptext</font>
    					<shadowcolor>FF5F5F5F</shadowcolor>
    					<textcolor>yellow</textcolor>
    					<label>$VAR[Seasonnum]$VAR[episodenum]</label>
    					<scroll>false</scroll>
				   </control>
            <include>ShowTotalTvEp</include>		
          <control type="group">
  					<posx>220</posx>
  					<posy>195</posy>
  					<include content="OverlayProgress">
  					   <param name="Hauteur">15</param>
  					   <param name="PositionY">10</param>
  					</include>
  				</control>
				</control>				
          
          
        </focusedlayout>
      </control>
      
      
    </control>
  </include>
</includes>
