<?xml version="1.0" encoding="UTF-8"?>
<window id="2901">
	<defaultcontrol always="true">410</defaultcontrol>
	<onload>SetProperty(VideoOsdOn,1,Home)</onload>
	<onunload>SetProperty(VideoOsdOn,0,Home)</onunload>
	<controls>
		<control type="button" id="410">
			<onfocus>Dialog.Close(FullscreenInfo)</onfocus>
			<onfocus condition="!Skin.HasSetting(OneButtonSubtitles) + String.IsEmpty(Skin.String(SubtitlesPath)) + String.Contains(Skin.String(DefaultOSD),714)">SetFocus(14)</onfocus>
			<onfocus condition="!Skin.HasSetting(OneButtonSubtitles) + !String.IsEmpty(Skin.String(SubtitlesPath)) + String.Contains(Skin.String(DefaultOSD),714)">SetFocus(17)</onfocus>
			<onfocus condition="Skin.HasSetting(OneButtonSubtitles) + !VideoPlayer.HasSubtitles + String.Contains(Skin.String(DefaultOSD),714)">SetFocus(15)</onfocus>
			<onfocus condition="Skin.HasSetting(OneButtonSubtitles) + VideoPlayer.HasSubtitles + String.Contains(Skin.String(DefaultOSD),714)">SetFocus(16)</onfocus>
			
			<onfocus>SetFocus(4)</onfocus>
		</control>

		<control type="group" id="10999">
			<!--<posy>-200</posy> -->
			<visible>!VideoPlayer.Content(LiveTV) +![Window.IsVisible(SliderDialog) | Window.IsVisible(VideoBookmarks)]</visible>
			<include>Animation_OpenCloseFade</include>
			<include>Animation_FadedByOSDSettings</include>
			  
			<animation type="Conditional" condition="[Control.hasFocus(2022)|Control.HasFocus(7779)|Control.HasFocus(7781)]">
       <effect type="slide"  start="0,0" end="0,-350" time="800" delay="1" reversible="false"/>
     </animation>
    
			<include>OSD_Player_Details</include>
			<include>OsdAnimation</include>
			
			<include>PanelActeurs</include>
			<control type="group">
				<top>-150</top>
				
     <animation type="Conditional" condition="Control.HasFocus(7779)|Control.HasFocus(7781)">
      <effect type="slide"  start="0,0" end="0,-800" time="500" delay="1" reversible="false"/>
    </animation>
				<include>OSD_Progress_Bar2</include>
				<control type="group">
        <visible>!Control.HasFocus(2022)</visible>
        <top>1045</top>
          <left>20</left>
      <include>ShowActorDetails</include>
    </control>
    
				<control type="grouplist" id="2001"> <!-- button -->
					<posx>246</posx>
					<posy>1010</posy>
					<width>1050</width>
					<itemgap>0</itemgap>
					<align>center</align>
					<orientation>horizontal</orientation>
					<onleft>802</onleft>
					<onright>11</onright>
					<onup>Close</onup>
					<ondown condition="!String.IsEmpty(VideoPlayer.DBID)">2022</ondown>
					<ondown>2001</ondown>				
					
					<control type="button" id="11">
            <description>Playlists</description>
						<include>Animation_ButtonFocus</include>
						<height>80</height>
						<width>80</width>
						<texturefocus>osd/osd_button_playlist_fo.png</texturefocus>
						<texturenofocus>osd/osd_button_playlist_nf.png</texturenofocus> 
						<onclick>ActivateWindow(videoplaylist)</onclick>
					</control>
					<control type="button" id="12">
            <description>Bookmarks</description>
						<include>Animation_ButtonFocus</include>
						<height>80</height>
						<width>80</width>
						<texturefocus>osd/osd_button_book_fo.png</texturefocus>
						<texturenofocus>osd/osd_button_book_nf.png</texturenofocus> 
						<onclick>ActivateWindow(videobookmarks)</onclick>
					</control>
					
					<control type="button" id="14">
  <description>OSD Subtitles</description>
						<include>Animation_ButtonFocus</include>
						<height>80</height>
						<width>80</width>
						<texturefocus>osd/osd_button_sub_fo.png</texturefocus>
						<texturenofocus>osd/osd_button_sub_nf.png</texturenofocus> 
						<onclick>Close</onclick>
						<onclick>Dialog.Close(VideoOSD)</onclick>
						<onclick>ActivateWindow(SubtitleSearch)</onclick>
					</control>

					<control type="button" id="7">
  <description>DVD Menu</description>
						<include>Animation_ButtonFocus</include>
						<height>80</height>
						<width>80</width>
						<texturefocus>osd/osd_button_dvd_fo.png</texturefocus>
						<texturenofocus>osd/osd_button_dvd_nf.png</texturenofocus> 
						<onclick>PlayerControl(ShowVideoMenu)</onclick>
						<visible>VideoPlayer.HasMenu</visible>
					</control>
					<control type="button" id="9">
  <description>Previous</description>
						<include>Animation_ButtonFocus</include>
						<height>80</height>
						<width>80</width>
						<texturefocus>osd/osd_button_prev_fo.png</texturefocus>
						<texturenofocus>osd/osd_button_prev_nf.png</texturenofocus> 
						<onclick>PlayerControl(Previous)</onclick>
					</control>
					<control type="button" id="3">
  <description>Rewind</description>
						<include>Animation_ButtonFocus</include>
						<height>80</height>
						<width>80</width>
						<texturefocus>osd/osd_button_rew_fo.png</texturefocus>
						<texturenofocus>osd/osd_button_rew_nf.png</texturenofocus> 
						<onclick>PlayerControl(rewind)</onclick>
					</control>
					<control type="button" id="5">
  <description>Stop</description>
						<include>Animation_ButtonFocus</include>
						<height>80</height>
						<width>80</width>
						<texturefocus>osd/osd_button_stop_fo.png</texturefocus>
						<texturenofocus>osd/osd_button_stop_nf.png</texturenofocus> 
						<onclick>PlayerControl(stop)</onclick>
					</control>
					<control type="togglebutton" id="4">
  <description>Play</description>
						<include>Animation_ButtonFocus</include>
						<height>80</height>
						<width>80</width>
						<texturefocus>osd/osd_button_pause_fo.png</texturefocus>
						<texturenofocus>osd/osd_button_pause_nf.png</texturenofocus> 
						<usealttexture>Player.Paused | Player.Forwarding | Player.Rewinding</usealttexture>
						<alttexturefocus>osd/osd_button_play_fo.png</alttexturefocus>
						<alttexturenofocus>osd/osd_button_play_nf.png</alttexturenofocus>
						<disabledcolor>-</disabledcolor>
						<colordiffuse>-</colordiffuse>
						<onclick>PlayerControl(play)</onclick>
					</control>
					<control type="button" id="6">
  <description>Forward</description>
						<include>Animation_ButtonFocus</include>
						<height>80</height>
						<width>80</width>
						<texturefocus>osd/osd_button_ff_fo.png</texturefocus>
						<texturenofocus>osd/osd_button_ff_nf.png</texturenofocus> 
						<onclick>PlayerControl(forward)</onclick>
					</control>
					<control type="button" id="10">
  <description>Next</description>
						<include>Animation_ButtonFocus</include>
						<height>80</height>
						<width>80</width>
						<texturefocus>osd/osd_button_next_fo.png</texturefocus>
						<texturenofocus>osd/osd_button_next_nf.png</texturenofocus> 
						<onclick>PlayerControl(Next)</onclick>
					</control>
					<control type="button" id="800">
            <description>Position</description>
						<include>Animation_ButtonFocus</include>
						<height>80</height>
						<width>80</width>
						<texturefocus>osd/osd_button_seek_fo.png</texturefocus>
						<texturenofocus>osd/osd_button_seek_nf.png</texturenofocus> 
						<onclick>RunScript(script.iconmixtools,position=True)</onclick>
					</control>
					<control type="button" id="802">
  <description>Repeat</description>
						<include>Animation_ButtonFocus</include>
						<height>80</height>
						<width>80</width>
						<label></label>
						<texturefocus>-</texturefocus>
						<texturenofocus>-</texturenofocus> 
						<onclick>PlayerControl(Repeat)</onclick>
					</control>
					<control type="group" id="803">
						<control type="image">
							<posx>-80</posx>
							<height>80</height>
							<width>80</width>
							<texture>osd/osd_button_repeat_nf.png</texture>
							<visible>!Playlist.IsRepeat | !Playlist.IsRepeatOne</visible>
							<visible>!Control.HasFocus(802)</visible>
						</control>
						<control type="image">
							<posx>-80</posx>
							<height>80</height>
							<width>80</width>
							<texture>osd/osd_button_repeat_fo.png</texture>
							<visible>!Playlist.IsRepeat + !Playlist.IsRepeatOne</visible>
							<visible>Control.HasFocus(802)</visible>
						</control>
						<control type="image">
							<posx>-80</posx>
							<height>80</height>
							<width>80</width>
							<texture>osd/osd_button_repeat_one_nf.png</texture>
							<visible>Playlist.IsRepeatOne</visible>
							<visible>!Control.HasFocus(802)</visible>
						</control>
						<control type="image">
							<posx>-80</posx>
							<height>80</height>
							<width>80</width>
							<texture>osd/osd_button_repeat_one_fo.png</texture>
							<visible>Playlist.IsRepeatOne</visible>
							<visible>Control.HasFocus(802)</visible>
						</control>
						<control type="image">
							<posx>-80</posx>
							<height>80</height>
							<width>80</width>
							<texture>osd/osd_button_repeat_all_nf.png</texture>
							<visible>Playlist.IsRepeat</visible>
							<visible>!Control.HasFocus(802)</visible>
						</control>
						<control type="image">
							<posx>-80</posx>
							<height>80</height>
							<width>80</width>
							<texture>osd/osd_button_repeat_all_fo.png</texture>
							<visible>Playlist.IsRepeat</visible>
							<visible>Control.HasFocus(802)</visible>
						</control>
					</control>
					<control type="button" id="13">
  <description>Video Settings</description>
						<include>Animation_ButtonFocus</include>
						<height>80</height>
						<width>80</width>
						<texturefocus>osd/osd_button_settings_fo.png</texturefocus>
						<texturenofocus>osd/osd_button_settings_nf.png</texturenofocus> 
						<onclick>ActivateWindow(osdvideosettings)</onclick>
					</control>
					<control type="button" id="804">
  <description>Audio Settings</description>
						<include>Animation_ButtonFocus</include>
						<height>80</height>
						<width>80</width>
						<texturefocus>osd/osd_button_audio_fo.png</texturefocus>
						<texturenofocus>osd/osd_button_audio_nf.png</texturenofocus> 
						<onclick>ActivateWindow(osdaudiosettings)</onclick>
					</control>
					
				</control>
							
				<!--
				<control type="group">
				  <include>setposition</include>
				</control>
				--->
				
				<!-- ----- 
				<control type="group">
				  <posx>175</posx>
					<posy>715</posy>
					<width>970</width>
					<control type="group">
					  <control type="image">
					    <width>222</width>
					    <heigth>116</heigth>
					    <texture>frames/bulleosd.png</texture>
					    <aspectratio>keep</aspectratio>
					  </control>
					  <visible>Control.HasFocus(11)</visible>
					</control>
						<control type="group">
					  <control type="image">
					    <left>80</left>
					    <width>222</width>
					    <heigth>116</heigth>
					    <texture>frames/bulleosd.png</texture>
					    <aspectratio>keep</aspectratio>
					  </control>
					  <visible>Control.HasFocus(12)</visible>
					</control>
				</control>	-->
				
			</control>
		
			
			
		</control>

		<!-- LiveTV OSD -->
		<control type="group">
			<visible>VideoPlayer.Content(LiveTV)</visible>
			<include>Animation_OpenCloseFade</include>
			<include>Animation_FadedByOSDSettings</include>
			<include>OSD_Progress_Bar2</include>
			<include>OSD_Player_Details</include>

			<control type="grouplist" id="2002">
				<posx>292</posx>
				<posy>1000</posy>				
				<width>775</width>
				<itemgap>5</itemgap>
				<orientation>horizontal</orientation>
				<onleft>121</onleft>
				<onright>100</onright>
				<onup>Close</onup>
				<ondown>Close</ondown>
				<control type="button" id="100">
					<description>Previous Channel</description>
					<include>Animation_ButtonFocus</include>
					<height>60</height>
					<width>60</width>
					<texturefocus>osd/osd_button_channel_previous_fo.png</texturefocus>
					<texturenofocus>osd/osd_button_channel_previous_nf.png</texturenofocus> 
					<onclick>PlayerControl(Previous)</onclick>
				</control>
				<control type="button" id="101">
					<description>Next Channel</description>
					<include>Animation_ButtonFocus</include>
					<height>60</height>
					<width>60</width>
					<texturefocus>osd/osd_button_channel_next_fo.png</texturefocus>
					<texturenofocus>osd/osd_button_channel_next_nf.png</texturenofocus> 
					<onclick>PlayerControl(Next)</onclick>
				</control>
				<control type="button" id="105">
					<description>Telext</description>
					<include>Animation_ButtonFocus</include>
					<height>60</height>
					<width>60</width>
					<texturefocus>osd/osd_button_teletext_fo.png</texturefocus>
					<texturenofocus>osd/osd_button_teletext_nf.png</texturenofocus> 
					<onclick>ActivateWindow(Teletext)</onclick>
				</control>
				<control type="button" id="106">
					<description>OSD EPG</description>
					<include>Animation_ButtonFocus</include>
					<height>60</height>
					<width>60</width>
					<texturefocus>osd/osd_button_epg_fo.png</texturefocus>
					<texturenofocus>osd/osd_button_epg_nf.png</texturenofocus> 
					<onclick>ActivateWindow(PVROSDGuide)</onclick>
				</control>
				<control type="button" id="107">
					<description>OSD Channel</description>
					<include>Animation_ButtonFocus</include>
					<height>60</height>
					<width>60</width>
					<texturefocus>osd/osd_button_channels_fo.png</texturefocus>
					<texturenofocus>osd/osd_button_channels_nf.png</texturenofocus> 
					<font>METF_PVRChannelList</font>
					<onclick>ActivateWindow(PVROSDChannels)</onclick>
				</control>
				<control type="button" id="115">
					<description>Rewind</description>
					<include>Animation_ButtonFocus</include>
					<height>60</height>
					<width>60</width>
					<texturefocus>osd/osd_button_rew_fo.png</texturefocus>
					<texturenofocus>osd/osd_button_rew_nf.png</texturenofocus> 
					<onclick>PlayerControl(Rewind)</onclick>
					<enable>Player.SeekEnabled</enable>
				</control>
				<control type="button" id="110">
					<description>Stop</description>
					<include>Animation_ButtonFocus</include>
					<height>60</height>
					<width>60</width>
					<texturefocus>osd/osd_button_stop_fo.png</texturefocus>
					<texturenofocus>osd/osd_button_stop_nf.png</texturenofocus> 
					<onclick>PlayerControl(stop)</onclick>
				</control>
				<control type="togglebutton" id="4">
					<description>Play</description>
					<include>Animation_ButtonFocus</include>
					<height>60</height>
					<width>60</width>
					<texturefocus>osd/osd_button_pause_fo.png</texturefocus>
					<texturenofocus>osd/osd_button_pause_nf.png</texturenofocus> 
					<usealttexture>Player.Paused | Player.Forwarding | Player.Rewinding</usealttexture>
					<alttexturefocus>osd/osd_button_play_fo.png</alttexturefocus>
					<alttexturenofocus>osd/osd_button_play_nf.png</alttexturenofocus>
					<disabledcolor>-</disabledcolor>
					<colordiffuse>-</colordiffuse>
					<onclick>PlayerControl(play)</onclick>
				</control>
				<control type="button" id="114">
					<description>Forward</description>
					<include>Animation_ButtonFocus</include>
					<height>60</height>
					<width>60</width>
					<texturefocus>osd/osd_button_ff_fo.png</texturefocus>
					<texturenofocus>osd/osd_button_ff_nf.png</texturenofocus> 
					<onclick>PlayerControl(Forward)</onclick>
					<enable>Player.SeekEnabled</enable>
				</control>
				<control type="button" id="112">
					<description>Record</description>
					<include>Animation_ButtonFocus</include>
					<height>60</height>
					<width>60</width>
					<texturefocus>osd/osd_button_record_off_fo.png</texturefocus>
					<texturenofocus>osd/osd_button_record_off_nf.png</texturenofocus> 
					<onclick>PlayerControl(record)</onclick>
					<enable>Player.CanRecord</enable>
					<visible>Player.CanRecord + !Player.Recording</visible>
				</control>
				<control type="button" id="113">
					<description>Record</description>
					<include>Animation_ButtonFocus</include>
					<height>60</height>
					<width>60</width>
					<texturefocus>osd/osd_button_record_on_fo.png</texturefocus>
					<texturenofocus>osd/osd_button_record_on_nf.png</texturenofocus> 
					<onclick>PlayerControl(record)</onclick>
					<enable>Player.CanRecord</enable>
					<visible>Player.CanRecord + Player.Recording</visible>
				</control>
				<control type="button" id="120">
					<description>Video Settings</description>
					<include>Animation_ButtonFocus</include>
					<height>60</height>
					<width>60</width>
					<texturefocus>osd/osd_button_settings_fo.png</texturefocus>
					<texturenofocus>osd/osd_button_settings_nf.png</texturenofocus> 
					<onclick>ActivateWindow(osdvideosettings)</onclick>
				</control>
				<control type="button" id="121">
					<description>Audio Settings</description>
					<include>Animation_ButtonFocus</include>
					<height>60</height>
					<width>60</width>
					<texturefocus>osd/osd_button_audio_fo.png</texturefocus>
					<texturenofocus>osd/osd_button_audio_nf.png</texturenofocus> 
					<onclick>ActivateWindow(osdaudiosettings)</onclick>
				</control>
			</control>
		</control>

		<!-- Video/Music Info -->
		<control type="group">
			<depth>DepthOSD+</depth>
			<visible>Player.ShowInfo + Window.IsActive(FullScreenVideo) + !VideoPlayer.Content(LiveTV)</visible>
			<left>630</left>
			<top>110</top>
			<control type="image">
				<description>media info background image</description>
				<left>0</left>
				<top>-50</top>
				<width>650</width>
				<height>420</height>
				<texture>frames/Dialog_Glass2Panel.png</texture>
			</control>
			<control type="label">
				<description>Header</description>
				<left>50</left>
				<top>10</top>
				<width>565</width>
				<height>25</height>
				<label>Video Info</label>
				<align>left</align>
				<aligny>center</aligny>
				<font>METF_Date</font>
				<textcolor>Temp</textcolor>
			</control>
			<control type="label">
				<description>Hardware decoding</description>
				<left>50</left>
				<top>40</top>
				<width>205</width>
				<height>25</height>
				<label>Hardware Decoding:</label>
				<align>left</align>
				<aligny>center</aligny>
				<font>METF_HomeStatsText</font>
				<textcolor>HomeStatsCategory</textcolor>
			</control>
			<control type="label">
				<description>Hardware decoding value</description>
				<left>260</left>
				<top>40</top>
				<width>345</width>
				<height>25</height>
				<label>$LOCALIZE[19074]</label>
				<align>left</align>
				<aligny>center</aligny>
				<font>METF_HomeStatsText</font>
				<textcolor>HomeStatsNumber</textcolor>
				<visible>Player.Process(videohwdecoder)</visible>
			</control>
			<control type="label">
				<description>Hardware decoding value</description>
				<left>260</left>
				<top>40</top>
				<width>345</width>
				<height>25</height>
				<label>$LOCALIZE[31011]</label>
				<align>left</align>
				<aligny>center</aligny>
				<font>METF_HomeStatsText</font>
				<textcolor>HomeStatsNumber</textcolor>
				<visible>!Player.Process(videohwdecoder)</visible>
			</control>
			<control type="label">
				<description>Decoder</description>
				<left>50</left>
				<top>65</top>
				<width>205</width>
				<height>25</height>
				<label>Decoder:</label>
				<align>left</align>
				<aligny>center</aligny>
				<font>METF_HomeStatsText</font>
				<textcolor>HomeStatsCategory</textcolor>
			</control>
			<control type="label">
				<description>Decoder value</description>
				<left>260</left>
				<top>65</top>
				<width>345</width>
				<height>25</height>
				<label fallback="1446">$INFO[Player.Process(videodecoder)]$INFO[Player.Process(pixformat),$COMMA ]</label>
				<align>left</align>
				<aligny>center</aligny>
				<font>METF_HomeStatsText</font>
				<textcolor>HomeStatsNumber</textcolor>
			</control>
			<control type="label">
				<description>Deinterlace</description>
				<left>50</left>
				<top>90</top>
				<width>205</width>
				<height>25</height>
				<label>Deinterlace Method:</label>
				<align>left</align>
				<aligny>center</aligny>
				<font>METF_HomeStatsText</font>
				<textcolor>HomeStatsCategory</textcolor>
			</control>
			<control type="label">
				<description>Deinterlace value</description>
				<left>260</left>
				<top>90</top>
				<width>345</width>
				<height>25</height>
				<label fallback="1446">$INFO[Player.Process(deintmethod)]</label>
				<align>left</align>
				<aligny>center</aligny>
				<font>METF_HomeStatsText</font>
				<textcolor>HomeStatsNumber</textcolor>
			</control>
			<control type="label">
				<description>Resolution</description>
				<left>50</left>
				<top>115</top>
				<width>205</width>
				<height>25</height>
				<label>Resolution:</label>
				<align>left</align>
				<aligny>center</aligny>
				<font>METF_HomeStatsText</font>
				<textcolor>HomeStatsCategory</textcolor>
			</control>
			<control type="label">
				<description>Resolution value</description>
				<left>260</left>
				<top>115</top>
				<width>345</width>
				<height>25</height>
				<label fallback="1446">$INFO[Player.Process(videowidth),,x]$INFO[Player.Process(videoheight),, px]$INFO[Player.Process(videodar),$COMMA , AR]$INFO[Player.Process(videofps),$COMMA , FPS]</label>
				<align>left</align>
				<aligny>center</aligny>
				<font>METF_HomeStatsText</font>
				<textcolor>HomeStatsNumber</textcolor>
			</control>
			<control type="label">
				<description>Header</description>
				<left>50</left>
				<top>145</top>
				<width>565</width>
				<height>25</height>
				<label>Audio Info</label>
				<align>left</align>
				<aligny>center</aligny>
				<font>METF_Date</font>
				<textcolor>Temp</textcolor>
			</control>
			<control type="label">
				<description>Decoder</description>
				<left>50</left>
				<top>175</top>
				<width>205</width>
				<height>25</height>
				<label>Audio Decoder:</label>
				<align>left</align>
				<aligny>center</aligny>
				<font>METF_HomeStatsText</font>
				<textcolor>HomeStatsCategory</textcolor>
			</control>
			<control type="label">
				<description>Decoder value</description>
				<left>260</left>
				<top>175</top>
				<width>345</width>
				<height>25</height>
				<label fallback="1446">$INFO[Player.Process(audiodecoder)]$INFO[Player.Process(audiobitspersample),$COMMA , bit]$INFO[Player.Process(audiosamplerate),$COMMA , Hz]</label>
				<align>left</align>
				<aligny>center</aligny>
				<font>METF_HomeStatsText</font>
				<textcolor>HomeStatsNumber</textcolor>
			</control>
			<control type="label">
				<description>Channels</description>
				<left>50</left>
				<top>200</top>
				<width>205</width>
				<height>25</height>
				<label>Channels:</label>
				<align>left</align>
				<aligny>center</aligny>
				<font>METF_HomeStatsText</font>
				<textcolor>HomeStatsCategory</textcolor>
			</control>
			<control type="label">
				<description>Channels value</description>
				<left>260</left>
				<top>200</top>
				<width>345</width>
				<height>25</height>
				<label fallback="1446">$INFO[Player.Process(audiochannels)]</label>
				<align>left</align>
				<aligny>center</aligny>
				<font>METF_HomeStatsText</font>
				<textcolor>HomeStatsNumber</textcolor>
			</control>
			<control type="label">
				<description>Header</description>
				<left>50</left>
				<top>230</top>
				<width>565</width>
				<height>25</height>
				<label>CPU Info</label>
				<align>left</align>
				<aligny>center</aligny>
				<font>METF_Date</font>
				<textcolor>Temp</textcolor>
			</control>
			<control type="label">
				<description>CPU</description>
				<left>50</left>
				<top>260</top>
				<width>205</width>
				<height>25</height>
				<label>CPU Usage:</label>
				<align>left</align>
				<aligny>center</aligny>
				<font>METF_HomeStatsText</font>
				<textcolor>HomeStatsCategory</textcolor>
			</control>
			<control type="label">
				<description>CPU value</description>
				<left>260</left>
				<top>260</top>
				<width>345</width>
				<height>25</height>
				<label>$INFO[System.CpuUsage]</label>
				<align>left</align>
				<aligny>center</aligny>
				<font>METF_HomeStatsText</font>
				<textcolor>HomeStatsNumber</textcolor>
			</control>
			<control type="label">
				<description>Memory</description>
				<left>50</left>
				<top>285</top>
				<width>205</width>
				<height>25</height>
				<label>Memory:</label>
				<align>left</align>
				<aligny>center</aligny>
				<font>METF_HomeStatsText</font>
				<textcolor>HomeStatsCategory</textcolor>
			</control>
			<control type="progress">
				<description>Progressbar</description>
				<left>260</left>
				<top>292</top>
				<width>275</width>
				<height>14</height>
				<info>System.Memory(used)</info>
			</control>
			<control type="label">
				<description>Memory value</description>
				<left>545</left>
				<top>285</top>
				<width>180</width>
				<height>25</height>
				<label>$INFO[System.Memory(used.percent)]</label>
				<align>left</align>
				<aligny>center</aligny>
				<font>METF_HomeStatsText</font>
				<textcolor>HomeStatsNumber</textcolor>
			</control>
		</control>
		
		<!--PVR info -->
		<control type="group">
			<depth>DepthOSD+</depth>
			<visible>Player.ShowInfo + Window.IsActive(FullScreenVideo) + VideoPlayer.Content(LiveTV)</visible>
			<left>630</left>
			<top>110</top>
			<control type="image">
				<description>media info background image</description>
				<left>0</left>
				<top>-50</top>
				<width>650</width>
				<height>420</height>
				<texture>frames/Dialog_Glass2Panel.png</texture>
			</control>
			<control type="label">
				<description>Header</description>
				<left>50</left>
				<top>10</top>
				<width>565</width>
				<height>25</height>
				<label>$LOCALIZE[19005]</label>
				<align>left</align>
				<aligny>center</aligny>
				<font>METF_Date</font>
				<textcolor>Temp</textcolor>
			</control>
			<control type="label">
				<description>Backend</description>
				<left>50</left>
				<top>40</top>
				<width>205</width>
				<height>25</height>
				<label>$LOCALIZE[19012]:</label>
				<align>left</align>
				<aligny>center</aligny>
				<font>METF_HomeStatsText</font>
				<textcolor>HomeStatsCategory</textcolor>
			</control>
			<control type="label">
				<description>Backend value</description>
				<left>260</left>
				<top>40</top>
				<width>345</width>
				<height>25</height>
				<label>$INFO[PVR.ActStreamClient]</label>
				<align>left</align>
				<aligny>center</aligny>
				<font>METF_HomeStatsText</font>
				<textcolor>HomeStatsNumber</textcolor>
			</control>
			<control type="label">
				<description>Device</description>
				<left>50</left>
				<top>65</top>
				<width>205</width>
				<height>25</height>
				<label>$LOCALIZE[19006]:</label>
				<align>left</align>
				<aligny>center</aligny>
				<font>METF_HomeStatsText</font>
				<textcolor>HomeStatsCategory</textcolor>
			</control>
			<control type="label">
				<description>Device value</description>
				<left>260</left>
				<top>65</top>
				<width>345</width>
				<height>25</height>
				<label>$INFO[PVR.ActStreamDevice]</label>
				<align>left</align>
				<aligny>center</aligny>
				<font>METF_HomeStatsText</font>
				<textcolor>HomeStatsNumber</textcolor>
			</control>
			<control type="label">
				<description>Status</description>
				<left>50</left>
				<top>90</top>
				<width>205</width>
				<height>25</height>
				<label>$LOCALIZE[19007]:</label>
				<align>left</align>
				<aligny>center</aligny>
				<font>METF_HomeStatsText</font>
				<textcolor>HomeStatsCategory</textcolor>
			</control>
			<control type="label">
				<description>Status value</description>
				<left>260</left>
				<top>90</top>
				<width>345</width>
				<height>25</height>
				<label>$INFO[PVR.ActStreamStatus]</label>
				<align>left</align>
				<aligny>center</aligny>
				<font>METF_HomeStatsText</font>
				<textcolor>HomeStatsNumber</textcolor>
			</control>
			<control type="label">
				<description>Signal</description>
				<left>50</left>
				<top>115</top>
				<width>205</width>
				<height>25</height>
				<label>$LOCALIZE[19008]:</label>
				<align>left</align>
				<aligny>center</aligny>
				<font>METF_HomeStatsText</font>
				<textcolor>HomeStatsCategory</textcolor>
			</control>
			<control type="progress">
				<description>Progressbar</description>
				<left>260</left>
				<top>122</top>
				<width>275</width>
				<height>14</height>
				<info>PVR.ActStreamProgrSignal</info>
			</control>
			<control type="label">
				<description>Signal value</description>
				<left>545</left>
				<top>115</top>
				<width>180</width>
				<height>25</height>
				<label>$INFO[PVR.ActStreamSignal]</label>
				<align>left</align>
				<aligny>center</aligny>
				<font>METF_HomeStatsText</font>
				<textcolor>HomeStatsNumber</textcolor>
			</control>
			<control type="label">
				<description>SNR</description>
				<left>50</left>
				<top>140</top>
				<width>205</width>
				<height>25</height>
				<label>$LOCALIZE[19009]:</label>
				<align>left</align>
				<aligny>center</aligny>
				<font>METF_HomeStatsText</font>
				<textcolor>HomeStatsCategory</textcolor>
			</control>
			<control type="progress">
				<description>Progressbar</description>
				<left>260</left>
				<top>147</top>
				<width>275</width>
				<height>14</height>
				<overlaytexture>-</overlaytexture>
				<info>PVR.ActStreamProgrSNR</info>
			</control>
			<control type="label">
				<description>SNR value</description>
				<left>545</left>
				<top>140</top>
				<width>180</width>
				<height>25</height>
				<label>$INFO[PVR.ActStreamSNR]</label>
				<align>left</align>
				<aligny>center</aligny>
				<font>METF_HomeStatsText</font>
				<textcolor>HomeStatsNumber</textcolor>
			</control>
			<control type="label">
				<description>BER</description>
				<left>50</left>
				<top>165</top>
				<width>205</width>
				<height>25</height>
				<label>$LOCALIZE[19010]:</label>
				<align>left</align>
				<aligny>center</aligny>
				<font>METF_HomeStatsText</font>
				<textcolor>HomeStatsCategory</textcolor>
			</control>
			<control type="label">
				<description>BER value</description>
				<left>260</left>
				<top>165</top>
				<width>345</width>
				<height>25</height>
				<label>$INFO[PVR.ActStreamBER]</label>
				<align>left</align>
				<aligny>center</aligny>
				<font>METF_HomeStatsText</font>
				<textcolor>HomeStatsNumber</textcolor>
			</control>
			<control type="label">
				<description>UNC</description>
				<left>50</left>
				<top>190</top>
				<width>205</width>
				<height>25</height>
				<label>$LOCALIZE[19011]:</label>
				<align>left</align>
				<aligny>center</aligny>
				<font>METF_HomeStatsText</font>
				<textcolor>HomeStatsCategory</textcolor>
			</control>
			<control type="label">
				<description>UNC value</description>
				<left>260</left>
				<top>190</top>
				<width>345</width>
				<height>25</height>
				<label>$INFO[PVR.ActStreamUNC]</label>
				<align>left</align>
				<aligny>center</aligny>
				<font>METF_HomeStatsText</font>
				<textcolor>HomeStatsNumber</textcolor>
			</control>
			<control type="label">
				<description>Service</description>
				<left>50</left>
				<top>215</top>
				<width>205</width>
				<height>25</height>
				<label>$LOCALIZE[19099]:</label>
				<align>left</align>
				<aligny>center</aligny>
				<font>METF_HomeStatsText</font>
				<textcolor>HomeStatsCategory</textcolor>
			</control>
			<control type="label">
				<description>Service value</description>
				<left>260</left>
				<top>215</top>
				<width>345</width>
				<height>25</height>
				<label>$INFO[PVR.ActStreamServiceName]</label>
				<align>left</align>
				<aligny>center</aligny>
				<font>METF_HomeStatsText</font>
				<textcolor>HomeStatsNumber</textcolor>
			</control>
			<control type="label">
				<description>Encryption</description>
				<left>50</left>
				<top>240</top>
				<width>205</width>
				<height>25</height>
				<label>$LOCALIZE[19015]:</label>
				<align>left</align>
				<aligny>center</aligny>
				<font>METF_HomeStatsText</font>
				<textcolor>HomeStatsCategory</textcolor>
			</control>
			<control type="label">
				<description>Encryption value</description>
				<left>260</left>
				<top>240</top>
				<width>345</width>
				<height>25</height>
				<label>$INFO[PVR.ActStreamEncryptionName]</label>
				<align>left</align>
				<aligny>center</aligny>
				<font>METF_HomeStatsText</font>
				<textcolor>HomeStatsNumber</textcolor>
			</control>
			<control type="label">
				<description>Provider</description>
				<left>50</left>
				<top>265</top>
				<width>205</width>
				<height>25</height>
				<label>$LOCALIZE[19101]:</label>
				<align>left</align>
				<aligny>center</aligny>
				<font>METF_HomeStatsText</font>
				<textcolor>HomeStatsCategory</textcolor>
			</control>
			<control type="label">
				<description>Provider value</description>
				<left>260</left>
				<top>265</top>
				<width>345</width>
				<height>25</height>
				<label>$INFO[PVR.ActStreamProviderName]</label>
				<align>left</align>
				<aligny>center</aligny>
				<font>METF_HomeStatsText</font>
				<textcolor>HomeStatsNumber</textcolor>
			</control>
			<control type="label">
				<description>Mux</description>
				<left>50</left>
				<top>290</top>
				<width>205</width>
				<height>25</height>
				<label>$LOCALIZE[19100]:</label>
				<align>left</align>
				<aligny>center</aligny>
				<font>METF_HomeStatsText</font>
				<textcolor>HomeStatsCategory</textcolor>
			</control>
			<control type="label">
				<description>Mux value</description>
				<left>260</left>
				<top>290</top>
				<width>345</width>
				<height>25</height>
				<label>$INFO[PVR.ActStreamMux]</label>
				<align>left</align>
				<aligny>center</aligny>
				<font>METF_HomeStatsText</font>
				<textcolor>HomeStatsNumber</textcolor>
			</control>
		</control>
		<include>OsdHorloge</include>
	</controls>
</window>
