<?xml version='1.0' encoding='UTF-8'?>
<shortcuts>
	<shortcut>
		<label>31438</label>
		<label2>32014</label2>
		<icon>defaultshortcut.png</icon>
		<action>ActivateWindow(Videos,videodb://recentlyaddedepisodes/,return)</action>
	</shortcut>
	<shortcut>
		<label>31428</label>
		<label2>32034</label2>
		<icon>defaultaddontvinfo.png</icon>
		<action>RunAddOn(script.tv.show.next.aired)</action>
		<visible>System.HasAddon(script.tv.show.next.aired)</visible>
	</shortcut>
	<shortcut>
		<label>135</label>
		<label2>20343</label2>
		<icon>defaultgenre.png</icon>
		<action>ActivateWindow(Videos,videodb://tvshows/genres/,return)</action>
	</shortcut>
	<shortcut>
		<label>652</label>
		<label2>20343</label2>
		<icon>defaultyear.png</icon>
		<action>ActivateWindow(Videos,videodb://tvshows/years/,return)</action>
	</shortcut>
	<shortcut>
		<label>344</label>
		<label2>20343</label2>
		<icon>defaultactor.png</icon>
		<action>ActivateWindow(Videos,videodb://tvshows/actors/,return)</action>
	</shortcut>
	<shortcut>
		<label>20388</label>
		<label2>20343</label2>
		<icon>defaultstudio.png</icon>
		<action>ActivateWindow(Videos,videodb://tvshows/studios/,return)</action>
	</shortcut>
	<shortcut>
		<label>20459</label>
		<label2>20343</label2>
		<icon>defaultsets.png</icon>
		<action>ActivateWindow(Videos,videodb://tvshows/tags/,return)</action>
	</shortcut>
	<shortcut>
		<label>31289</label>
		<label2>32034</label2>
		<icon>defaultfolder.png</icon>
		<action>ActivateWindow(Videos,videodb://tvshows/files/,return)</action>
	</shortcut>
	<shortcut>
		<label>31465</label>
		<label2>32034</label2>
		<icon>defaultshortcut.png</icon>
		<action>CleanLibrary(video)</action>
	</shortcut>
	<shortcut>
		<label>653</label>
		<label2>32034</label2>
		<icon>defaultshortcut.png</icon>
		<action>UpdateLibrary(video)</action>
	</shortcut>
</shortcuts>
