<?xml version="1.0" encoding="UTF-8"?>
<window id="2600">
	<defaultcontrol always="true">50</defaultcontrol>
	<controls>
		<control type="group">
		<control type="multiimage">
    <include>Dimensions_Fullscreen</include>
    <imagepath background="true">$VAR[Weather_Fanart]</imagepath>
    <fadetime>450</fadetime>
        
        <include>delayfanartinc</include>
        
        <loop>yes</loop>
    <colordiffuse>BackgroundColor</colordiffuse>
  </control>
		<control type="button" id="50">
			<imagepathfocus>-</imagepathfocus>
			<imagepathnofocus>-</imagepathnofocus>
			<include condition="!Skin.HasSetting(ViewLockdown)">OnLeft7000</include>
			<onright>7000</onright>
			<!-- for switching between weather maps -->
			<onup>Control.Move(53,1)</onup>
			<ondown>Control.Move(53,-1)</ondown>
		</control>

		<include>affichagemeteo_commun</include>
		<include>Global_ContextFilter</include>

		<control type="group">
			<include>Animation_NavMenu</include>
			<include>NavMenuBackground</include>
			<!-- Weather Navigation menu -->
			<control type="grouplist" id="7000">
				<posx>470</posx>
				<posy>120</posy>
				<width>340</width>
				<height>548</height>
				<onleft>50</onleft>
				<onright>50</onright>
				<onup>7000</onup>
				<ondown>7000</ondown>
				<itemgap>2</itemgap>
				<orientation>vertical</orientation>
				<visible allowhiddenfocus="true">ControlGroup(7000).HasFocus</visible>
				<control type="button" id="9">
					<description>7 Day Forecast</description>
					
					<width>340</width>
					<height>40</height>
					<align>left</align>
					<aligny>center</aligny>
					<font>METF_DialogLarge</font>
					<label>$LOCALIZE[31700]</label>
					<textoffsetx>20</textoffsetx>
					<textcolor>TextNF</textcolor>
					<focusedcolor>DialogTextFO</focusedcolor>
					<disabledcolor>TextDisabled</disabledcolor>
					<imagepathfocus colordiffuse="FocusBar">ButtonFO2Wide2.png</imagepathfocus>
					<imagepathnofocus>-</imagepathnofocus>
					<pulseonselect>false</pulseonselect>
					<onclick>Skin.SetString(WeatherDisplay,7Day)</onclick>
				</control>
				<control type="button" id="8">
					<description>12 Hour Forecast</description>
					
					<width>340</width>
					<height>40</height>
					<align>left</align>
					<aligny>center</aligny>
					<font>METF_DialogLarge</font>
					<label>$LOCALIZE[31701]</label>
					<textoffsetx>20</textoffsetx>
					<textcolor>TextNF</textcolor>
					<focusedcolor>DialogTextFO</focusedcolor>
					<disabledcolor>TextDisabled</disabledcolor>
					<imagepathfocus colordiffuse="FocusBar">ButtonFO2Wide2.png</imagepathfocus>
					<imagepathnofocus>-</imagepathnofocus>
					<pulseonselect>false</pulseonselect>
					<onclick>Skin.SetString(WeatherDisplay,12Hour)</onclick>
				</control>
				<control type="button" id="7">
					<description>36 Hour Forecast</description>
					
					<width>340</width>
					<height>40</height>
					<align>left</align>
					<aligny>center</aligny>
					<font>METF_DialogLarge</font>
					<label>$LOCALIZE[31702]</label>
					<textoffsetx>20</textoffsetx>
					<textcolor>TextNF</textcolor>
					<focusedcolor>DialogTextFO</focusedcolor>
					<disabledcolor>TextDisabled</disabledcolor>
					<imagepathfocus colordiffuse="FocusBar">ButtonFO2Wide2.png</imagepathfocus>
					<imagepathnofocus>-</imagepathnofocus>
					<pulseonselect>false</pulseonselect>
					<onclick>Skin.SetString(WeatherDisplay,36Hour)</onclick>
				</control>
				<control type="button" id="6">
					<description>Weekend Forecast</description>
					
					<width>340</width>
					<height>40</height>
					<align>left</align>
					<aligny>center</aligny>
					<font>METF_DialogLarge</font>
					<label>$LOCALIZE[33037] Forecast</label>
					<textoffsetx>20</textoffsetx>
					<textcolor>TextNF</textcolor>
					<focusedcolor>DialogTextFO</focusedcolor>
					<disabledcolor>TextDisabled</disabledcolor>
					<imagepathfocus colordiffuse="FocusBar">ButtonFO2Wide2.png</imagepathfocus>
					<imagepathnofocus>-</imagepathnofocus>
					<pulseonselect>false</pulseonselect>
					<onclick>Skin.SetString(WeatherDisplay,Weekend)</onclick>
				</control>
				<control type="button" id="5">
					<description>Weather Map</description>
					
					<width>340</width>
					<height>40</height>
					<align>left</align>
					<aligny>center</aligny>
					<font>METF_DialogLarge</font>
					<label>$LOCALIZE[8] $LOCALIZE[33035]</label>
					<textoffsetx>20</textoffsetx>
					<textcolor>TextNF</textcolor>
					<focusedcolor>DialogTextFO</focusedcolor>
					<disabledcolor>TextDisabled</disabledcolor>
					<imagepathfocus colordiffuse="FocusBar">ButtonFO2Wide2.png</imagepathfocus>
					<imagepathnofocus>-</imagepathnofocus>
					<pulseonselect>false</pulseonselect>
					<onclick>Skin.SetString(WeatherDisplay,WeatherMap)</onclick>
				</control>
				<control type="button" id="2">
					<description>Refresh</description>
					<width>340</width>
					<height>40</height>
					<align>left</align>
					<aligny>center</aligny>
					<font>METF_DialogLarge</font>
					<label></label>
					<textoffsetx>20</textoffsetx>
					<textcolor>TextNF</textcolor>
					<focusedcolor>DialogTextFO</focusedcolor>
					<disabledcolor>TextDisabled</disabledcolor>
					<imagepathfocus colordiffuse="FocusBar">ButtonFO2Wide2.png</imagepathfocus>
					<imagepathnofocus>-</imagepathnofocus>
					<pulseonselect>false</pulseonselect>
				</control>
				<control type="button" id="4">
					<description>Settings</description>
					<width>340</width>
					<height>40</height>
					<align>left</align>
					<aligny>center</aligny>
					<font>METF_DialogLarge</font>
					<label>$LOCALIZE[8] $LOCALIZE[5]</label>
					<textoffsetx>20</textoffsetx>
					<textcolor>TextNF</textcolor>
					<focusedcolor>DialogTextFO</focusedcolor>
					<disabledcolor>TextDisabled</disabledcolor>
					<imagepathfocus colordiffuse="FocusBar">ButtonFO2Wide2.png</imagepathfocus>
					<imagepathnofocus>-</imagepathnofocus>
					<pulseonselect>false</pulseonselect>
					<onclick>Addon.OpenSettings($INFO[Weather.plugin])</onclick>
					
				</control>
				<control type="spincontrolex" id="3">
					<description>Location Select</description>
					<width>340</width>
					<height>40</height>
					<align>left</align>
					<aligny>center</aligny>
					<font>-</font>
					<label></label>
					<textoffsetx>20</textoffsetx>
					<textcolor>-</textcolor>
					<focusedcolor>-</focusedcolor>
					<disabledcolor>TextDisabled</disabledcolor>
					<imagepathfocus colordiffuse="FocusBar">ButtonFO2Wide2.png</imagepathfocus>
					<imagepathnofocus>-</imagepathnofocus>
					<pulseonselect>false</pulseonselect>
					<spinwidth>34</spinwidth>
					<spinheight>34</spinheight>
					<imagepathup>ArrowUpNF.png</imagepathup>
					<imagepathdown>ArrowDownNF.png</imagepathdown>
					<imagepathupfocus>ArrowUpFo.png</imagepathupfocus>
					<imagepathdownfocus>ArrowDownFo.png</imagepathdownfocus>
					<reverse>yes</reverse>
				</control>
				<include>Nav_NowPlaying</include>
			</control>
			
	
			
			<control type="label">
				<description>Location Label</description>
				
				<posx>482</posx>
				<posy>415</posy>
				<width>250</width>
				<height>40</height>
				<align>left</align>
				<aligny>center</aligny>
				<label>$INFO[Control.GetLabel(3)]</label>
				<font>METF_DialogLarge</font>
				<textcolor>DialogTextFO</textcolor>
				<animation type="Conditional" condition="!ControlGroup(7000).HasFocus()">
					<effect type="zoom" start="100" end="80" center="auto" tween="back" easing="in" time="300" />
					<effect type="fade" start="100" end="0" time="300" />
				</animation>
			</control>
		</control>
		<!-- Heading Labels at very top of screen -->
		<control type="group">
			<posx>30</posx>
			<posy>10</posy>
			<control type="label">
				<label>$INFO[Weather.Location]</label>
				<include>FontTitre</include>
				<align>center</align>
				<width>1300</width>
			</control>
			<control type="label">
				<label>$LOCALIZE[31208] $INFO[Window.Property(Updated)]</label>
				<font>impactsongs</font>			
				<align>right</align>
				<width>500</width>
				<left>1300</left>
			</control>
		</control>
	
		
		</control>
   	
	</controls>
</window>
