<includes>
  
    <variable name="CadreFlag">
    <value condition="!Skin.HasSetting(VueExperimentale)">flags/flag_frame.png</value>
    <value>flags/flag_frame3.png</value>
    
  </variable>
  


  <variable name="VarFlagSource">

    <value condition="String.Contains(ListItem.DBTYPE,set)">flags/Source/set.png</value>
    <value condition="String.Contains(listitem.filename,sdtv) | String.Contains(listitem.filename,tvrip) | [[!String.Contains(listitem.filename,hdtv) + !String.Contains(listitem.filename,bluray) + !String.Contains(listitem.filename,hddvd) + !String.Contains(listitem.filename,sddvd) + !String.Contains(listitem.filename,blu-ray) + !String.Contains(listitem.filename,brrip) + !String.Contains(listitem.filename,bdrip) + !String.Contains(listitem.filename,pdtv) + !String.Contains(listitem.filename,.evo,Right) + !String.Contains(listitem.filename,.mt2s,Right) + !String.Contains(listitem.filename,.ifo,Right) + !String.Contains(listitem.filename,.vob,Right) + !String.Contains(listitem.filename,r5) + !String.Contains(listitem.filename,dvdscr) + !String.Contains(listitem.filename,screener) + !String.Contains(listitem.filename,web-dl) + !String.Contains(listitem.filename,webrip) + !String.Contains(listitem.filename,dvd)] + Container.Content(episodes) + [String.Contains(listitem.VideoResolution,SD) | String.Contains(listitem.VideoResolution,480) | String.Contains(listitem.VideoResolution,540) | String.Contains(listitem.VideoResolution,576)]]">flags/Source/sdtv.png</value>
    <value condition="String.Contains(listitem.filename,hdtv) | String.Contains(listitem.filename,pdtv) | [[!String.Contains(listitem.filename,sdtv) + !String.Contains(listitem.filename,bluray) + !String.Contains(listitem.filename,hddvd) + !String.Contains(listitem.filename,sddvd) + !String.Contains(listitem.filename,blu-ray) + !String.Contains(listitem.filename,brrip) + !String.Contains(listitem.filename,bdrip) + !String.Contains(listitem.filename,tvrip) + !String.Contains(listitem.filename,.evo,Right) + !String.Contains(listitem.filename,.mt2s,Right) + !String.Contains(listitem.filename,.ifo,Right) + !String.Contains(listitem.filename,.vob,Right) + !String.Contains(listitem.filename,r5) + !String.Contains(listitem.filename,dvdscr) + !String.Contains(listitem.filename,screener) + !String.Contains(listitem.filename,web-dl) + !String.Contains(listitem.filename,webrip) + !String.Contains(listitem.filename,dvd)] + Container.Content(episodes) + [String.Contains(listitem.VideoResolution,720) | String.Contains(listitem.VideoResolution,1080) | String.Contains(ListItem.VideoResolution,4K)]]">flags/Source/hdtv.png</value>
    <value condition="String.Contains(listitem.filename,web-dl) | String.Contains(listitem.filename,webrip)">flags/Source/webtv.png</value>
    <value condition="String.Contains(listitem.filename,hddvd) | String.Contains(listitem.filename,hd-dvd) | String.Contains(listitem.filename,.evo,Right)">flags/Source/hddvd.png</value>
    <value condition="[!ListItem.IsStereoscopic+!String.Contains(listitem.filename,3d)] + [String.Contains(listitem.filename,bluray) | String.Contains(listitem.filename,blu-ray) | String.Contains(listitem.filename,brrip) | String.Contains(listitem.filename,bdrip) | String.Contains(listitem.filename,.mt2s,Right) | String.Contains(listitem.filename,.bdmv,Right) |[[!String.Contains(listitem.filename,sddvd) + !String.Contains(listitem.filename,blu-ray) + !String.Contains(listitem.filename,brrip) + !String.Contains(listitem.filename,bdrip) + !String.Contains(listitem.filename,tvrip) + !String.Contains(listitem.filename,pdtv) + !String.Contains(listitem.filename,hddvd) + !String.Contains(listitem.filename,sdtv) + !String.Contains(listitem.filename,hdtv) + !String.Contains(listitem.filename,.evo,Right) + !String.Contains(listitem.filename,.ifo,Right) + !String.Contains(listitem.filename,.vob,Right) + !String.Contains(listitem.filename,r5) + !String.Contains(listitem.filename,dvdscr) + !String.Contains(listitem.filename,screener) + !String.Contains(listitem.filename,web-dl) + !String.Contains(listitem.filename,webrip)] + [Container.Content(movies) | Container.Content(MusicVideos)] + [String.IsEmpty(ListItem.VideoResolution) |String.Contains(ListItem.VideoResolution,720) | String.Contains(ListItem.VideoResolution,1080) | String.Contains(ListItem.VideoResolution,4K)]]]">flags/Source/bluray.png</value>
    <value condition="[!ListItem.IsStereoscopic+!String.Contains(listitem.filename,3d)] + [String.Contains(listitem.filename,.iso) | String.Contains(listitem.filename,.bdmv)]">flags/Source/bluray.png</value>
    <value condition="[ListItem.IsStereoscopic | String.Contains(ListItem.StereoscopicMode,split_) | String.Contains(ListItem.StereoscopicMode,anaglyph_) | String.Contains(listitem.filename,3d)] + [String.Contains(listitem.filename,bluray) | String.Contains(listitem.filename,blu-ray) | String.Contains(listitem.filename,brrip) | String.Contains(listitem.filename,bdrip) | String.Contains(listitem.filename,.mt2s,Right)String.Contains(listitem.filename,.bdmv,Right) | [[!String.Contains(listitem.filename,sddvd) + !String.Contains(listitem.filename,blu-ray) + !String.Contains(listitem.filename,brrip) + !String.Contains(listitem.filename,bdrip) + !String.Contains(listitem.filename,tvrip) + !String.Contains(listitem.filename,pdtv) + !String.Contains(listitem.filename,hddvd) + !String.Contains(listitem.filename,sdtv) + !String.Contains(listitem.filename,hdtv) + !String.Contains(listitem.filename,.evo,Right) + !String.Contains(listitem.filename,.ifo,Right) + !String.Contains(listitem.filename,.vob,Right) + !String.Contains(listitem.filename,r5) + !String.Contains(listitem.filename,dvdscr) + !String.Contains(listitem.filename,screener) + !String.Contains(listitem.filename,web-dl) + !String.Contains(listitem.filename,webrip)] + [Container.Content(movies) | Container.Content(MusicVideos)] + [String.IsEmpty(ListItem.VideoResolution) |String.Contains(ListItem.VideoResolution,720) | String.Contains(ListItem.VideoResolution,1080) | String.Contains(ListItem.VideoResolution,4K)]]]">flags/Source/bd3d.png</value>
    <value condition="[String.Contains(listitem.filename,dvd) + !String.Contains(listitem.filename,hddvd) + !String.Contains(listitem.filename,hd-dvd) + !String.Contains(listitem.filename,bluray) + !String.Contains(listitem.filename,blu-ray) + !String.Contains(listitem.filename,brrip) + !String.Contains(listitem.filename,bdrip) + !String.Contains(listitem.filename,r5) + !String.Contains(listitem.filename,dvdscr) + !String.Contains(listitem.filename,screener) + !String.Contains(listitem.filename,web-dl) + !String.Contains(listitem.filename,webrip)] | String.Contains(listitem.filename,.ifo,Right) | String.Contains(listitem.filename,.vob,Right) | [[!String.Contains(listitem.filename,hddvd) + !String.Contains(listitem.filename,bluray) + !String.Contains(listitem.filename,blu-ray) + !String.Contains(listitem.filename,brrip) + !String.Contains(listitem.filename,bdrip) + !String.Contains(listitem.filename,sdtv) + !String.Contains(listitem.filename,hdtv) + !String.Contains(listitem.filename,.evo,Right) + !String.Contains(listitem.filename,.m2ts,Right) + !String.Contains(listitem.filename,r5) + !String.Contains(listitem.filename,dvdscr) + !String.Contains(listitem.filename,screener) + !String.Contains(listitem.filename,web-dl) + !String.Contains(listitem.filename,webrip)] + [Container.Content(movies) | Container.Content(MusicVideos)] + [String.Contains(listitem.VideoResolution,SD) | String.Contains(listitem.VideoResolution,480) | String.Contains(listitem.VideoResolution,540) | String.Contains(listitem.VideoResolution,576)]]">flags/Source/dvd.png</value>
    <value condition="String.Contains(listitem.filename,r5)">flags/Source/r5.png</value>
    <value condition="String.Contains(listitem.filename,dvdscr) | String.Contains(listitem.filename,screener)">flags/Source/screener.png</value>
  </variable>

  <variable name="VarFlagSourcePlayer">
    <value condition="String.Contains(Player.Filename,sdtv) | String.Contains(Player.Filename,tvrip) | [[!String.Contains(Player.Filename,hdtv) + !String.Contains(Player.Filename,bluray) + !String.Contains(Player.Filename,hddvd) + !String.Contains(Player.Filename,sddvd) + !String.Contains(Player.Filename,blu-ray) + !String.Contains(Player.Filename,brrip) + !String.Contains(Player.Filename,bdrip) + !String.Contains(Player.Filename,pdtv) + !String.Contains(Player.Filename,.evo,Right) + !String.Contains(Player.Filename,.mt2s,Right) + !String.Contains(Player.Filename,.ifo,Right) + !String.Contains(Player.Filename,.vob,Right) + !String.Contains(Player.Filename,r5) + !String.Contains(Player.Filename,dvdscr) + !String.Contains(Player.Filename,screener) + !String.Contains(Player.Filename,web-dl) + !String.Contains(Player.Filename,webrip) + !String.Contains(Player.Filename,dvd)] + Container.Content(episodes) + [String.Contains(listitem.VideoResolution,SD) | String.Contains(listitem.VideoResolution,480) | String.Contains(listitem.VideoResolution,540) | String.Contains(listitem.VideoResolution,576)]]">flags/Source/sdtv.png</value>
    <value condition="String.Contains(Player.Filename,hdtv) | String.Contains(Player.Filename,pdtv) | [[!String.Contains(Player.Filename,sdtv) + !String.Contains(Player.Filename,bluray) + !String.Contains(Player.Filename,hddvd) + !String.Contains(Player.Filename,sddvd) + !String.Contains(Player.Filename,blu-ray) + !String.Contains(Player.Filename,brrip) + !String.Contains(Player.Filename,bdrip) + !String.Contains(Player.Filename,tvrip) + !String.Contains(Player.Filename,.evo,Right) + !String.Contains(Player.Filename,.mt2s,Right) + !String.Contains(Player.Filename,.ifo,Right) + !String.Contains(Player.Filename,.vob,Right) + !String.Contains(Player.Filename,r5) + !String.Contains(Player.Filename,dvdscr) + !String.Contains(Player.Filename,screener) + !String.Contains(Player.Filename,web-dl) + !String.Contains(Player.Filename,webrip) + !String.Contains(Player.Filename,dvd)] + Container.Content(episodes) + [String.Contains(listitem.VideoResolution,720) | String.Contains(listitem.VideoResolution,1080) | String.Contains(ListItem.VideoResolution,4K)]]">flags/Source/hdtv.png</value>
    <value condition="String.Contains(Player.Filename,web-dl) | String.Contains(Player.Filename,webrip)">flags/Source/webtv.png</value>
    <value condition="String.Contains(Player.Filename,hddvd) | String.Contains(Player.Filename,hd-dvd) | String.Contains(Player.Filename,.evo,Right)">flags/Source/hddvd.png</value>
    <value condition="[!ListItem.IsStereoscopic+!String.Contains(Player.Filename,3d)] + [String.Contains(Player.Filename,bluray) | String.Contains(Player.Filename,blu-ray) | String.Contains(Player.Filename,brrip) | String.Contains(Player.Filename,bdrip) | String.Contains(Player.Filename,.mt2s,Right) | String.Contains(Player.Filename,.bdmv,Right) |[[!String.Contains(Player.Filename,sddvd) + !String.Contains(Player.Filename,blu-ray) + !String.Contains(Player.Filename,brrip) + !String.Contains(Player.Filename,bdrip) + !String.Contains(Player.Filename,tvrip) + !String.Contains(Player.Filename,pdtv) + !String.Contains(Player.Filename,hddvd) + !String.Contains(Player.Filename,sdtv) + !String.Contains(Player.Filename,hdtv) + !String.Contains(Player.Filename,.evo,Right) + !String.Contains(Player.Filename,.ifo,Right) + !String.Contains(Player.Filename,.vob,Right) + !String.Contains(Player.Filename,r5) + !String.Contains(Player.Filename,dvdscr) + !String.Contains(Player.Filename,screener) + !String.Contains(Player.Filename,web-dl) + !String.Contains(Player.Filename,webrip)] + [Container.Content(movies) | Container.Content(MusicVideos)] + [String.IsEmpty(ListItem.VideoResolution) |String.Contains(ListItem.VideoResolution,720) | String.Contains(ListItem.VideoResolution,1080) | String.Contains(ListItem.VideoResolution,4K)]]]">flags/Source/bluray.png</value>
    <value condition="[ListItem.IsStereoscopic | String.Contains(ListItem.StereoscopicMode,split_) | String.Contains(ListItem.StereoscopicMode,anaglyph_) | String.Contains(Player.Filename,3d)] + [String.Contains(Player.Filename,bluray) | String.Contains(Player.Filename,blu-ray) | String.Contains(Player.Filename,brrip) | String.Contains(Player.Filename,bdrip) | String.Contains(Player.Filename,.mt2s,Right)String.Contains(Player.Filename,.bdmv,Right) | [[!String.Contains(Player.Filename,sddvd) + !String.Contains(Player.Filename,blu-ray) + !String.Contains(Player.Filename,brrip) + !String.Contains(Player.Filename,bdrip) + !String.Contains(Player.Filename,tvrip) + !String.Contains(Player.Filename,pdtv) + !String.Contains(Player.Filename,hddvd) + !String.Contains(Player.Filename,sdtv) + !String.Contains(Player.Filename,hdtv) + !String.Contains(Player.Filename,.evo,Right) + !String.Contains(Player.Filename,.ifo,Right) + !String.Contains(Player.Filename,.vob,Right) + !String.Contains(Player.Filename,r5) + !String.Contains(Player.Filename,dvdscr) + !String.Contains(Player.Filename,screener) + !String.Contains(Player.Filename,web-dl) + !String.Contains(Player.Filename,webrip)] + [Container.Content(movies) | Container.Content(MusicVideos)] + [String.IsEmpty(ListItem.VideoResolution) |String.Contains(ListItem.VideoResolution,720) | String.Contains(ListItem.VideoResolution,1080) | String.Contains(ListItem.VideoResolution,4K)]]]">flags/Source/bd3d.png</value>
    <value condition="[String.Contains(Player.Filename,dvd) + !String.Contains(Player.Filename,hddvd) + !String.Contains(Player.Filename,hd-dvd) + !String.Contains(Player.Filename,bluray) + !String.Contains(Player.Filename,blu-ray) + !String.Contains(Player.Filename,brrip) + !String.Contains(Player.Filename,bdrip) + !String.Contains(Player.Filename,r5) + !String.Contains(Player.Filename,dvdscr) + !String.Contains(Player.Filename,screener) + !String.Contains(Player.Filename,web-dl) + !String.Contains(Player.Filename,webrip)] | String.Contains(Player.Filename,.ifo,Right) | String.Contains(Player.Filename,.vob,Right) | [[!String.Contains(Player.Filename,hddvd) + !String.Contains(Player.Filename,bluray) + !String.Contains(Player.Filename,blu-ray) + !String.Contains(Player.Filename,brrip) + !String.Contains(Player.Filename,bdrip) + !String.Contains(Player.Filename,sdtv) + !String.Contains(Player.Filename,hdtv) + !String.Contains(Player.Filename,.evo,Right) + !String.Contains(Player.Filename,.m2ts,Right) + !String.Contains(Player.Filename,r5) + !String.Contains(Player.Filename,dvdscr) + !String.Contains(Player.Filename,screener) + !String.Contains(Player.Filename,web-dl) + !String.Contains(Player.Filename,webrip)] + [Container.Content(movies) | Container.Content(MusicVideos)] + [String.Contains(listitem.VideoResolution,SD) | String.Contains(listitem.VideoResolution,480) | String.Contains(listitem.VideoResolution,540) | String.Contains(listitem.VideoResolution,576)]]">flags/Source/dvd.png</value>
    <value condition="String.Contains(Player.Filename,r5)">flags/Source/r5.png</value>
    <value condition="String.Contains(Player.Filename,dvdscr) | String.Contains(Player.Filename,screener)">flags/Source/screener.png</value>
  </variable>
  <include name="FlagRealisateur">
    <param name="contid" default="" />
<definition>
    <width>166</width>
      <height>70</height>
      <align>center</align>
      <include>CadreFlag</include>
      <control type="image">
          <left>3</left>
          <top>10</top>
          <width>65</width>
          <texture>flags/realisateur.png</texture>
          <aspectratio  scalediffuse="true">keep</aspectratio>
        </control>
    <control type="textbox">
          <font>impactsongs</font>
          <left>13</left>
          <width>145</width>
          <height>60</height>
          <aligny>center</aligny>
          <align>center</align>
          <shadowcolor>ff000000</shadowcolor>
          <label>[COLOR=white]$INFO[$PARAM[contid]ListItem.Director][/COLOR]</label>
        </control>
    </definition>
  </include>
  <include name="LargAudio">
 <param name="contid" default="" />
<definition>
    <control type="image">
      <posx>-10</posx>
      <width>332</width>
      <height>70</height>
      <texture>flags/flag_frame.png</texture>

      <visible>!String.IsEmpty($PARAM[contid]ListItem.Property(AudioLanguage.4))</visible>
    </control>

    <control type="image">
      <posx>-10</posx>
      <width>252</width>
      <height>70</height>
      <texture>flags/flag_frame.png</texture>

      <visible>!String.IsEmpty($PARAM[contid]ListItem.Property(AudioLanguage.3))</visible>
    </control>
    <control type="image">
      <posx>-10</posx>
      <width>172</width>
      <height>70</height>
      <texture>flags/flag_frame.png</texture>

      <visible>!String.IsEmpty($PARAM[contid]ListItem.Property(AudioLanguage.2))</visible>
    </control>
  </definition>
  </include>

  
  <include name="MediaInfo2">
    <control type="grouplist">

      <height>80</height>
      <align>center</align>
      <itemgap>0</itemgap>
      <orientation>horizontal</orientation>

      <control type="group"> 
        <visible>!String.IsEmpty(VideoPlayer.Studio)</visible>
        <width>156</width>
        <height>70</height>
        <align>center</align>
        <control type="image">
          <texture>flags/flag_frame.png</texture>
        </control>
        <control type="image">
          <top>3</top>
          <aspectratio align="center" aligny="center">keep</aspectratio>
          <texture fallback="flags\default-studio.png">resource://resource.images.studios.white/$INFO[VideoPlayer.Studio].png</texture>
        </control>
      </control>


      
      <control type="group">
        <visible>!String.IsEmpty(VideoPlayer.Year)</visible>
        <width>156</width>
        <height>70</height>
        <control type="image">         
          <texture>flags/flag_frame.png</texture>
        </control>
        
        <control type="label">
          <width min="25" max="200">auto</width>
          <posx>30</posx>
          <posy>10</posy>
          <height>50</height>
          <aligny>center</aligny>
          <font>impact</font>
          <textcolor>white</textcolor>
          <label>[I]$INFO[VideoPlayer.Year][/I]</label>
        </control>
      </control>
      
      <control type="group">
        <width>156</width>
        <height>70</height>
        <visible>Container.Content(movies) | Container.Content(episodes) | Container.Content(MusicVideos)</visible>
        <visible>!String.IsEmpty(VideoPlayer.VideoCodec)</visible>
        <control type="image">
          
          <texture>flags/flag_frame.png</texture>
        </control>
        <control type="image">
          <include>MediaFlagsVarsWide</include>
          <texture fallback="flags/default.png">$VAR[VarFlagSourcePlayer]</texture>
        </control>
      </control>

      
      <control type="group">
        <visible>!String.IsEmpty(VideoPlayer.VideoResolution)</visible>
        <width>156</width>
        <height>70</height>
        <control type="image">
        
          <texture>flags/flag_frame.png</texture>
        </control>
        <control type="image">
          <include>MediaFlagsVarsWide</include>
          <texture fallback="flags/default.png">$INFO[VideoPlayer.VideoResolution,flags/VideoResolution/,.png]</texture>
        </control>
      </control>

      
      <control type="group">
        <visible>!String.IsEmpty(VideoPlayer.VideoAspect)</visible>
        <width>156</width>
        <height>70</height>
        <control type="image">
         
          <texture>flags/flag_frame.png</texture>
        </control>
        <control type="image">
          <include>MediaFlagsVarsWide</include>
          <texture fallback="flags/VideoAspect/default.png">$INFO[VideoPlayer.VideoAspect,flags/VideoAspect/,.png]</texture>
        </control>
      </control>

      
      <control type="group">
        <visible>!String.IsEmpty(VideoPlayer.VideoCodec)</visible>
        <width>156</width>
        <height>70</height>
        <control type="image">
          
          <texture>flags/flag_frame.png</texture>
        </control>
        <control type="image">
          <include>MediaFlagsVarsWide</include>
          <texture fallback="flags/default.png">$VAR[MediaFlag_VideoCodecPlayer]</texture>
        </control>
      </control>

      
      <control type="group">
        <visible>String.Contains(VideoPlayer.StereoscopicMode,split_) | String.Contains(VideoPlayer.StereoscopicMode,anaglyph_)</visible>
        <width>156</width>
        <height>70</height>
        <control type="image">
         
          <texture>flags/flag_frame.png</texture>

        </control>
        <control type="image">
          <include>MediaFlagsVarsWide</include>
          
          <texture fallback="flags/default.png">flags/VideoCodec/flag3d.png</texture>

          <visible>String.Contains(VideoPlayer.filename,.sbs.) | String.Contains(VideoPlayer.StereoscopicMode,split_horizontal)</visible>
        </control>
        <control type="image">
          <include>MediaFlagsVarsWide</include>
          
          <texture fallback="flags/default.png">flags/VideoCodec/flag3d.png</texture>

          <visible>String.Contains(VideoPlayer.filename,.tab.) | String.Contains(VideoPlayer.StereoscopicMode,split_vertical)</visible>
        </control>
        <control type="image">
          <include>MediaFlagsVarsWide</include>
          <texture fallback="flags/default.png">flags/VideoCodec/flag3d.png</texture>

          <visible>!String.Contains(VideoPlayer.filename,.tab.)+!String.Contains(VideoPlayer.filename,.sbs.)+!String.Contains(VideoPlayer.StereoscopicMode,split_)</visible>
        </control>


      </control>



      
      
      <control type="group">
        <width>156</width>
        <height>70</height>
        <visible>!String.IsEmpty(VideoPlayer.SubtitlesLanguage)</visible>
        <control type="image">
          
          <texture>flags/flag_frame.png</texture>
        </control>

        <control type="image">
          <posx>20</posx>
          <include>MediaFlagsVarsWide</include>
          <texture background="true" >resource://resource.images.languageflags.colour/$INFO[VideoPlayer.SubtitlesLanguage].png</texture>
          <aspectratio aligny="center" scalediffuse="true">scale</aspectratio>
        </control>
        <control type="image">
          <posx>20</posx>
          <include>MediaFlagsVarsWide</include>
          <texture background="true" >flags/cc.png</texture>
          <aspectratio aligny="center" scalediffuse="true">scale</aspectratio>
        </control>

      </control>
      
      <control type="group"> 
        <width>156</width>
        <height>70</height>
        <visible>!String.IsEmpty(VideoPlayer.AudioLanguage)</visible>
        <control type="image">
          
          <texture>flags/flag_frame.png</texture>
        </control>
        <control type="image">
          <posx>18</posx>
          <posy>23</posy>
          <width>60</width>
          <height>30</height>
          <texture background="true" >resource://resource.images.languageflags.colour/$INFO[VideoPlayer.AudioLanguage].png</texture>
          <visible>!String.IsEmpty(VideoPlayer.AudioLanguage)</visible>
          <aspectratio aligny="center">scale</aspectratio>
        </control>

        <control type="group">

          <posx>85</posx>
          <posy>10</posy>
          <width>60</width>
          <height>30</height>
          <control type="image">
            <posx>-7</posx>
            <posy>0</posy>
            <width>57</width>
            <height>30</height>
            <texture>flags/flag_frame.png</texture>
            <colordiffuse>A0FFFFFF</colordiffuse>
            <aspectratio>scale</aspectratio>
          </control>
          <control type="image">
            <posx>0</posx>
            <posy>1</posy>
            <width>50</width>
            <heigth>30</heigth>
            <texture background="true" >$INFO[VideoPlayer.AudioChannels,flags/AudioChannels/,chOverlay.png]</texture>
            <aspectratio>scale</aspectratio>
          </control>
          <control type="image">
            <posx>-7</posx>
            <posy>30</posy>
            <width>57</width>
            <height>28</height>
            <texture>flags/flag_frame.png</texture>
            <colordiffuse>A0FFFFFF</colordiffuse>
            <aspectratio>scale</aspectratio>
          </control>
          <control type="image">
            <posx>-5</posx>
            <posy>30</posy>
            <width>50</width>
            <height>30</height>
            <texture >$VAR[MediaFlag_AudioCodec]</texture>

            <aspectratio>scale</aspectratio>
          </control>
        </control>
      </control>


    </control>
  </include>
  
 
  <include name="Horizlist">
    <width>700</width>
    <height>70</height>
    <align>left</align>
    <itemgap>5</itemgap>
    <orientation>horizontal</orientation>
  </include>

  <include name="MediaInfoGroup2">
    <control type="group">
      <width>1920</width>
      <animation type="Conditional" condition="true">
        <effect type="zoom" center="960,1006" start="100" end="75" time="1"  />
      </animation>
      
      <align>center</align>
      
      
      <include>Animation_CommonFade</include>
     
      <visible>!String.Contains(Container.FolderPath,plugin)</visible>
      <visible>!String.StartsWith(ListItem.Label,..)+[Container.Content(files) |Container.Content(songs)|Container.Content(movies)| Container.Content(tvshows) | Container.Content(episodes) | Container.Content(seasons) |Container.Content(MusicVideos)]</visible>
      <include>VisibleIfNotMovieSet</include>
      
      <control type="group">
        <posy>935</posy>

        <control type="grouplist"> 
          <width>1920</width>
          

          <height>150</height>
          <align>center</align>
          
          <itemgap>0</itemgap>
          <orientation>horizontal</orientation>
          <include>mediaflagline1</include>
        </control>
      </control>
      <control type="group">
        <posy>1007</posy>
        <control type="grouplist"> 

          <height>150</height>
          <align>center</align>
          <itemgap>0</itemgap>
          
          <orientation>horizontal</orientation>
          <include>mediaflagline2</include>
        </control>
      </control>


    </control>






  </include>
 
  
<include name="CadreFlag">
  <control type="image">
    <colordiffuse>BackgroundColor</colordiffuse> 
    <texture>$VAR[CadreFlag]</texture>
  </control>
</include>

<include name="CadreFlagMini">
  <control type="image">
    <colordiffuse>BackgroundColor</colordiffuse>
    <texture>flags/flag_frame3.png</texture>
  </control>
</include>

<include name="mediaflagMini">
    <visible>!Skin.HasSetting(Hide_ExtraMediaFlags)</visible>
    
    <control type="group"> 
      <width>156</width>
      <height>70</height>
      <include>CadreFlagMini</include>
      
      <control type="group">
        <top>4</top>
        <left>23</left>
        <include>chronotoolsV</include>
      </control>
      <visible>!String.IsEmpty(ListItem.Duration)|[Skin.HasSetting(Show_HeureFin)+!String.IsEmpty(Window(10000).Property(DurationTools))]</visible>
      <visible>!Container.Content(seasons)+!Container.Content(tvshows)</visible>
    </control>
    

    <control type="button">
      <visible>!String.IsEmpty(ListItem.Genre)+!Window.IsActive(2003)</visible>
         <width max="600">auto</width>
            <height>70</height>  
            <colordiffuse>BackgroundColor</colordiffuse>                     
            <texturefocus>flags/flag_frame3.png</texturefocus>
            <texturenofocus>flags/flag_frame3.png</texturenofocus>                   
          <align>center</align>
          <aligny>center</aligny>
          <font>debutfin</font>         
          <disabledcolor>TextDisabled</disabledcolor>
          <textoffsetx>25</textoffsetx>
          <textoffsety>5</textoffsety> 
          <label>[COLOR=MediaDetailsInfo]$INFO[ListItem.Genre][/COLOR]</label>
        
        
      </control>
    
 
    <control type="group"> 
      <visible>!String.IsEmpty(ListItem.Year)</visible>
      <width>156</width>
      <height>70</height>
     <include>CadreFlagMini</include>


      <control type="label">
        <width min="25" max="200">auto</width>
        <posx>30</posx>
        <posy>10</posy>
        <height>50</height>
        <aligny>center</aligny>
        <font>impact</font>
        <textcolor>white</textcolor>
        <label>[I]$INFO[ListItem.Year][/I]</label>
      </control>
    </control>

    <control type="group"> 
      <visible>!String.IsEmpty(ListItem.Rating)</visible>
      <width>98</width>
      <height>70</height>
      <include>CadreFlagMini</include>
      <control type="image">
        <top>3</top>
        <include>MediaFlagsVarsSquare</include>
        
        <texture>flags/notation/notefilm.png</texture>
        <aspectratio>stretch</aspectratio>
        <visible>String.IsEqual(ListItem.DBTYPE,movie)|String.IsEqual(ListItem.DBTYPE,set)</visible>
      </control>
      <control type="image">
        <include>MediaFlagsVarsSquare</include>
        
        <texture>flags/notation/notetv.png</texture>
        <aspectratio>stretch</aspectratio>
        <visible>String.IsEqual(ListItem.DBTYPE,tvshow)|String.IsEqual(ListItem.DBTYPE,episode)</visible>
      </control>
      <control type="label">
        <posy>9</posy>
        <include>MediaFlagsVarsSquare</include>
        <align>center</align>
        <aligny>center</aligny>
        <label>$VAR[StarRating]</label>
        <textcolor>blue</textcolor>
        <font>METF_StarRating</font>
        <angle>5</angle>
      </control>


    </control>
     <control type="group"> 
      <visible>!String.IsEmpty(ListItem.UserRating)</visible>
      <width>98</width>
      <height>70</height>
      <include>CadreFlagMini</include>
      
      <control type="image">
        
        <texture>flags/notation/pnote$INFO[ListItem.UserRating].png</texture>
          <aspectratio>keep</aspectratio>
      </control>
     

    </control>

<control type="group"> 
      <visible>Container.Content(tvshows)</visible>
      <width>156</width>
      <height>70</height>
      <include>CadreFlagMini</include>
      <control type="group">
        <visible>!String.IsEmpty(Window(Home).Property(IconMixTvSaisons))</visible>
      
      <control type="label">
        <align>center</align>
        <font>exptext</font>
        <textcolor>MediaDetailsEpisodes</textcolor>
        <label>$LOCALIZE[33054]</label>
      </control>
      <control type="label">
        <top>27</top>
        <left>2</left>
        <height>70</height>
      <align>center</align>
      <font>compteur</font>
      <textcolor>MediaDetailsEpisodes</textcolor>
      <label>$INFO[Window(Home).Property(IconMixTvSaisons)]</label>
      </control>
    </control>
    <control type="group"> 
      <visible>String.IsEmpty(Window(Home).Property(IconMixTvSaisons))+!String.IsEmpty(ListItem.Property(TotalSeasons)) + Container.Content(tvshows)</visible>
      
      <control type="label">
      <aligny>center</aligny>
      <align>center</align>
      <font>exptext</font>
      <textcolor>MediaDetailsEpisodes</textcolor>
      <label>$INFO[ListItem.Property(TotalSeasons),, $LOCALIZE[33054]]</label>
      <visible>Integer.IsGreater(ListItem.Property(TotalSeasons),1)</visible>
    </control>
   
    <control type="label">
      <align>center</align>
      <aligny>center</aligny>
      <font>exptext</font>
      <textcolor>MediaDetailsEpisodes</textcolor>
      <label>$INFO[ListItem.Property(TotalSeasons),, $LOCALIZE[20373]]</label>
      <visible>String.IsEqual(ListItem.Property(TotalSeasons),1)</visible>
    </control>
     

    </control>

    </control>
    <control type="group"> 
      <visible>Container.Content(tvshows)+!String.IsEmpty(ListItem.Property(TotalEpisodes))</visible>
      <width>156</width>
      <height>70</height>
      <include>CadreFlagMini</include>
      <control type="group">
        <visible>!String.IsEmpty(Window(Home).Property(IconMixTvSaisons))</visible>
      
      <control type="label">
        <align>center</align>
        <font>exptext</font>
        <textcolor>MediaDetailsEpisodes</textcolor>
        <label>$LOCALIZE[20360]:</label>
      </control>
      <control type="label">
        <top>27</top>
        <left>2</left>
        <height>70</height>
      <align>center</align>
      <font>compteur</font>
      <textcolor>MediaDetailsEpisodes</textcolor>
      <label>$INFO[ListItem.Property(TotalEpisodes)]</label>
      </control>
    </control>
   

    </control>
    
   
  
    <control type="group"> 
      <width>156</width>
      <height>70</height>
      <visible>!String.IsEmpty(ListItem.Property(SubtitleLanguage.1))</visible>
      <include>CadreFlagMini</include>

      <control type="image">
        <visible>String.IsEmpty(ListItem.Property(SubtitleLanguage.2))</visible>
        <posx>20</posx>
        <include>MediaFlagsVarsWide</include>
        <texture background="true" >resource://resource.images.languageflags.colour/$INFO[ListItem.Property(SubtitleLanguage.1)].png</texture>
        <visible>!String.IsEmpty(ListItem.Property(SubtitleLanguage.1))</visible>
        <aspectratio aligny="center" scalediffuse="true">scale</aspectratio>
      </control>
      <control type="image">
        <visible>String.IsEmpty(ListItem.Property(SubtitleLanguage.2))</visible>
        <posx>20</posx>
        <include>MediaFlagsVarsWide</include>
        <texture background="true" >flags/cc.png</texture>
        <visible>!String.IsEmpty(ListItem.Property(SubtitleLanguage.1))</visible>
        <aspectratio aligny="center" scalediffuse="true">scale</aspectratio>
      </control>
      <control type="group">
        <visible>!String.IsEmpty(ListItem.Property(SubtitleLanguage.2))</visible>
        <control type="image">
          <posx>18</posx>
          <posy>8</posy>
          <width>60</width>
          <height>30</height>
          <texture background="true" >resource://resource.images.languageflags.colour/$INFO[ListItem.Property(SubtitleLanguage.1)].png</texture>
          <visible>!String.IsEmpty(ListItem.Property(SubtitleLanguage.1))</visible>
          <aspectratio aligny="center" scalediffuse="true">scale</aspectratio>
        </control>
        <control type="image">
          <posx>18</posx>
          <posy>8</posy>
          <width>60</width>
          <height>30</height>
          <texture background="true" >flags/cc.png</texture>
          <visible>!String.IsEmpty(ListItem.Property(SubtitleLanguage.1))</visible>
          <aspectratio aligny="center" scalediffuse="true">scale</aspectratio>
        </control>
        <control type="image">
          <posx>82</posx>
          <width>60</width>
          <posy>8</posy>
          <height>30</height>
          <texture background="true" >resource://resource.images.languageflags.colour/$INFO[ListItem.Property(SubtitleLanguage.2)].png</texture>
          <visible>!String.IsEmpty(ListItem.Property(SubtitleLanguage.2))</visible>
          <aspectratio aligny="center" scalediffuse="true">scale</aspectratio>
        </control>
        <control type="image">
          <posx>82</posx>
          <width>60</width>
          <posy>8</posy>
          <height>30</height>
          <texture background="true" >flags/cc.png</texture>
          <visible>!String.IsEmpty(ListItem.Property(SubtitleLanguage.2))</visible>
          <aspectratio aligny="center" scalediffuse="true">scale</aspectratio>
        </control>
        <control type="image">
          <posx>18</posx>
          <posy>36</posy>
          <width>60</width>
          <height>30</height>
          <texture background="true" >resource://resource.images.languageflags.colour/$INFO[ListItem.Property(SubtitleLanguage.3)].png</texture>
          <visible>!String.IsEmpty(ListItem.Property(SubtitleLanguage.3))</visible>
          <aspectratio aligny="center" scalediffuse="true">scale</aspectratio>
        </control>
        <control type="image">
          <posx>18</posx>
          <posy>36</posy>
          <width>60</width>
          <height>30</height>
          <texture background="true" >flags/cc.png</texture>
          <visible>!String.IsEmpty(ListItem.Property(SubtitleLanguage.3))</visible>
          <aspectratio aligny="center" scalediffuse="true">scale</aspectratio>
        </control>
        <control type="image">
          <posx>82</posx>
          <posy>36</posy>
          <width>60</width>
          <height>30</height>
          <texture background="true" >resource://resource.images.languageflags.colour/$INFO[ListItem.Property(SubtitleLanguage.4)].png</texture>
          <visible>!String.IsEmpty(ListItem.Property(SubtitleLanguage.4))</visible>
          <aspectratio aligny="center" scalediffuse="true">scale</aspectratio>
        </control>
        <control type="image">
          <posx>82</posx>
          <posy>36</posy>
          <width>60</width>
          <height>30</height>
          <texture background="true" >flags/cc.png</texture>
          <visible>!String.IsEmpty(ListItem.Property(SubtitleLanguage.4))</visible>
          <aspectratio aligny="center" scalediffuse="true">scale</aspectratio>
        </control>
      </control>

    </control>

    <control type="group"> 
      <width>156</width>
      <height>70</height>
      <visible>!String.IsEmpty(ListItem.Property(AudioLanguage.1)) + String.IsEmpty(ListItem.Property(AudioLanguage.2))</visible>
     <include>CadreFlagMini</include>
      <control type="image">
        <visible>String.IsEmpty(ListItem.Property(AudioLanguage.2))</visible>
        <posx>18</posx>
        <posy>23</posy>
        <width>60</width>
        <height>30</height>
        <texture background="true" >resource://resource.images.languageflags.colour/$INFO[ListItem.Property(AudioLanguage.1)].png</texture>
        <visible>!String.IsEmpty(ListItem.Property(AudioLanguage.1))</visible>
        <aspectratio aligny="center">scale</aspectratio>
      </control>

      <control type="group">

        <posx>85</posx>
        <posy>10</posy>
        <width>60</width>
        <height>30</height>
        
        <control type="image">
          <posx>0</posx>
          <posy>1</posy>
          <width>50</width>
          <heigth>30</heigth>
          <texture background="true" >$INFO[ListItem.Property(AudioChannels.1),flags/AudioChannels/,chOverlay.png]</texture>
          <aspectratio>scale</aspectratio>
        </control>
        
        <control type="image">
          <posx>-5</posx>
          <posy>30</posy>
          <width>50</width>
          <height>30</height>
          <texture >$VAR[MediaFlag_AudioCodec]</texture>

          <aspectratio>scale</aspectratio>
        </control>
      </control>
    </control>

    <control type="group"> 
      <visible>!String.IsEmpty(ListItem.Property(AudioLanguage.1))+!String.IsEmpty(ListItem.Property(AudioLanguage.2))+!String.IsEmpty(ListItem.Property(AudioLanguage.4))</visible>

      <height>70</height>
      <width>332</width>


      <include>CadreFlagMini</include>
      <include>multilangues</include>


    </control>
    <control type="group"> 
      <visible>!String.IsEmpty(ListItem.Property(AudioLanguage.1))+!String.IsEmpty(ListItem.Property(AudioLanguage.2))+!String.IsEmpty(ListItem.Property(AudioLanguage.3))+String.IsEmpty(ListItem.Property(AudioLanguage.4))</visible>


      <width>252</width>
      <height>70</height>



      <include>CadreFlagMini</include>

      <include>multilangues</include>


    </control>
    <control type="group"> 
      <visible>!String.IsEmpty(ListItem.Property(AudioLanguage.1))+!String.IsEmpty(ListItem.Property(AudioLanguage.2))+String.IsEmpty(ListItem.Property(AudioLanguage.4))+String.IsEmpty(ListItem.Property(AudioLanguage.3))</visible>

      <width>172</width>
      <height>70</height>



      <include>CadreFlagMini</include>
      <include>multilangues</include>


    </control>


  
  
   

  </include>




<include name="fond_audio_channels">
  <control type="image">
        <posx>30</posx>
        <posy>10</posy>
<width>25</width>
        <height>21</height>
        <texture>black-back.png</texture>
        <aspectratio >stretch</aspectratio>
        </control>
</include>
<include name="mediaflaglinewidget">
<param name="ContID" default="0" />
<definition>
  
    <visible>!Skin.HasSetting(Hide_ExtraMediaFlags)</visible>
    
    <control type="group"> 
      <visible>!Skin.HasSetting(hideduree)</visible>
      <width>156</width>
      <height>70</height>
      <include>CadreFlag</include>
      <control type="fadelabel">
        <top>4</top>
        <left>9</left>
        <height>70</height>
        <width>136</width>
        <aligny>center</aligny>
        <align>center</align>
        <scrollout>false</scrollout>
        <pauseatend>400</pauseatend>
        <font>debutfin</font>
        <scrollspeed>20</scrollspeed>
        <shadowcolor>FF000000</shadowcolor>
        <label>[COLOR=MediaDetailsInfo]$INFO[Container($PARAM[ContID]).ListItem.Duration,, min][/COLOR]</label>
        <textcolor>white</textcolor>
      </control>
      
      <visible>!String.IsEmpty(Container($PARAM[ContID]).ListItem.Duration)|[Skin.HasSetting(Show_HeureFin)+!String.IsEmpty(Window(10000).Property(DurationTools))]</visible>
      <visible>!Container.Content(seasons)+!Container.Content(tvshows)</visible>
    </control>
    
    <control type="group"> 
      <visible>!String.IsEmpty(Container($PARAM[ContID]).ListItem.Genre)+!Window.IsActive(2003)</visible>
      <visible>!Skin.HasSetting(hidegenre)</visible>
      <width>156</width>
      <height>70</height>
      <left>-5</left>
      <include>CadreFlag</include>
      <control type="fadelabel">
        <top>4</top>
        <left>9</left>
        <height>70</height>
        <width>136</width>
        <aligny>center</aligny>
        <align>center</align>
        <scrollout>false</scrollout>
        <pauseatend>400</pauseatend>
        <font>debutfin</font>
        <scrollspeed>20</scrollspeed>
        <shadowcolor>FF000000</shadowcolor>
        <label>[COLOR=MediaDetailsInfo]$INFO[Container($PARAM[ContID]).ListItem.Genre][/COLOR]</label>
        <textcolor>white</textcolor>
      </control>


    </control>
    
    <control type="group"> 
      <visible>!Skin.HasSetting(hidestudio)+!String.IsEmpty(Container($PARAM[ContID]).ListItem.Studio)</visible>
      <width>156</width>
      <height>70</height>
      <align>center</align>
      
      <include>CadreFlag</include>
      
      <control type="image">
        <top>3</top>
        <aspectratio align="center" aligny="center">keep</aspectratio>
        <texture fallback="flags\default-studio.png">resource://resource.images.studios.white/$INFO[Container($PARAM[ContID]).ListItem.Studio].png</texture>
      </control>
    </control>
    
    <control type="group"> 
      <visible>!Skin.HasSetting(hidestudio)+Container.Content(tvshows)+!String.IsEmpty(Window(Home).Property(IconMixTvNetwork))+String.IsEmpty(Container($PARAM[ContID]).ListItem.Studio)</visible>
      <width>156</width>
      <height>70</height>
      <include>CadreFlag</include>
      <control type="image">
        <top>3</top>
        <aspectratio align="center" aligny="center">keep</aspectratio>
        <texture fallback="flags\default-studio.png">resource://resource.images.studios.white/$INFO[Window(Home).Property(IconMixTvNetwork)].png</texture>
      </control>
     
   

    </control>
    
    <control type="group"> 
      <visible>!Skin.HasSetting(hidestudio)+!String.IsEmpty(Container($PARAM[ContID]).ListItem.Property(Album_Label))</visible>
      <width>156</width>
      <height>70</height>
      <align>center</align>
      
      <include>CadreFlag</include>
      <control type="image">
        <top>3</top>
        <aspectratio align="center" aligny="center">keep</aspectratio>
        <texture>$INFO[MusicPlayer.Property(Container($PARAM[ContID]).ListItem.Property(Album_Label)),resource://resource.images.recordlabels.white/,.png]</texture>

      </control>
    </control>
    
    
    
    
    <control type="group"> 
      
      <visible>!Skin.HasSetting(hideannee)</visible>
      <visible>!String.IsEmpty(Container($PARAM[ContID]).ListItem.Year)</visible>
      <width>156</width>
      <height>70</height>
     <include>CadreFlag</include>


      <control type="label">
        <width min="25" max="200">auto</width>
        <posx>30</posx>
        <posy>10</posy>
        <height>50</height>
        <aligny>center</aligny>
        <font>impact</font>
        <textcolor>white</textcolor>
        <label>[I]$INFO[Container($PARAM[ContID]).ListItem.Year][/I]</label>
      </control>
    </control>
    
    
     <control type="group"> 
      <visible>!String.IsEmpty(Container($PARAM[ContID]).ListItem.UserRating)</visible>
      <visible>!Skin.HasSetting(hidenotation)</visible>
      <width>98</width>
      <height>70</height>
      <include>CadreFlag</include>
      
      <control type="image">
        <texture>flags/notation/pnote$INFO[Container($PARAM[ContID]).ListItem.UserRating].png</texture>
          <aspectratio>keep</aspectratio>
      </control>
     

    </control>

   


    
    <control type="group">
      <visible>String.Contains(Container($PARAM[ContID]).ListItem.StereoscopicMode,split_) | String.Contains(Container($PARAM[ContID]).ListItem.StereoscopicMode,anaglyph_)|String.Contains(Container($PARAM[ContID]).ListItem.filename,.3D.)</visible>
      <width>156</width>
      <height>70</height>
      <include>CadreFlag</include>
      <control type="image">
        <include>MediaFlagsVarsWide</include>
        <texture fallback="flags/default.png">flags/VideoCodec/flag3d.png</texture>
        <visible>String.Contains(Container($PARAM[ContID]).ListItem.filename,.sbs.) | String.Contains(Container($PARAM[ContID]).ListItem.StereoscopicMode,split_horizontal)</visible>
      </control>
      <control type="image">
        <include>MediaFlagsVarsWide</include>
        <texture fallback="flags/default.png">flags/VideoCodec/flag3d.png</texture>
        <visible>String.Contains(Container($PARAM[ContID]).ListItem.filename,.tab.) | String.Contains(Container($PARAM[ContID]).ListItem.StereoscopicMode,split_vertical)</visible>
      </control>
      <control type="image">
        <include>MediaFlagsVarsWide</include>
        <texture fallback="flags/default.png">flags/VideoCodec/flag3d.png</texture>

        <visible>!String.Contains(Container($PARAM[ContID]).ListItem.filename,.tab.)+!String.Contains(Container($PARAM[ContID]).ListItem.filename,.sbs.)+!String.Contains(Container($PARAM[ContID]).ListItem.StereoscopicMode,split_)</visible>
      </control>

    </control>

   

    
    <control type="group"> 
      <visible>!Skin.HasSetting(hidelangues)</visible>
      <width>156</width>
      <height>70</height>
      <visible>!String.IsEmpty(Container($PARAM[ContID]).ListItem.Property(AudioLanguage.1))</visible>
     <include>CadreFlag</include>
      <control type="image">
        <posx>18</posx>
        <posy>23</posy>
        <width>60</width>
        <height>30</height>
        <texture background="true" >resource://resource.images.languageflags.colour/$INFO[Container($PARAM[ContID]).ListItem.Property(AudioLanguage.1)].png</texture>
        <visible>!String.IsEmpty(Container($PARAM[ContID]).ListItem.Property(AudioLanguage.1))</visible>
        <aspectratio aligny="center">scale</aspectratio>
      </control>

      <control type="group">

        <posx>85</posx>
        <posy>10</posy>
        <width>60</width>
        <height>30</height>
        
        <control type="image">
          <posx>0</posx>
          <posy>1</posy>
          <width>50</width>
          <heigth>30</heigth>
          <texture background="true" >$INFO[Container($PARAM[ContID]).ListItem.Property(AudioChannels.1),flags/AudioChannels/,chOverlay.png]</texture>
          <aspectratio>scale</aspectratio>
        </control>
        
        <control type="image">
          <posx>-5</posx>
          <posy>30</posy>
          <width>50</width>
          <height>30</height>
          <texture >$INFO[Container($PARAM[ContID]).ListItem.AudioCodec,flags/AudioCodec/,.png]</texture>

          <aspectratio>scale</aspectratio>
        </control>
      </control>
    </control>


    <control type="group"> 
      <visible>!Skin.HasSetting(hidesoustitres)</visible>
      <width>156</width>
      <height>70</height>
      <visible>!String.IsEmpty(Container($PARAM[ContID]).ListItem.Property(SubtitleLanguage.1))</visible>
      <include>CadreFlag</include>

      <control type="image">
        <visible>String.IsEmpty(Container($PARAM[ContID]).ListItem.Property(SubtitleLanguage.2))</visible>
        <posx>20</posx>
        <include>MediaFlagsVarsWide</include>
        <texture background="true" >resource://resource.images.languageflags.colour/$INFO[Container($PARAM[ContID]).ListItem.Property(SubtitleLanguage.1)].png</texture>
        <visible>!String.IsEmpty(Container($PARAM[ContID]).ListItem.Property(SubtitleLanguage.1))</visible>
        <aspectratio aligny="center" scalediffuse="true">scale</aspectratio>
      </control>
      <control type="image">
        <visible>String.IsEmpty(Container($PARAM[ContID]).ListItem.Property(SubtitleLanguage.2))</visible>
        <posx>20</posx>
        <include>MediaFlagsVarsWide</include>
        <texture background="true" >flags/cc.png</texture>
        <visible>!String.IsEmpty(Container($PARAM[ContID]).ListItem.Property(SubtitleLanguage.1))</visible>
        <aspectratio aligny="center" scalediffuse="true">scale</aspectratio>
      </control>
      <control type="group">
        <visible>!String.IsEmpty(Container($PARAM[ContID]).ListItem.Property(SubtitleLanguage.2))</visible>
        <control type="image">
          <posx>18</posx>
          <posy>8</posy>
          <width>60</width>
          <height>30</height>
          <texture background="true" >resource://resource.images.languageflags.colour/$INFO[Container($PARAM[ContID]).ListItem.Property(SubtitleLanguage.1)].png</texture>
          <visible>!String.IsEmpty(Container($PARAM[ContID]).ListItem.Property(SubtitleLanguage.1))</visible>
          <aspectratio aligny="center" scalediffuse="true">scale</aspectratio>
        </control>
        <control type="image">
          <posx>18</posx>
          <posy>8</posy>
          <width>60</width>
          <height>30</height>
          <texture background="true" >flags/cc.png</texture>
          <visible>!String.IsEmpty(Container($PARAM[ContID]).ListItem.Property(SubtitleLanguage.1))</visible>
          <aspectratio aligny="center" scalediffuse="true">scale</aspectratio>
        </control>
        <control type="image">
          <posx>82</posx>
          <width>60</width>
          <posy>8</posy>
          <height>30</height>
          <texture background="true" >resource://resource.images.languageflags.colour/$INFO[Container($PARAM[ContID]).ListItem.Property(SubtitleLanguage.2)].png</texture>
          <visible>!String.IsEmpty(Container($PARAM[ContID]).ListItem.Property(SubtitleLanguage.2))</visible>
          <aspectratio aligny="center" scalediffuse="true">scale</aspectratio>
        </control>
        <control type="image">
          <posx>82</posx>
          <width>60</width>
          <posy>8</posy>
          <height>30</height>
          <texture background="true" >flags/cc.png</texture>
          <visible>!String.IsEmpty(Container($PARAM[ContID]).ListItem.Property(SubtitleLanguage.2))</visible>
          <aspectratio aligny="center" scalediffuse="true">scale</aspectratio>
        </control>
        <control type="image">
          <posx>18</posx>
          <posy>36</posy>
          <width>60</width>
          <height>30</height>
          <texture background="true" >resource://resource.images.languageflags.colour/$INFO[Container($PARAM[ContID]).ListItem.Property(SubtitleLanguage.3)].png</texture>
          <visible>!String.IsEmpty(Container($PARAM[ContID]).ListItem.Property(SubtitleLanguage.3))</visible>
          <aspectratio aligny="center" scalediffuse="true">scale</aspectratio>
        </control>
        <control type="image">
          <posx>18</posx>
          <posy>36</posy>
          <width>60</width>
          <height>30</height>
          <texture background="true" >flags/cc.png</texture>
          <visible>!String.IsEmpty(Container($PARAM[ContID]).ListItem.Property(SubtitleLanguage.3))</visible>
          <aspectratio aligny="center" scalediffuse="true">scale</aspectratio>
        </control>
        <control type="image">
          <posx>82</posx>
          <posy>36</posy>
          <width>60</width>
          <height>30</height>
          <texture background="true" >resource://resource.images.languageflags.colour/$INFO[Container($PARAM[ContID]).ListItem.Property(SubtitleLanguage.4)].png</texture>
          <visible>!String.IsEmpty(Container($PARAM[ContID]).ListItem.Property(SubtitleLanguage.4))</visible>
          <aspectratio aligny="center" scalediffuse="true">scale</aspectratio>
        </control>
        <control type="image">
          <posx>82</posx>
          <posy>36</posy>
          <width>60</width>
          <height>30</height>
          <texture background="true" >flags/cc.png</texture>
          <visible>!String.IsEmpty(Container($PARAM[ContID]).ListItem.Property(SubtitleLanguage.4))</visible>
          <aspectratio aligny="center" scalediffuse="true">scale</aspectratio>
        </control>
      </control>

    </control>
    
    <control type="group"> 
      <visible>!Skin.HasSetting(hidelangues)+!String.IsEmpty(Container($PARAM[ContID]).ListItem.FileExtension)+String.IsEqual(Container($PARAM[ContID]).ListItem.DBTYPE,song)</visible>
      <width>156</width>
      <height>70</height>
      <align>center</align>
      
      <include>CadreFlag</include>
      <control type="image">
        <top>3</top>
        <aspectratio align="center" aligny="center">keep</aspectratio>
        <texture>$INFO[Container($PARAM[ContID]).ListItem.FileExtension,flags/audiocodec/,.png]</texture>

      </control>
    </control> 

   </definition>

  </include> 
  <include name="mediaflaglinesettings1">
    <visible>!Skin.HasSetting(Hide_ExtraMediaFlags)</visible>
    <control type="group"> 
      <visible>!Skin.HasSetting(hideduree)</visible>
      <width>156</width>
      <height>70</height>
      <control type="image">
        <texture>settings/chronoset.png</texture>
      </control>

    </control>

    <control type="group"> 
      <visible>!Skin.HasSetting(hidegenre)</visible>
      <width>156</width>
      <height>70</height>
      <left>-5</left>
      <control type="image">
        <texture>flags/flag_frame.png</texture>

      </control>
      <control type="fadelabel">
        <top>4</top>
        <left>9</left>
        <height>70</height>
        <width>136</width>
        <aligny>center</aligny>
        <align>center</align>
        <scrollout>false</scrollout>
        <pauseatend>400</pauseatend>
        <font>debutfin</font>
        <scrollspeed>20</scrollspeed>
        <shadowcolor>FF000000</shadowcolor>
        <label>[COLOR=MediaDetailsInfo]Drame / Histoire / Science-Fiction[/COLOR]</label>
        <textcolor>white</textcolor>
      </control>

    </control>

    <control type="group"> 
      <visible>!Skin.HasSetting(hidestudio)+!String.IsEmpty(ListItem.Studio)</visible>
      <width>156</width>
      <height>70</height>
      <align>center</align>
      
      <control type="image">
        <texture>flags/flag_frame.png</texture>
      </control>
      <control type="image">
        <top>3</top>
        <aspectratio align="center" aligny="center">keep</aspectratio>
        <texture>flags\default-studio.png</texture>
      </control>
    </control>
     <control type="group"> 
      <visible>!Skin.HasSetting(hiderealisateur)</visible>
      <include>FlagRealisateur</include>
      </control>
    <control type="group"> 
      <visible>!Skin.HasSetting(hideannee)</visible>
      <width>156</width>
      <height>70</height>
      <control type="image">


        <texture>flags/flag_frame.png</texture>
      </control>


      <control type="label">
        <width min="25" max="200">auto</width>
        <posx>30</posx>
        <posy>10</posy>
        <height>50</height>
        <aligny>center</aligny>
        <font>chicken</font>
        <textcolor>white</textcolor>
        <label>[I]2017[/I]</label>
      </control>
    </control>

    <control type="group"> 
      <visible>!Skin.HasSetting(hidenotation)</visible>
      <width>107</width>
      <height>70</height>
      <control type="image">
        <posx>2</posx>
        <width>98</width>
        <height>70</height>
        <texture>flags/flag_frame.png</texture>

        <aspectratio>stretch</aspectratio>
      </control>
      <control type="image">
        <top>3</top>
        <include>MediaFlagsVarsSquare</include>
        
        <texture>flags/notation/notefilm.png</texture>
        <aspectratio>stretch</aspectratio>
      </control>
      <control type="label">
        <posy>9</posy>
        <include>MediaFlagsVarsSquare</include>
        <align>center</align>
        <aligny>center</aligny>
        <label>8.9</label>
        <textcolor>blue</textcolor>
        <font>METF_StarRating</font>
        <angle>5</angle>
      </control>


    </control>
     <control type="group"> 
      <visible>!Skin.HasSetting(hidenotation)</visible>
      <width>98</width>
      <height>70</height>
      <include>CadreFlag</include>
      
      <control type="image">
        
        <texture>flags/notation/pnote10.png</texture>
          <aspectratio>keep</aspectratio>
      </control>
     

    </control>

    <control type="group"> 
      <width>80</width>
      <height>70</height>
      <control type="image">

        <texture>flags/flag_frame.png</texture>
      </control>

      <visible>!Skin.HasSetting(hidempaa)</visible>
      <control type="image">
        <posx>10</posx>
        <posy>5</posy>
        <width>60</width>
        <height>60</height>
        <aspectratio>keep</aspectratio>
        <texture>flags\Rating\Moins16.png</texture>

      </control>

    </control>

    <control type="group"> 
      <visible>!Skin.HasSetting(hidesource)</visible>
      <width>156</width>
      <height>70</height>
      <control type="image">


        <texture>flags/flag_frame.png</texture>
      </control>
      <control type="image">
        <include>MediaFlagsVarsWide</include>
        <texture>flags\Source\bluray.png</texture>

      </control>


    </control>

    
    <control type="group">
      <visible>!Skin.HasSetting(hide3d)</visible>
      <width>156</width>
      <height>70</height>
      <control type="image">
        <width>156</width>
        <height>70</height>
        <texture>flags/flag_frame.png</texture>

      </control>
      <control type="image">
        <include>MediaFlagsVarsWide</include>
        
        <texture>flags\VideoCodec\flag3DSBS.png</texture>

      </control>

    </control>
    
    <control type="group"> 

      <visible>!Skin.HasSetting(hideitemcountry)</visible>
      <width>136</width>
      <height>70</height>
      <control type="image">
        <texture>flags/flag_frame.png</texture>

      </control>
      <control type="image">
        <top>4</top>
        <left>23</left>
        <width>90</width>
        <height>60</height>
        
        <texture background="true"  >$VAR[flagpath]France$VAR[flagpathext]</texture>


        <aspectratio aligny="center">scale</aspectratio>
      </control>


    </control>

    <control type="group"> 

      <visible>!Skin.HasSetting(hidecodecvideo)</visible>
      <width>156</width>
      <height>70</height>
      <control type="image">
        <texture>flags/flag_frame.png</texture>

      </control>
      <control type="image">
        <include>MediaFlagsVarsWide</include>
        <texture>flags\VideoCodec\h.264.png</texture>

      </control>


    </control>

    <control type="group"> 
      <visible>!Skin.HasSetting(hideresolution)</visible>
      <width>156</width>
      <height>70</height>
      <control type="image">

        <texture>flags/flag_frame.png</texture>

      </control>
      <control type="image">
        <include>MediaFlagsVarsWide</include>
        <texture>flags\VideoResolution\1080.png</texture>

      </control>


    </control>


    <control type="group">
      <visible>!Skin.HasSetting(hideaspect)</visible>
      <width>156</width>
      <height>70</height>
      <control type="image">
        <texture>flags/flag_frame.png</texture>

      </control>
      <control type="image">
        <include>MediaFlagsVarsWide</include>
        <texture>flags\VideoAspect\2.35.png</texture>

      </control>


    </control>

    <control type="group"> 
      <visible>!Skin.HasSetting(hidesoustitres)</visible>
      <width>156</width>
      <height>70</height>
      <control type="image">
        <texture>flags/flag_frame.png</texture>

      </control>

      <control type="image">
        <include>MediaFlagsVarsWide</include>
        <texture background="true" >settings\subsettings.png</texture>
        <aspectratio aligny="center" scalediffuse="true">scale</aspectratio>
      </control>


    </control>

    <control type="group"> 
      <visible>!Skin.HasSetting(hidelangues)</visible>
      <width>156</width>
      <height>70</height>
      <control type="image">
        <texture>flags/flag_frame.png</texture>

      </control>
      <control type="image">
        <posx>2</posx>
        <texture>settings\audiosettings.png</texture>
      </control>

    </control>



  </include>

  <include name="mediaflaglinesettings2">
    <visible>!Skin.HasSetting(Hide_ExtraMediaFlags)</visible>
    <control type="group"> 
      <visible>!Skin.HasSetting(hideduree2)</visible>
      <width>156</width>
      <height>70</height>
      <control type="image">
        <texture>settings/chronoset.png</texture>
      </control>

    </control>

    <control type="group"> 
      <visible>!Skin.HasSetting(hidegenre2)</visible>
      <width>156</width>
      <height>70</height>
      <left>-5</left>
      <control type="image">
        <texture>flags/flag_frame.png</texture>

      </control>
      <control type="fadelabel">
        <top>4</top>
        <left>9</left>
        <height>70</height>
        <width>136</width>
        <aligny>center</aligny>
        <align>center</align>
        <scrollout>false</scrollout>
        <pauseatend>400</pauseatend>
        <font>debutfin</font>
        <scrollspeed>20</scrollspeed>
        <shadowcolor>FF000000</shadowcolor>
        <label>[COLOR=MediaDetailsInfo]Drame / Histoire / Science-Fiction[/COLOR]</label>
        <textcolor>white</textcolor>
      </control>

    </control>

    <control type="group"> 
      <visible>!Skin.HasSetting(hidestudio2)+!String.IsEmpty(ListItem.Studio)</visible>
      <width>156</width>
      <height>70</height>
      <align>center</align>
      
      <control type="image">


        <texture>flags/flag_frame.png</texture>
      </control>
      <control type="image">
        <top>3</top>
        <aspectratio align="center" aligny="center">keep</aspectratio>
        <texture>flags\default-studio.png</texture>


      </control>
    </control>
    
      <control type="group"> 
      <visible>!Skin.HasSetting(hiderealisateur2)</visible>
      <include>FlagRealisateur</include>
        
        
      </control>
    <control type="group"> 
      <visible>!Skin.HasSetting(hideannee2)</visible>
      <width>156</width>
      <height>70</height>
      <control type="image">


        <texture>flags/flag_frame.png</texture>
      </control>


      <control type="label">
        <width min="25" max="200">auto</width>
        <posx>30</posx>
        <posy>10</posy>
        <height>50</height>
        <aligny>center</aligny>
        <font>chicken</font>
        <textcolor>white</textcolor>
        <label>[I]2017[/I]</label>
      </control>
    </control>

    <control type="group"> 
      <visible>!Skin.HasSetting(hidenotation2)</visible>
      <width>107</width>
      <height>70</height>
      <control type="image">
        <posx>2</posx>
        <width>98</width>
        <height>70</height>
        <texture>flags/flag_frame.png</texture>
        <aspectratio>stretch</aspectratio>
      </control>
      <control type="image">
        <top>3</top>
        <include>MediaFlagsVarsSquare</include>
        
        <texture>flags/notation/notefilm.png</texture>
        <aspectratio>stretch</aspectratio>
      </control>
      <control type="label">
        <posy>9</posy>
        <include>MediaFlagsVarsSquare</include>
        <align>center</align>
        <aligny>center</aligny>
        <label>8.9</label>
        <textcolor>blue</textcolor>
        <font>METF_StarRating</font>
        <angle>5</angle>
      </control>


    </control>
      <control type="group"> 
      <visible>!Skin.HasSetting(hidenotation2)</visible>
      <width>98</width>
      <height>70</height>
     <include>CadreFlag</include>
      
      <control type="image">
        
        <texture>flags/notation/pnote10.png</texture>
          <aspectratio>keep</aspectratio>
      </control>
     

    </control>

    <control type="group"> 
      <width>80</width>
      <height>70</height>
      <visible>!Skin.HasSetting(hidempaa2)</visible>
      <control type="image">

        <texture>flags/flag_frame.png</texture>
      </control>
      <control type="image">
        <posx>10</posx>
        <posy>5</posy>
        <width>60</width>
        <height>60</height>
        <aspectratio>keep</aspectratio>
        <texture>flags\Rating\Moins16.png</texture>

      </control>


    </control>

    <control type="group"> 
      <visible>!Skin.HasSetting(hidesource2)</visible>
      <width>156</width>
      <height>70</height>
      <control type="image">


        <texture>flags/flag_frame.png</texture>
      </control>
      <control type="image">
        <include>MediaFlagsVarsWide</include>
        <texture>flags\Source\bluray.png</texture>

      </control>


    </control>

    
    <control type="group">
      <visible>!Skin.HasSetting(hide3d2)</visible>
      <width>156</width>
      <height>70</height>
      <control type="image">
        <width>156</width>
        <height>70</height>
        <texture>flags/flag_frame.png</texture>

      </control>
      <control type="image">
        <include>MediaFlagsVarsWide</include>
        
        <texture>flags\VideoCodec\flag3DSBS.png</texture>

      </control>

    </control>

    

    <control type="group"> 

      <visible>!Skin.HasSetting(hideitemcountry2)</visible>
      <width>136</width>
      <height>70</height>
      <control type="image">
        <texture>flags/flag_frame.png</texture>

      </control>
      <control type="image">
        <top>4</top>
        <left>23</left>
        <width>90</width>
        <height>60</height>
       <texture background="true"  >$VAR[flagpath]France$VAR[flagpathext]</texture>

        <aspectratio aligny="center">scale</aspectratio>
      </control>


    </control>

    <control type="group"> 

      <visible>!Skin.HasSetting(hidecodecvideo2)</visible>
      <width>156</width>
      <height>70</height>
      <control type="image">
        <texture>flags/flag_frame.png</texture>

      </control>
      <control type="image">
        <include>MediaFlagsVarsWide</include>
        <texture>flags\VideoCodec\h.264.png</texture>

      </control>


    </control>

    <control type="group"> 
      <visible>!Skin.HasSetting(hideresolution2)</visible>
      <width>156</width>
      <height>70</height>
      <control type="image">

        <texture>flags/flag_frame.png</texture>

      </control>
      <control type="image">
        <include>MediaFlagsVarsWide</include>
        <texture>flags\VideoResolution\1080.png</texture>

      </control>


    </control>


    <control type="group">
      <visible>!Skin.HasSetting(hideaspect2)</visible>
      <width>156</width>
      <height>70</height>
      <control type="image">
        <texture>flags/flag_frame.png</texture>

      </control>

      <control type="image">
        <include>MediaFlagsVarsWide</include>
        <texture>flags\VideoAspect\2.35.png</texture>

      </control>

    </control>

    <control type="group"> 
      <visible>!Skin.HasSetting(hidesoustitres2)</visible>
      <width>156</width>
      <height>70</height>
      <control type="image">
        <texture>flags/flag_frame.png</texture>

      </control>
      <control type="image">
        <include>MediaFlagsVarsWide</include>
        <texture background="true" >settings\subsettings.png</texture>
        <aspectratio aligny="center" scalediffuse="true">scale</aspectratio>
      </control>



    </control>

    <control type="group"> 
      <visible>!Skin.HasSetting(hidelangues2)</visible>
      <width>156</width>
      <height>70</height>
      <control type="image">
        <texture>flags/flag_frame.png</texture>

      </control>

      <control type="image">
        <posx>2</posx>
        <texture>settings\audiosettings.png</texture>
      </control>

    </control>


  </include>
  
  <include name="MediaInfoMusicPlayer">
    <control type="grouplist">
      <posx>5</posx>
      <posy>675</posy>
      <orientation>horizontal</orientation>
      <width>400</width>
      <height>40</height>
      <control type="group">
        <width>77</width>
        <height>40</height>
        <control type="image">
          <colordiffuse>MediaFlagBoxDiffuse</colordiffuse>
          <texture>flags/flag_frame.png</texture>
        </control>
        <control type="image">
          <description>Codec</description>
          <left>5</left>
          <top>5</top>
          <width>67</width>  
          <height>30</height>
          <aspectratio>keep</aspectratio>
          <texture>$INFO[MusicPlayer.Codec,flags/AudioCodec/,.png]</texture>
        </control>
      </control>
      <control type="group">
        <width>77</width>
        <height>40</height>
        <control type="image">
          <colordiffuse>MediaFlagBoxDiffuse</colordiffuse>
          <texture>flags/flag_frame.png</texture>
        </control>
        <control type="image">
          <description>Codec</description>
          <left>5</left>
          <top>5</top>
          <width>67</width>  
          <height>30</height>
          <aspectratio>keep</aspectratio>
          <texture fallback="flags/AudioChannels/DefaultChannels.png">$INFO[MusicPlayer.Channels,flags/AudioChannels/,ch.png]</texture>
        </control>
      </control>
      <control type="group">
        <visible>!String.IsEmpty(MusicPlayer.Property(Album_Label))</visible>
        <width>77</width>
        <height>40</height>
        <control type="image">
          <colordiffuse>MediaFlagBoxDiffuse</colordiffuse>
          <texture>flags/flag_frame.png</texture>
        </control>
        <control type="image">
          <description>Codec</description>
          <left>5</left>
          <top>5</top>
          <width>67</width>  
          <height>30</height>
          <aspectratio>keep</aspectratio>
          <texture>$INFO[MusicPlayer.Property(Album_Label),resource://resource.images.recordlabels.white/,.png]</texture>
        </control>
      </control>
      <control type="group">
        <visible>Integer.Greater(Player.Rating,0)</visible>
        <width>77</width>
        <height>40</height>
        <control type="image">
          <colordiffuse>MediaFlagBoxDiffuse</colordiffuse>
          <texture>flags/flag_frame.png</texture>
        </control>
        <control type="image">
          <description>Codec</description>
          <left>5</left>
          <top>5</top>
          <width>67</width>  
          <height>30</height>
          <aspectratio>keep</aspectratio>
          <texture>flags/LeftRating/rating$INFO[Player.Rating].png</texture>
        </control>
      </control>
    </control>
  </include>

</includes>