<?xml version="1.0" encoding="UTF-8"?>
<window id="0">
    <defaultcontrol always="true">9000</defaultcontrol>
    <onload condition="!Skin.HasSetting(MenuIcon)+!Skin.HasSetting(MenuTexte)+!Skin.HasSetting(MenuTexteVertical)+!Skin.HasSetting(MenuIconVertical)+!Skin.HasSetting(MenuIconBobine)">Skin.ToggleSetting(MenuIcon)</onload> <!-- default to Icon menu -->
    <onload condition="Skin.HasSetting(MenuIcon)+Skin.HasSetting(MenuTexte)">Skin.ToggleSetting(MenuTexte)</onload> <!-- default to Icon menu -->
    <onload condition="Skin.HasSetting(MenuIcon)+Skin.HasSetting(MenuTexteVertical)">Skin.ToggleSetting(MenuTexteVertical)</onload> <!-- default to Icon menu -->
    <onload condition="Skin.HasSetting(MenuIcon)+Skin.HasSetting(MenuIconBobine)">Skin.ToggleSetting(MenuIconBobine)</onload> <!-- default to Icon menu -->
    <onload condition="Skin.HasSetting(MenuIcon)+Skin.HasSetting(MenuIconVertical)">Skin.ToggleSetting(MenuIconVertical)</onload> <!-- default to Icon menu -->
    <onload condition="!Skin.HasSetting(hideduree)+!Skin.HasSetting(hideduree2)">Skin.ToggleSetting(hideduree2)</onload>
    <onload condition="!Skin.HasSetting(hidegenre)+!Skin.HasSetting(hidegenre2)">Skin.ToggleSetting(hidegenre2)</onload>
    <onload condition="!Skin.HasSetting(hidestudio)+!Skin.HasSetting(hidestudio2)">Skin.ToggleSetting(hidestudio2)</onload>
    <onload condition="!Skin.HasSetting(hideannee)+!Skin.HasSetting(hideannee2)">Skin.ToggleSetting(hideannee2)</onload>
    <onload condition="!Skin.HasSetting(hidenotation)+!Skin.HasSetting(hidenotation2)">Skin.ToggleSetting(hidenotation2)</onload>
    <onload condition="!Skin.HasSetting(hidempaa)+!Skin.HasSetting(hidempaa2)">Skin.ToggleSetting(hidempaa2)</onload>
    <onload condition="!Skin.HasSetting(hidesource)+!Skin.HasSetting(hidesource2)">Skin.ToggleSetting(hidesource2)</onload>
    <onload condition="!Skin.HasSetting(hide3d)+!Skin.HasSetting(hide3d2)">Skin.ToggleSetting(hide3d2)</onload>
    <onload condition="!Skin.HasSetting(hideitemcountry)+!Skin.HasSetting(hideitemcountry2)">Skin.ToggleSetting(hideitemcountry)</onload>
    <onload condition="!Skin.HasSetting(hidecodecvideo)+!Skin.HasSetting(hidecodecvideo2)">Skin.ToggleSetting(hidecodecvideo)</onload>
    <onload condition="!Skin.HasSetting(hideresolution)+!Skin.HasSetting(hideresolution2)">Skin.ToggleSetting(hideresolution)</onload>
    <onload condition="!Skin.HasSetting(hideaspect)+!Skin.HasSetting(hideaspect2)">Skin.ToggleSetting(hideaspect)</onload>
    <onload condition="!Skin.HasSetting(hidesoustitres)+!Skin.HasSetting(hidesoustitres2)">Skin.ToggleSetting(hidesoustitres)</onload>
    <onload condition="!Skin.HasSetting(hidelangues)+!Skin.HasSetting(hidelangues2)">Skin.ToggleSetting(hidelangues)</onload>
    <onload>RunScript(script.skinshortcuts,type=buildxml&amp;mainmenuID=9000&amp;levels=2)</onload>
    <!--<onload>RunScript(script.tv.show.next.aired,backend=True)</onload>
    <onload condition="String.IsEmpty(Window(Home).property(iconmixtoolsbackend))">RunScript(script.iconmixtools,backend=True)</onload>
    -->
    <onload>ClearProperty(Actorbiographie,Home)</onload>
    <onload>ClearProperty(Actornaissance,Home)</onload>
    <onload>ClearProperty(Actordeces,Home)</onload>
    <onload>ClearProperty(Actorlieunaissance,Home)</onload>
    <onload>ClearProperty(ActorAge,Home)</onload>
    <onload>ClearProperty(ActorNomReel,Home)</onload>
    <onload>ClearProperty(IconmixDialogContext,Home)</onload>
    <onload>ClearProperty(IconmixFlagPanelEpisode,Home)</onload>
    <onunload>ClearProperty(IconmixDialogContext,Home)</onunload>

    <controls>

        <control type="group">
          <control type="image">
            <width>1920</width>
              <height>1080</height>
              <texture>frames/fonddiffuseinv.png</texture>
              <visible>!String.IsEmpty(Window(Home).Property(WidgetActifFanart))</visible>
          </control>
            <include>GlobalBackground</include>
            <control type="group">
                <include>HomeDeck</include>
                <animation type="Conditional" condition="[Player.HasAudio + System.IdleTime(8)]" reversible="false">
                    <effect type="slide" start="0" end="600,0" center="auto" time="500" />
                    <effect type="fade" start="100" end="50"  time="500" />
                </animation>

            </control>
            <visible>!Window.IsVisible(movieinformation)+!Window.IsVisible(musicinformation)+!Window.IsVisible(songinformation)</visible>
            <include condition="Skin.HasSetting(MenuIcon)|[!Skin.HasSetting(MenuIcon)+!Skin.HasSetting(MenuIconBobine)+!Skin.HasSetting(MenuTexte)+!Skin.HasSetting(MenuTexteVertical)+!Skin.HasSetting(MenuIconVertical)]">Home2_Icons</include>
            <include condition="Skin.HasSetting(MenuIconBobine)">Home2_IconsBobine</include>
            <include condition="Skin.HasSetting(MenuIconVertical)">Home2_IconsVertical</include>
            <include condition="Skin.HasSetting(MenuTexte)">Home2_Texte</include>
            <include condition="Skin.HasSetting(MenuTexteVertical)">Home2_TexteVertical</include>

            <include>Global_ContextFilter</include>
            <include>Global_MediaOverlay</include>
            

        </control>
        <!-- TELEX DEBUG --
        <control type="label">
        <width max="1800">auto</width>
        <height>100</height>
        <left>40</left>
        <top>90</top>
        <label>$VAR[backgroundVar][CR]$INFO[Window(Home).Property(WidgetActifFanart)]</label>
        <font>exptextacteurs</font>
        <textcolor>FFFFFFFF</textcolor>
        <shadowcolor>FF7F7F7F</shadowcolor>
        
        </control>
        -->
        <control type="rss">
            <description>RSS Feed</description>
            <posx>0</posx>
            <posy>1050</posy>
            <animation effect="slide" end="0,-1058" condition="Skin.HasSetting(RssTop)">Conditional</animation>
            <width>1920</width>
            <height>20</height>
            <font>impactsongs</font>
            <urlset>1</urlset>
            <titlecolor>RSSTitle</titlecolor>
            <headlinecolor>yellow</headlinecolor>
            <textcolor>RSSText</textcolor>
            <include>Animation_OpenCloseFade</include>
            

            <visible>system.getbool(lookandfeel.enablerssfeeds)</visible>
        </control>
        <control type="image">
            <include>Animation_FadeFond</include>
            <posx>0</posx>
            <posy>0</posy>
            <width>1920</width>
            <height>1080</height>
            <texture>background.png</texture>
        </control>
       
			-->
    </controls>
</window>
